ID,定例会,URL,HTMLバイト,本文の文字数,賛否,○,×,表(タブ)行数,取得日時
D01,令和4年9月定例会,https://www.city.takasago.lg.jp/soshikikarasagasu/gikaijimukyoku/takasagoshigikai/2/reiwa4/8294.html,129236,15900,1,0,0,1,2026-10-05T02:19:22Z
D02,令和4年12月定例会,https://www.city.takasago.lg.jp/soshikikarasagasu/gikaijimukyoku/takasagoshigikai/2/reiwa4/8522.html,140746,20806,1,0,0,0,2026-10-05T02:19:28Z
D03,令和5年3月定例会,https://www.city.takasago.lg.jp/soshikikarasagasu/gikaijimukyoku/takasagoshigikai/2/reiwa5/9012.html,177471,29794,1,0,0,3,2026-10-05T02:19:35Z
D04,令和5年6月定例会,https://www.city.takasago.lg.jp/soshikikarasagasu/gikaijimukyoku/takasagoshigikai/2/reiwa5/9303.html,135888,19119,1,0,0,23,2026-10-05T02:19:41Z
D05,令和5年9月定例会,https://www.city.takasago.lg.jp/soshikikarasagasu/gikaijimukyoku/takasagoshigikai/2/reiwa5/9646.html,145082,19870,1,0,1,1,2026-10-05T02:19:48Z
D06,令和5年12月定例会,https://www.city.takasago.lg.jp/soshikikarasagasu/gikaijimukyoku/takasagoshigikai/2/reiwa5/10028.html,150283,22113,1,0,0,0,2026-10-05T02:19:54Z
D07,令和6年3月定例会,https://www.city.takasago.lg.jp/soshikikarasagasu/gikaijimukyoku/takasagoshigikai/2/reiwa6/11097.html,171302,23560,1,0,0,0,2026-10-05T02:20:01Z
D08,令和6年6月定例会,https://www.city.takasago.lg.jp/soshikikarasagasu/gikaijimukyoku/takasagoshigikai/2/reiwa6/11439.html,141378,21796,1,0,0,0,2026-10-05T02:20:07Z
D09,令和6年9月定例会,https://www.city.takasago.lg.jp/soshikikarasagasu/gikaijimukyoku/takasagoshigikai/2/reiwa6/11599.html,137813,20049,1,0,0,0,2026-10-05T02:20:14Z
D10,令和6年12月定例会,https://www.city.takasago.lg.jp/soshikikarasagasu/gikaijimukyoku/takasagoshigikai/2/reiwa6/12385.html,124327,21255,1,0,0,0,2026-10-05T02:20:20Z
D11,令和7年3月定例会,https://www.city.takasago.lg.jp/soshikikarasagasu/gikaijimukyoku/takasagoshigikai/2/reiwa6_1/12432.html,166613,27531,1,0,0,0,2026-10-05T02:20:27Z
D12,令和7年6月定例会,https://www.city.takasago.lg.jp/soshikikarasagasu/gikaijimukyoku/takasagoshigikai/2/reiwa6_1/12623.html,131685,19300,0,6,0,0,2026-10-05T02:20:33Z
D13,令和7年9月定例会,https://www.city.takasago.lg.jp/soshikikarasagasu/gikaijimukyoku/takasagoshigikai/2/reiwa6_1/13005.html,150468,23478,0,0,0,1,2026-10-05T02:20:40Z
D14,令和7年12月定例会,https://www.city.takasago.lg.jp/soshikikarasagasu/gikaijimukyoku/takasagoshigikai/2/reiwa6_1/13745.html,147876,24040,1,0,0,0,2026-10-05T02:20:46Z
D15,令和8年3月定例会,https://www.city.takasago.lg.jp/soshikikarasagasu/gikaijimukyoku/takasagoshigikai/2/reiwa8/13902.html,162651,27814,2,0,0,0,2026-10-05T02:20:53Z
D16,令和8年6月定例会,https://www.city.takasago.lg.jp/soshikikarasagasu/gikaijimukyoku/takasagoshigikai/2/reiwa8/14106.html,136274,21753,0,0,0,0,2026-10-05T02:20:59Z
