fileName,日付,会議名,発言数(一覧),「○」の発言数(本文),本文の文字数,取得日時
R050227B04,2023-02-27,令和 5年 議会運営委員会,40,40,6799,2026-10-04T00:15:00.152775Z
R050228B01,2023-02-28,令和 5年 総務常任委員会,194,194,45554,2026-10-04T00:15:17.827155Z
R050228B02,2023-02-28,令和 5年 文教厚生常任委員会,297,297,70185,2026-10-04T00:15:38.374149Z
R050228B03,2023-02-28,令和 5年 建設環境経済常任委員会,206,206,53699,2026-10-04T00:15:56.057344Z
R050301B01,2023-03-01,令和 5年 総務常任委員会,4,4,827,2026-10-04T00:16:12.413345Z
R050301B04,2023-03-01,令和 5年 議会運営委員会,33,33,9681,2026-10-04T00:16:29.101207Z
R050301B06,2023-03-01,令和 5年 高砂市民病院経営改善対策特別委員会,228,228,69095,2026-10-04T00:16:46.531135Z
R050310B04,2023-03-10,令和 5年 議会運営委員会,37,37,7153,2026-10-04T00:17:04.039710Z
R050314B04,2023-03-14,令和 5年 議会運営委員会,25,25,5436,2026-10-04T00:17:20.828776Z
R050317B01,2023-03-17,令和 5年 総務常任委員会,5,5,1139,2026-10-04T00:17:38.038398Z
R050317B02,2023-03-17,令和 5年 文教厚生常任委員会,3,3,1310,2026-10-04T00:17:55.299482Z
R050317B03,2023-03-17,令和 5年 建設環境経済常任委員会,130,130,37176,2026-10-04T00:18:12.440022Z
R050317B06,2023-03-17,令和 5年 高砂市民病院経営改善対策特別委員会,58,58,17575,2026-10-04T00:18:29.198511Z
R050320B01,2023-03-20,令和 5年 総務常任委員会,303,303,63597,2026-10-04T00:18:47.039786Z
R050320B02,2023-03-20,令和 5年 文教厚生常任委員会,305,305,74731,2026-10-04T00:19:04.719662Z
R050320B03,2023-03-20,令和 5年 建設環境経済常任委員会,167,167,47739,2026-10-04T00:19:21.683160Z
R050322B01,2023-03-22,令和 5年 総務常任委員会,357,357,63540,2026-10-04T00:19:39.157033Z
R050322B02,2023-03-22,令和 5年 文教厚生常任委員会,201,201,54315,2026-10-04T00:19:56.846501Z
R050322B03,2023-03-22,令和 5年 建設環境経済常任委員会,287,287,78910,2026-10-04T00:20:14.157117Z
R050323B01,2023-03-23,令和 5年 総務常任委員会,198,198,47772,2026-10-04T00:20:31.229860Z
R050323B02,2023-03-23,令和 5年 文教厚生常任委員会,323,323,75222,2026-10-04T00:20:48.361045Z
R050323B03,2023-03-23,令和 5年 建設環境経済常任委員会,300,300,87781,2026-10-04T00:21:05.486852Z
R050324B01,2023-03-24,令和 5年 総務常任委員会,109,109,25228,2026-10-04T00:21:22.210849Z
R050324B04,2023-03-24,令和 5年 議会運営委員会,20,20,4269,2026-10-04T00:21:39.096012Z
R050327B04,2023-03-27,令和 5年 議会運営委員会,29,29,4704,2026-10-04T00:21:55.923716Z
R050412B04,2023-04-12,令和 5年 議会運営委員会,23,23,5235,2026-10-04T00:22:13.136660Z
R050425B03,2023-04-25,令和 5年 建設環境経済常任委員会,190,190,45223,2026-10-04T00:22:30.355320Z
R050426B06,2023-04-26,令和 5年 高砂市民病院経営改善対策特別委員会,161,161,32557,2026-10-04T00:22:47.313393Z
R050427B01,2023-04-27,令和 5年 総務常任委員会,203,203,35115,2026-10-04T00:23:04.800751Z
R050427B02,2023-04-27,令和 5年 文教厚生常任委員会,171,171,51822,2026-10-04T00:23:22.290742Z
R050516B03,2023-05-16,令和 5年 建設環境経済常任委員会,3,3,1032,2026-10-04T00:23:38.946326Z
R050516B04,2023-05-16,令和 5年 議会運営委員会,97,97,21895,2026-10-04T00:24:01.337894Z
R050519B01,2023-05-19,令和 5年 総務常任委員会,156,156,35006,2026-10-04T00:24:18.150390Z
R050522B01,2023-05-22,令和 5年 総務常任委員会,39,39,6452,2026-10-04T00:24:34.385684Z
R050522B02,2023-05-22,令和 5年 文教厚生常任委員会,74,74,16751,2026-10-04T00:24:51.191100Z
R050522B03,2023-05-22,令和 5年 建設環境経済常任委員会,28,28,7308,2026-10-04T00:25:07.608957Z
R050522B04,2023-05-22,令和 5年 議会運営委員会,12,12,2837,2026-10-04T00:25:23.757727Z
R050523B06,2023-05-23,令和 5年 高砂市民病院経営改善対策特別委員会,127,127,35238,2026-10-04T00:25:41.698006Z
R050530B03,2023-05-30,令和 5年 建設環境経済常任委員会,169,169,44085,2026-10-04T00:25:59.533381Z
R050531B02,2023-05-31,令和 5年 文教厚生常任委員会,205,205,49010,2026-10-04T00:26:17.668411Z
R050601B04,2023-06-01,令和 5年 議会運営委員会,17,17,3575,2026-10-04T00:26:34.485291Z
R050613B04,2023-06-13,令和 5年 議会運営委員会,35,35,8808,2026-10-04T00:26:51.820751Z
R050619B04,2023-06-19,令和 5年 議会運営委員会,36,36,6614,2026-10-04T00:27:08.104650Z
R050621B04,2023-06-21,令和 5年 議会運営委員会,25,25,4892,2026-10-04T00:27:25.216849Z
R050627B01,2023-06-27,令和 5年 総務常任委員会,119,119,23921,2026-10-04T00:27:41.926486Z
R050627B02,2023-06-27,令和 5年 文教厚生常任委員会,228,228,49830,2026-10-04T00:27:59.255970Z
R050627B03,2023-06-27,令和 5年 建設環境経済常任委員会,3,3,872,2026-10-04T00:28:16.018114Z
R050627B06,2023-06-27,令和 5年 高砂市民病院経営改善対策特別委員会,108,108,29677,2026-10-04T00:28:32.731981Z
R050628B01,2023-06-28,令和 5年 総務常任委員会,244,244,48848,2026-10-04T00:28:50.087430Z
R050628B02,2023-06-28,令和 5年 文教厚生常任委員会,73,73,16667,2026-10-04T00:29:07.046466Z
R050628B03,2023-06-28,令和 5年 建設環境経済常任委員会,235,235,64612,2026-10-04T00:29:24.125533Z
R050630B04,2023-06-30,令和 5年 議会運営委員会,36,36,6499,2026-10-04T00:29:40.884486Z
R050718B04,2023-07-18,令和 5年 議会運営委員会,66,66,22464,2026-10-04T00:29:58.138871Z
R050718B06,2023-07-18,令和 5年 高砂市民病院経営改善対策特別委員会,125,125,34450,2026-10-04T00:30:16.003346Z
R050731B01,2023-07-31,令和 5年 総務常任委員会,200,200,44292,2026-10-04T00:30:34.468397Z
R050731B02,2023-07-31,令和 5年 文教厚生常任委員会,148,148,28879,2026-10-04T00:30:51.621922Z
R050731B03,2023-07-31,令和 5年 建設環境経済常任委員会,169,169,46920,2026-10-04T00:31:08.817169Z
R050809B06,2023-08-09,令和 5年 高砂市民病院経営改善対策特別委員会,102,102,46670,2026-10-04T00:31:26.219261Z
R050818B04,2023-08-18,令和 5年 議会運営委員会,54,54,14804,2026-10-04T00:31:43.637342Z
R050821B03,2023-08-21,令和 5年 建設環境経済常任委員会,148,148,44368,2026-10-04T00:32:01.375973Z
R050823B06,2023-08-23,令和 5年 高砂市民病院経営改善対策特別委員会,106,106,34199,2026-10-04T00:32:19.000806Z
R050828B01,2023-08-28,令和 5年 総務常任委員会,211,211,47677,2026-10-04T00:32:35.860517Z
R050828B02,2023-08-28,令和 5年 文教厚生常任委員会,197,197,43004,2026-10-04T00:32:53.371145Z
R050905B04,2023-09-05,令和 5年 議会運営委員会,43,43,9370,2026-10-04T00:33:09.791779Z
R050905B06,2023-09-05,令和 5年 高砂市民病院経営改善対策特別委員会,101,101,21981,2026-10-04T00:33:26.474043Z
R050913B01,2023-09-13,令和 5年 総務常任委員会,9,9,1244,2026-10-04T00:33:43.099924Z
R050913B02,2023-09-13,令和 5年 文教厚生常任委員会,9,9,1227,2026-10-04T00:33:59.767139Z
R050913B03,2023-09-13,令和 5年 建設環境経済常任委員会,11,11,1377,2026-10-04T00:34:16.558319Z
R050913B04,2023-09-13,令和 5年 議会運営委員会,11,11,1906,2026-10-04T00:34:33.146688Z
R050913B06,2023-09-13,令和 5年 高砂市民病院経営改善対策特別委員会,12,12,1440,2026-10-04T00:34:49.450431Z
R050914B02,2023-09-14,令和 5年 文教厚生常任委員会,45,45,9975,2026-10-04T00:35:06.084959Z
R050914B04,2023-09-14,令和 5年 議会運営委員会,41,41,6357,2026-10-04T00:35:23.215656Z
R050915B04,2023-09-15,令和 5年 議会運営委員会,13,13,2162,2026-10-04T00:35:39.466910Z
R050922B01,2023-09-22,令和 5年 総務常任委員会,74,74,14172,2026-10-04T00:35:56.096744Z
R050922B02,2023-09-22,令和 5年 文教厚生常任委員会,3,3,1192,2026-10-04T00:36:12.602400Z
R050922B03,2023-09-22,令和 5年 建設環境経済常任委員会,31,31,12663,2026-10-04T00:36:29.309206Z
R050922B06,2023-09-22,令和 5年 高砂市民病院経営改善対策特別委員会,175,175,59744,2026-10-04T00:36:46.235867Z
R050925B01,2023-09-25,令和 5年 総務常任委員会,90,90,21979,2026-10-04T00:37:03.327351Z
R050925B02,2023-09-25,令和 5年 文教厚生常任委員会,274,274,71576,2026-10-04T00:37:20.411820Z
R050925B03,2023-09-25,令和 5年 建設環境経済常任委員会,223,223,65719,2026-10-04T00:37:37.881474Z
R050925B04,2023-09-25,令和 5年 議会運営委員会,42,42,7339,2026-10-04T00:37:54.893495Z
R050926B02,2023-09-26,令和 5年 文教厚生常任委員会,232,232,41347,2026-10-04T00:38:12.656981Z
R050927B01,2023-09-27,令和 5年 総務常任委員会,6,6,1038,2026-10-04T00:38:29.924192Z
R050927B04,2023-09-27,令和 5年 議会運営委員会,11,11,2029,2026-10-04T00:38:46.210013Z
R050927B05,2023-09-27,令和 5年 決算特別委員会,9,9,1201,2026-10-04T00:39:03.082167Z
R051006B05,2023-10-06,令和 5年 決算特別委員会,10,10,3403,2026-10-04T00:39:19.222226Z
R051019B05,2023-10-19,令和 5年 決算特別委員会,118,118,47910,2026-10-04T00:39:36.406872Z
R051023B06,2023-10-23,令和 5年 高砂市民病院経営改善対策特別委員会,104,104,33860,2026-10-04T00:39:53.932857Z
R051030B01,2023-10-30,令和 5年 総務常任委員会,122,122,32816,2026-10-04T00:40:11.264620Z
R051030B02,2023-10-30,令和 5年 文教厚生常任委員会,131,131,28388,2026-10-04T00:40:28.407288Z
R051030B03,2023-10-30,令和 5年 建設環境経済常任委員会,213,213,68882,2026-10-04T00:40:45.903482Z
R051031B05,2023-10-31,令和 5年 決算特別委員会,384,384,122459,2026-10-04T00:41:03.547987Z
R051101B05,2023-11-01,令和 5年 決算特別委員会,302,302,78190,2026-10-04T00:41:20.792737Z
R051106B05,2023-11-06,令和 5年 決算特別委員会,400,400,107562,2026-10-04T00:41:38.230608Z
R051107B05,2023-11-07,令和 5年 決算特別委員会,435,435,109339,2026-10-04T00:41:56.329470Z
R051110B05,2023-11-10,令和 5年 決算特別委員会,395,395,108678,2026-10-04T00:42:15.266502Z
R051113B04,2023-11-13,令和 5年 議会運営委員会,43,43,12947,2026-10-04T00:42:33.011448Z
R051116B05,2023-11-16,令和 5年 決算特別委員会,238,238,53013,2026-10-04T00:42:51.298626Z
R051117B05,2023-11-17,令和 5年 決算特別委員会,96,96,25117,2026-10-04T00:43:13.684884Z
R051120B03,2023-11-20,令和 5年 建設環境経済常任委員会,242,242,77538,2026-10-04T00:43:31.846743Z
