区分,会議名,年,fileName,日付,表示ラベル,前任期内
本会議,令和 4年  9月定例会,令和 4年,R040920A,2022-09-20,（第 1日 9月20日）,Y
本会議,令和 4年  9月定例会,令和 4年,R040922A,2022-09-22,（第 2日 9月22日）,Y
本会議,令和 4年  9月定例会,令和 4年,R040926A,2022-09-26,（第 3日 9月26日）,Y
本会議,令和 4年  9月定例会,令和 4年,R040927A,2022-09-27,（第 4日 9月27日）,Y
本会議,令和 4年  9月定例会,令和 4年,R040929A,2022-09-29,（第 5日 9月29日）,Y
本会議,令和 4年  9月定例会,令和 4年,R040930A,2022-09-30,（第 6日 9月30日）,Y
本会議,令和 4年  9月定例会,令和 4年,R041005A,2022-10-05,（第 7日10月 5日）,Y
本会議,令和 4年 12月定例会,令和 4年,R041205A,2022-12-05,（第 1日12月 5日）,Y
本会議,令和 4年 12月定例会,令和 4年,R041206A,2022-12-06,（第 2日12月 6日）,Y
本会議,令和 4年 12月定例会,令和 4年,R041207A,2022-12-07,（第 3日12月 7日）,Y
本会議,令和 4年 12月定例会,令和 4年,R041209A,2022-12-09,（第 4日12月 9日）,Y
本会議,令和 4年 12月定例会,令和 4年,R041212A,2022-12-12,（第 5日12月12日）,Y
本会議,令和 4年 12月定例会,令和 4年,R041216A,2022-12-16,（第 6日12月16日）,Y
本会議,令和 5年  3月定例会,令和 5年,R050222A,2023-02-22,（第 1日 2月22日）,Y
本会議,令和 5年  3月定例会,令和 5年,R050224A,2023-02-24,（第 2日 2月24日）,Y
本会議,令和 5年  3月定例会,令和 5年,R050227A,2023-02-27,（第 3日 2月27日）,Y
委員会,令和 5年 議会運営委員会,令和 5年,R050227B04,2023-02-27,（ 2月27日）,Y
委員会,令和 5年 総務常任委員会,令和 5年,R050228B01,2023-02-28,（ 2月28日）,Y
委員会,令和 5年 文教厚生常任委員会,令和 5年,R050228B02,2023-02-28,（ 2月28日）,Y
委員会,令和 5年 建設環境経済常任委員会,令和 5年,R050228B03,2023-02-28,（ 2月28日）,Y
委員会,令和 5年 総務常任委員会,令和 5年,R050301B01,2023-03-01,（ 3月 1日）,Y
委員会,令和 5年 議会運営委員会,令和 5年,R050301B04,2023-03-01,（ 3月 1日）,Y
委員会,令和 5年 高砂市民病院経営改善対策特別委員会,令和 5年,R050301B06,2023-03-01,（ 3月 1日）,Y
本会議,令和 5年  3月定例会,令和 5年,R050302A,2023-03-02,（第 4日 3月 2日）,Y
本会議,令和 5年  3月定例会,令和 5年,R050303A,2023-03-03,（第 5日 3月 3日）,Y
本会議,令和 5年  3月定例会,令和 5年,R050306A,2023-03-06,（第 6日 3月 6日）,Y
本会議,令和 5年  3月定例会,令和 5年,R050307A,2023-03-07,（第 7日 3月 7日）,Y
本会議,令和 5年  3月定例会,令和 5年,R050308A,2023-03-08,（第 8日 3月 8日）,Y
本会議,令和 5年  3月定例会,令和 5年,R050309A,2023-03-09,（第 9日 3月 9日）,Y
本会議,令和 5年  3月定例会,令和 5年,R050310A,2023-03-10,（第10日 3月10日）,Y
委員会,令和 5年 議会運営委員会,令和 5年,R050310B04,2023-03-10,（ 3月10日）,Y
本会議,令和 5年  3月定例会,令和 5年,R050313A,2023-03-13,（第11日 3月13日）,Y
本会議,令和 5年  3月定例会,令和 5年,R050314A,2023-03-14,（第12日 3月14日）,Y
委員会,令和 5年 議会運営委員会,令和 5年,R050314B04,2023-03-14,（ 3月14日）,Y
本会議,令和 5年  3月定例会,令和 5年,R050315A,2023-03-15,（第13日 3月15日）,Y
本会議,令和 5年  3月定例会,令和 5年,R050316A,2023-03-16,（第14日 3月16日）,Y
委員会,令和 5年 総務常任委員会,令和 5年,R050317B01,2023-03-17,（ 3月17日）,Y
委員会,令和 5年 文教厚生常任委員会,令和 5年,R050317B02,2023-03-17,（ 3月17日）,Y
委員会,令和 5年 建設環境経済常任委員会,令和 5年,R050317B03,2023-03-17,（ 3月17日）,Y
委員会,令和 5年 高砂市民病院経営改善対策特別委員会,令和 5年,R050317B06,2023-03-17,（ 3月17日）,Y
委員会,令和 5年 総務常任委員会,令和 5年,R050320B01,2023-03-20,（ 3月20日）,Y
委員会,令和 5年 文教厚生常任委員会,令和 5年,R050320B02,2023-03-20,（ 3月20日）,Y
委員会,令和 5年 建設環境経済常任委員会,令和 5年,R050320B03,2023-03-20,（ 3月20日）,Y
委員会,令和 5年 総務常任委員会,令和 5年,R050322B01,2023-03-22,（ 3月22日）,Y
委員会,令和 5年 文教厚生常任委員会,令和 5年,R050322B02,2023-03-22,（ 3月22日）,Y
委員会,令和 5年 建設環境経済常任委員会,令和 5年,R050322B03,2023-03-22,（ 3月22日）,Y
委員会,令和 5年 総務常任委員会,令和 5年,R050323B01,2023-03-23,（ 3月23日）,Y
委員会,令和 5年 文教厚生常任委員会,令和 5年,R050323B02,2023-03-23,（ 3月23日）,Y
委員会,令和 5年 建設環境経済常任委員会,令和 5年,R050323B03,2023-03-23,（ 3月23日）,Y
委員会,令和 5年 総務常任委員会,令和 5年,R050324B01,2023-03-24,（ 3月24日）,Y
委員会,令和 5年 議会運営委員会,令和 5年,R050324B04,2023-03-24,（ 3月24日）,Y
本会議,令和 5年  3月定例会,令和 5年,R050327A,2023-03-27,（第15日 3月27日）,Y
委員会,令和 5年 議会運営委員会,令和 5年,R050327B04,2023-03-27,（ 3月27日）,Y
委員会,令和 5年 議会運営委員会,令和 5年,R050412B04,2023-04-12,（ 4月12日）,Y
委員会,令和 5年 建設環境経済常任委員会,令和 5年,R050425B03,2023-04-25,（ 4月25日）,Y
委員会,令和 5年 高砂市民病院経営改善対策特別委員会,令和 5年,R050426B06,2023-04-26,（ 4月26日）,Y
委員会,令和 5年 総務常任委員会,令和 5年,R050427B01,2023-04-27,（ 4月27日）,Y
委員会,令和 5年 文教厚生常任委員会,令和 5年,R050427B02,2023-04-27,（ 4月27日）,Y
委員会,令和 5年 建設環境経済常任委員会,令和 5年,R050516B03,2023-05-16,（ 5月16日）,Y
委員会,令和 5年 議会運営委員会,令和 5年,R050516B04,2023-05-16,（ 5月16日）,Y
委員会,令和 5年 総務常任委員会,令和 5年,R050519B01,2023-05-19,（ 5月19日）,Y
本会議,令和 5年  5月臨時会,令和 5年,R050522A,2023-05-22,（第 1日 5月22日）,Y
委員会,令和 5年 総務常任委員会,令和 5年,R050522B01,2023-05-22,（ 5月22日）,Y
委員会,令和 5年 文教厚生常任委員会,令和 5年,R050522B02,2023-05-22,（ 5月22日）,Y
委員会,令和 5年 建設環境経済常任委員会,令和 5年,R050522B03,2023-05-22,（ 5月22日）,Y
委員会,令和 5年 議会運営委員会,令和 5年,R050522B04,2023-05-22,（ 5月22日）,Y
委員会,令和 5年 高砂市民病院経営改善対策特別委員会,令和 5年,R050523B06,2023-05-23,（ 5月23日）,Y
委員会,令和 5年 建設環境経済常任委員会,令和 5年,R050530B03,2023-05-30,（ 5月30日）,Y
委員会,令和 5年 文教厚生常任委員会,令和 5年,R050531B02,2023-05-31,（ 5月31日）,Y
委員会,令和 5年 議会運営委員会,令和 5年,R050601B04,2023-06-01,（ 6月 1日）,Y
委員会,令和 5年 議会運営委員会,令和 5年,R050613B04,2023-06-13,（ 6月13日）,Y
本会議,令和 5年  6月定例会,令和 5年,R050619A,2023-06-19,（第 1日 6月19日）,Y
委員会,令和 5年 議会運営委員会,令和 5年,R050619B04,2023-06-19,（ 6月19日）,Y
本会議,令和 5年  6月定例会,令和 5年,R050620A,2023-06-20,（第 2日 6月20日）,Y
本会議,令和 5年  6月定例会,令和 5年,R050621A,2023-06-21,（第 3日 6月21日）,Y
委員会,令和 5年 議会運営委員会,令和 5年,R050621B04,2023-06-21,（ 6月21日）,Y
本会議,令和 5年  6月定例会,令和 5年,R050623A,2023-06-23,（第 4日 6月23日）,Y
本会議,令和 5年  6月定例会,令和 5年,R050626A,2023-06-26,（第 5日 6月26日）,Y
委員会,令和 5年 総務常任委員会,令和 5年,R050627B01,2023-06-27,（ 6月27日）,Y
委員会,令和 5年 文教厚生常任委員会,令和 5年,R050627B02,2023-06-27,（ 6月27日）,Y
委員会,令和 5年 建設環境経済常任委員会,令和 5年,R050627B03,2023-06-27,（ 6月27日）,Y
委員会,令和 5年 高砂市民病院経営改善対策特別委員会,令和 5年,R050627B06,2023-06-27,（ 6月27日）,Y
委員会,令和 5年 総務常任委員会,令和 5年,R050628B01,2023-06-28,（ 6月28日）,Y
委員会,令和 5年 文教厚生常任委員会,令和 5年,R050628B02,2023-06-28,（ 6月28日）,Y
委員会,令和 5年 建設環境経済常任委員会,令和 5年,R050628B03,2023-06-28,（ 6月28日）,Y
本会議,令和 5年  6月定例会,令和 5年,R050630A,2023-06-30,（第 6日 6月30日）,Y
委員会,令和 5年 議会運営委員会,令和 5年,R050630B04,2023-06-30,（ 6月30日）,Y
委員会,令和 5年 議会運営委員会,令和 5年,R050718B04,2023-07-18,（ 7月18日）,Y
委員会,令和 5年 高砂市民病院経営改善対策特別委員会,令和 5年,R050718B06,2023-07-18,（ 7月18日）,Y
委員会,令和 5年 総務常任委員会,令和 5年,R050731B01,2023-07-31,（ 7月31日）,Y
委員会,令和 5年 文教厚生常任委員会,令和 5年,R050731B02,2023-07-31,（ 7月31日）,Y
委員会,令和 5年 建設環境経済常任委員会,令和 5年,R050731B03,2023-07-31,（ 7月31日）,Y
委員会,令和 5年 高砂市民病院経営改善対策特別委員会,令和 5年,R050809B06,2023-08-09,（ 8月 9日）,Y
委員会,令和 5年 議会運営委員会,令和 5年,R050818B04,2023-08-18,（ 8月18日）,Y
委員会,令和 5年 建設環境経済常任委員会,令和 5年,R050821B03,2023-08-21,（ 8月21日）,Y
委員会,令和 5年 高砂市民病院経営改善対策特別委員会,令和 5年,R050823B06,2023-08-23,（ 8月23日）,Y
委員会,令和 5年 総務常任委員会,令和 5年,R050828B01,2023-08-28,（ 8月28日）,Y
委員会,令和 5年 文教厚生常任委員会,令和 5年,R050828B02,2023-08-28,（ 8月28日）,Y
委員会,令和 5年 議会運営委員会,令和 5年,R050905B04,2023-09-05,（ 9月 5日）,Y
委員会,令和 5年 高砂市民病院経営改善対策特別委員会,令和 5年,R050905B06,2023-09-05,（ 9月 5日）,Y
本会議,令和 5年  9月定例会,令和 5年,R050912A,2023-09-12,（第 1日 9月12日）,Y
本会議,令和 5年  9月定例会,令和 5年,R050913A,2023-09-13,（第 2日 9月13日）,Y
委員会,令和 5年 総務常任委員会,令和 5年,R050913B01,2023-09-13,（ 9月13日）,Y
委員会,令和 5年 文教厚生常任委員会,令和 5年,R050913B02,2023-09-13,（ 9月13日）,Y
委員会,令和 5年 建設環境経済常任委員会,令和 5年,R050913B03,2023-09-13,（ 9月13日）,Y
委員会,令和 5年 議会運営委員会,令和 5年,R050913B04,2023-09-13,（ 9月13日）,Y
委員会,令和 5年 高砂市民病院経営改善対策特別委員会,令和 5年,R050913B06,2023-09-13,（ 9月13日）,Y
本会議,令和 5年  9月定例会,令和 5年,R050914A,2023-09-14,（第 3日 9月14日）,Y
委員会,令和 5年 文教厚生常任委員会,令和 5年,R050914B02,2023-09-14,（ 9月14日）,Y
委員会,令和 5年 議会運営委員会,令和 5年,R050914B04,2023-09-14,（ 9月14日）,Y
本会議,令和 5年  9月定例会,令和 5年,R050915A,2023-09-15,（第 4日 9月15日）,Y
委員会,令和 5年 議会運営委員会,令和 5年,R050915B04,2023-09-15,（ 9月15日）,Y
本会議,令和 5年  9月定例会,令和 5年,R050920A,2023-09-20,（第 5日 9月20日）,Y
本会議,令和 5年  9月定例会,令和 5年,R050921A,2023-09-21,（第 6日 9月21日）,Y
委員会,令和 5年 総務常任委員会,令和 5年,R050922B01,2023-09-22,（ 9月22日）,Y
委員会,令和 5年 文教厚生常任委員会,令和 5年,R050922B02,2023-09-22,（ 9月22日）,Y
委員会,令和 5年 建設環境経済常任委員会,令和 5年,R050922B03,2023-09-22,（ 9月22日）,Y
委員会,令和 5年 高砂市民病院経営改善対策特別委員会,令和 5年,R050922B06,2023-09-22,（ 9月22日）,Y
委員会,令和 5年 総務常任委員会,令和 5年,R050925B01,2023-09-25,（ 9月25日）,Y
委員会,令和 5年 文教厚生常任委員会,令和 5年,R050925B02,2023-09-25,（ 9月25日）,Y
委員会,令和 5年 建設環境経済常任委員会,令和 5年,R050925B03,2023-09-25,（ 9月25日）,Y
委員会,令和 5年 議会運営委員会,令和 5年,R050925B04,2023-09-25,（ 9月25日）,Y
委員会,令和 5年 文教厚生常任委員会,令和 5年,R050926B02,2023-09-26,（ 9月26日）,Y
本会議,令和 5年  9月定例会,令和 5年,R050927A,2023-09-27,（第 7日 9月27日）,Y
委員会,令和 5年 総務常任委員会,令和 5年,R050927B01,2023-09-27,（ 9月27日）,Y
委員会,令和 5年 議会運営委員会,令和 5年,R050927B04,2023-09-27,（ 9月27日）,Y
委員会,令和 5年 決算特別委員会,令和 5年,R050927B05,2023-09-27,（ 9月27日）,Y
委員会,令和 5年 決算特別委員会,令和 5年,R051006B05,2023-10-06,（10月 6日）,Y
委員会,令和 5年 決算特別委員会,令和 5年,R051019B05,2023-10-19,（10月19日）,Y
委員会,令和 5年 高砂市民病院経営改善対策特別委員会,令和 5年,R051023B06,2023-10-23,（10月23日）,Y
委員会,令和 5年 総務常任委員会,令和 5年,R051030B01,2023-10-30,（10月30日）,Y
委員会,令和 5年 文教厚生常任委員会,令和 5年,R051030B02,2023-10-30,（10月30日）,Y
委員会,令和 5年 建設環境経済常任委員会,令和 5年,R051030B03,2023-10-30,（10月30日）,Y
委員会,令和 5年 決算特別委員会,令和 5年,R051031B05,2023-10-31,（10月31日）,Y
委員会,令和 5年 決算特別委員会,令和 5年,R051101B05,2023-11-01,（11月 1日）,Y
委員会,令和 5年 決算特別委員会,令和 5年,R051106B05,2023-11-06,（11月 6日）,Y
委員会,令和 5年 決算特別委員会,令和 5年,R051107B05,2023-11-07,（11月 7日）,Y
委員会,令和 5年 決算特別委員会,令和 5年,R051110B05,2023-11-10,（11月10日）,Y
委員会,令和 5年 議会運営委員会,令和 5年,R051113B04,2023-11-13,（11月13日）,Y
委員会,令和 5年 決算特別委員会,令和 5年,R051116B05,2023-11-16,（11月16日）,Y
委員会,令和 5年 決算特別委員会,令和 5年,R051117B05,2023-11-17,（11月17日）,Y
委員会,令和 5年 建設環境経済常任委員会,令和 5年,R051120B03,2023-11-20,（11月20日）,Y
委員会,令和 5年 総務常任委員会,令和 5年,R051121B01,2023-11-21,（11月21日）,Y
委員会,令和 5年 文教厚生常任委員会,令和 5年,R051121B02,2023-11-21,（11月21日）,Y
委員会,令和 5年 高砂市民病院経営改善対策特別委員会,令和 5年,R051122B06,2023-11-22,（11月22日）,Y
委員会,令和 5年 決算特別委員会,令和 5年,R051124B05,2023-11-24,（11月24日）,Y
委員会,令和 5年 決算特別委員会,令和 5年,R051127B05,2023-11-27,（11月27日）,Y
委員会,令和 5年 議会運営委員会,令和 5年,R051128B04,2023-11-28,（11月28日）,Y
本会議,令和 5年 12月定例会,令和 5年,R051205A,2023-12-05,（第 1日12月 5日）,Y
委員会,令和 5年 議会運営委員会,令和 5年,R051205B04,2023-12-05,（12月 5日）,Y
本会議,令和 5年 12月定例会,令和 5年,R051206A,2023-12-06,（第 2日12月 6日）,Y
本会議,令和 5年 12月定例会,令和 5年,R051207A,2023-12-07,（第 3日12月 7日）,Y
本会議,令和 5年 12月定例会,令和 5年,R051208A,2023-12-08,（第 4日12月 8日）,Y
委員会,令和 5年 議会運営委員会,令和 5年,R051208B04,2023-12-08,（12月 8日）,Y
本会議,令和 5年 12月定例会,令和 5年,R051211A,2023-12-11,（第 5日12月11日）,Y
本会議,令和 5年 12月定例会,令和 5年,R051212A,2023-12-12,（第 6日12月12日）,Y
委員会,令和 5年 文教厚生常任委員会,令和 5年,R051212B02,2023-12-12,（12月12日）,Y
委員会,令和 5年 建設環境経済常任委員会,令和 5年,R051212B03,2023-12-12,（12月12日）,Y
委員会,令和 5年 議会運営委員会,令和 5年,R051212B04,2023-12-12,（12月12日）,Y
委員会,令和 5年 総務常任委員会,令和 5年,R051213B01,2023-12-13,（12月13日）,Y
委員会,令和 5年 文教厚生常任委員会,令和 5年,R051213B02,2023-12-13,（12月13日）,Y
委員会,令和 5年 建設環境経済常任委員会,令和 5年,R051213B03,2023-12-13,（12月13日）,Y
委員会,令和 5年 高砂市民病院経営改善対策特別委員会,令和 5年,R051213B06,2023-12-13,（12月13日）,Y
委員会,令和 5年 総務常任委員会,令和 5年,R051214B01,2023-12-14,（12月14日）,Y
委員会,令和 5年 文教厚生常任委員会,令和 5年,R051214B02,2023-12-14,（12月14日）,Y
委員会,令和 5年 建設環境経済常任委員会,令和 5年,R051214B03,2023-12-14,（12月14日）,Y
委員会,令和 5年 文教厚生常任委員会,令和 5年,R051215B02,2023-12-15,（12月15日）,Y
委員会,令和 5年 建設環境経済常任委員会,令和 5年,R051215B03,2023-12-15,（12月15日）,Y
本会議,令和 5年 12月定例会,令和 5年,R051218A,2023-12-18,（第 7日12月18日）,Y
委員会,令和 5年 総務常任委員会,令和 5年,R051218B01,2023-12-18,（12月18日）,Y
委員会,令和 5年 議会運営委員会,令和 5年,R051218B04,2023-12-18,（12月18日）,Y
本会議,令和 5年 12月定例会,令和 5年,R051219A,2023-12-19,（第 8日12月19日）,Y
委員会,令和 5年 総務常任委員会,令和 5年,R051219B01,2023-12-19,（12月19日）,Y
委員会,令和 5年 文教厚生常任委員会,令和 5年,R051219B02,2023-12-19,（12月19日）,Y
委員会,令和 5年 建設環境経済常任委員会,令和 5年,R051219B03,2023-12-19,（12月19日）,Y
委員会,令和 6年 文教厚生常任委員会,令和 6年,R060111B02,2024-01-11,（ 1月11日）,Y
委員会,令和 6年 高砂市民病院経営改善対策特別委員会,令和 6年,R060117B06,2024-01-17,（ 1月17日）,Y
委員会,令和 6年 議会運営委員会,令和 6年,R060118B04,2024-01-18,（ 1月18日）,Y
委員会,令和 6年 建設環境経済常任委員会,令和 6年,R060122B03,2024-01-22,（ 1月22日）,Y
委員会,令和 6年 総務常任委員会,令和 6年,R060126B01,2024-01-26,（ 1月26日）,Y
委員会,令和 6年 文教厚生常任委員会,令和 6年,R060126B02,2024-01-26,（ 1月26日）,Y
委員会,令和 6年 議会運営委員会,令和 6年,R060129B04,2024-01-29,（ 1月29日）,Y
本会議,令和 6年  2月臨時会,令和 6年,R060205A,2024-02-05,（第 1日 2月 5日）,Y
委員会,令和 6年 総務常任委員会,令和 6年,R060205B01,2024-02-05,（ 2月 5日）,Y
委員会,令和 6年 文教厚生常任委員会,令和 6年,R060205B02,2024-02-05,（ 2月 5日）,Y
委員会,令和 6年 議会運営委員会,令和 6年,R060205B04,2024-02-05,（ 2月 5日）,Y
委員会,令和 6年 高砂市民病院経営改善対策特別委員会,令和 6年,R060215B06,2024-02-15,（ 2月15日）,Y
委員会,令和 6年 議会運営委員会,令和 6年,R060216B04,2024-02-16,（ 2月16日）,Y
本会議,令和 6年  3月定例会,令和 6年,R060226A,2024-02-26,（第 1日 2月26日）,Y
委員会,令和 6年 文教厚生常任委員会,令和 6年,R060226B02,2024-02-26,（ 2月26日）,Y
本会議,令和 6年  3月定例会,令和 6年,R060227A,2024-02-27,（第 2日 2月27日）,Y
委員会,令和 6年 議会運営委員会,令和 6年,R060227B04,2024-02-27,（ 2月27日）,Y
本会議,令和 6年  3月定例会,令和 6年,R060228A,2024-02-28,（第 3日 2月28日）,Y
委員会,令和 6年 総務常任委員会,令和 6年,R060229B01,2024-02-29,（ 2月29日）,Y
委員会,令和 6年 文教厚生常任委員会,令和 6年,R060229B02,2024-02-29,（ 2月29日）,Y
委員会,令和 6年 建設環境経済常任委員会,令和 6年,R060229B03,2024-02-29,（ 2月29日）,Y
本会議,令和 6年  3月定例会,令和 6年,R060301A,2024-03-01,（第 4日 3月 1日）,Y
委員会,令和 6年 総務常任委員会,令和 6年,R060301B01,2024-03-01,（ 3月 1日）,Y
委員会,令和 6年 議会運営委員会,令和 6年,R060301B04,2024-03-01,（ 3月 1日）,Y
本会議,令和 6年  3月定例会,令和 6年,R060304A,2024-03-04,（第 5日 3月 4日）,Y
本会議,令和 6年  3月定例会,令和 6年,R060305A,2024-03-05,（第 6日 3月 5日）,Y
委員会,令和 6年 議会運営委員会,令和 6年,R060305B04,2024-03-05,（ 3月 5日）,Y
本会議,令和 6年  3月定例会,令和 6年,R060306A,2024-03-06,（第 7日 3月 6日）,Y
委員会,令和 6年 議会運営委員会,令和 6年,R060306B04,2024-03-06,（ 3月 6日）,Y
本会議,令和 6年  3月定例会,令和 6年,R060307A,2024-03-07,（第 8日 3月 7日）,Y
本会議,令和 6年  3月定例会,令和 6年,R060308A,2024-03-08,（第 9日 3月 8日）,Y
委員会,令和 6年 総務常任委員会,令和 6年,R060308B01,2024-03-08,（ 3月 8日）,Y
委員会,令和 6年 文教厚生常任委員会,令和 6年,R060308B02,2024-03-08,（ 3月 8日）,Y
委員会,令和 6年 建設環境経済常任委員会,令和 6年,R060308B03,2024-03-08,（ 3月 8日）,Y
委員会,令和 6年 総務常任委員会,令和 6年,R060311B01,2024-03-11,（ 3月11日）,Y
委員会,令和 6年 文教厚生常任委員会,令和 6年,R060311B02,2024-03-11,（ 3月11日）,Y
委員会,令和 6年 建設環境経済常任委員会,令和 6年,R060311B03,2024-03-11,（ 3月11日）,Y
委員会,令和 6年 高砂市民病院経営改善対策特別委員会,令和 6年,R060311B06,2024-03-11,（ 3月11日）,Y
委員会,令和 6年 総務常任委員会,令和 6年,R060312B01,2024-03-12,（ 3月12日）,Y
委員会,令和 6年 文教厚生常任委員会,令和 6年,R060312B02,2024-03-12,（ 3月12日）,Y
委員会,令和 6年 建設環境経済常任委員会,令和 6年,R060312B03,2024-03-12,（ 3月12日）,Y
本会議,令和 6年  3月定例会,令和 6年,R060313A,2024-03-13,（第10日 3月13日）,Y
委員会,令和 6年 総務常任委員会,令和 6年,R060313B01,2024-03-13,（ 3月13日）,Y
委員会,令和 6年 文教厚生常任委員会,令和 6年,R060313B02,2024-03-13,（ 3月13日）,Y
委員会,令和 6年 建設環境経済常任委員会,令和 6年,R060313B03,2024-03-13,（ 3月13日）,Y
委員会,令和 6年 議会運営委員会,令和 6年,R060313B04,2024-03-13,（ 3月13日）,Y
委員会,令和 6年 文教厚生常任委員会,令和 6年,R060326B02,2024-03-26,（ 3月26日）,Y
委員会,令和 6年 議会運営委員会,令和 6年,R060409B04,2024-04-09,（ 4月 9日）,Y
委員会,令和 6年 総務常任委員会,令和 6年,R060424B01,2024-04-24,（ 4月24日）,Y
委員会,令和 6年 文教厚生常任委員会,令和 6年,R060424B02,2024-04-24,（ 4月24日）,Y
委員会,令和 6年 建設環境経済常任委員会,令和 6年,R060424B03,2024-04-24,（ 4月24日）,Y
委員会,令和 6年 高砂市民病院経営改善対策特別委員会,令和 6年,R060425B06,2024-04-25,（ 4月25日）,Y
委員会,令和 6年 議会運営委員会,令和 6年,R060502B04,2024-05-02,（ 5月 2日）,Y
委員会,令和 6年 文教厚生常任委員会,令和 6年,R060521B02,2024-05-21,（ 5月21日）,Y
委員会,令和 6年 建設環境経済常任委員会,令和 6年,R060521B03,2024-05-21,（ 5月21日）,Y
委員会,令和 6年 総務常任委員会,令和 6年,R060522B01,2024-05-22,（ 5月22日）,Y
委員会,令和 6年 高砂市民病院経営改善対策特別委員会,令和 6年,R060524B06,2024-05-24,（ 5月24日）,Y
委員会,令和 6年 議会運営委員会,令和 6年,R060528B04,2024-05-28,（ 5月28日）,Y
本会議,令和 6年  6月定例会,令和 6年,R060604A,2024-06-04,（第 1日 6月 4日）,Y
委員会,令和 6年 議会運営委員会,令和 6年,R060604B04,2024-06-04,（ 6月 4日）,Y
委員会,令和 6年 建設環境経済常任委員会・総務常任委員会合同委員会,令和 6年,R060604B08,2024-06-04,（ 6月 4日）,Y
本会議,令和 6年  6月定例会,令和 6年,R060605A,2024-06-05,（第 2日 6月 5日）,Y
本会議,令和 6年  6月定例会,令和 6年,R060606A,2024-06-06,（第 3日 6月 6日）,Y
本会議,令和 6年  6月定例会,令和 6年,R060607A,2024-06-07,（第 4日 6月 7日）,Y
本会議,令和 6年  6月定例会,令和 6年,R060610A,2024-06-10,（第 5日 6月10日）,Y
委員会,令和 6年 議会運営委員会,令和 6年,R060610B04,2024-06-10,（ 6月10日）,Y
本会議,令和 6年  6月定例会,令和 6年,R060611A,2024-06-11,（第 6日 6月11日）,Y
本会議,令和 6年  6月定例会,令和 6年,R060612A,2024-06-12,（第 7日 6月12日）,Y
委員会,令和 6年 総務常任委員会,令和 6年,R060613B01,2024-06-13,（ 6月13日）,Y
委員会,令和 6年 文教厚生常任委員会,令和 6年,R060613B02,2024-06-13,（ 6月13日）,Y
委員会,令和 6年 建設環境経済常任委員会,令和 6年,R060613B03,2024-06-13,（ 6月13日）,Y
委員会,令和 6年 高砂市民病院経営改善対策特別委員会,令和 6年,R060613B06,2024-06-13,（ 6月13日）,Y
委員会,令和 6年 総務常任委員会,令和 6年,R060614B01,2024-06-14,（ 6月14日）,Y
委員会,令和 6年 文教厚生常任委員会,令和 6年,R060614B02,2024-06-14,（ 6月14日）,Y
委員会,令和 6年 建設環境経済常任委員会,令和 6年,R060614B03,2024-06-14,（ 6月14日）,Y
委員会,令和 6年 総務常任委員会,令和 6年,R060617B01,2024-06-17,（ 6月17日）,Y
委員会,令和 6年 文教厚生常任委員会,令和 6年,R060617B02,2024-06-17,（ 6月17日）,Y
本会議,令和 6年  6月定例会,令和 6年,R060618A,2024-06-18,（第 8日 6月18日）,Y
委員会,令和 6年 総務常任委員会,令和 6年,R060618B01,2024-06-18,（ 6月18日）,Y
委員会,令和 6年 文教厚生常任委員会,令和 6年,R060618B02,2024-06-18,（ 6月18日）,Y
委員会,令和 6年 議会運営委員会,令和 6年,R060618B04,2024-06-18,（ 6月18日）,Y
委員会,令和 6年 議会運営委員会,令和 6年,R060716B04,2024-07-16,（ 7月16日）,Y
委員会,令和 6年 文教厚生常任委員会,令和 6年,R060717B02,2024-07-17,（ 7月17日）,Y
委員会,令和 6年 建設環境経済常任委員会,令和 6年,R060718B03,2024-07-18,（ 7月18日）,Y
委員会,令和 6年 高砂市民病院経営改善対策特別委員会,令和 6年,R060722B06,2024-07-22,（ 7月22日）,Y
委員会,令和 6年 総務常任委員会,令和 6年,R060726B01,2024-07-26,（ 7月26日）,Y
委員会,令和 6年 総務常任委員会,令和 6年,R060821B01,2024-08-21,（ 8月21日）,Y
委員会,令和 6年 議会運営委員会,令和 6年,R060822B04,2024-08-22,（ 8月22日）,Y
委員会,令和 6年 文教厚生常任委員会,令和 6年,R060823B02,2024-08-23,（ 8月23日）,Y
委員会,令和 6年 建設環境経済常任委員会,令和 6年,R060823B03,2024-08-23,（ 8月23日）,Y
委員会,令和 6年 高砂市民病院経営改善対策特別委員会,令和 6年,R060827B06,2024-08-27,（ 8月27日）,Y
委員会,令和 6年 議会運営委員会,令和 6年,R060903B04,2024-09-03,（ 9月 3日）,Y
本会議,令和 6年  9月定例会,令和 6年,R060910A,2024-09-10,（第 1日 9月10日）,Y
委員会,令和 6年 議会運営委員会,令和 6年,R060910B04,2024-09-10,（ 9月10日）,Y
本会議,令和 6年  9月定例会,令和 6年,R060911A,2024-09-11,（第 2日 9月11日）,Y
委員会,令和 6年 総務常任委員会,令和 6年,R060911B01,2024-09-11,（ 9月11日）,Y
委員会,令和 6年 文教厚生常任委員会,令和 6年,R060911B02,2024-09-11,（ 9月11日）,Y
委員会,令和 6年 建設環境経済常任委員会,令和 6年,R060911B03,2024-09-11,（ 9月11日）,Y
委員会,令和 6年 議会運営委員会,令和 6年,R060911B04,2024-09-11,（ 9月11日）,Y
本会議,令和 6年  9月定例会,令和 6年,R060912A,2024-09-12,（第 3日 9月12日）,Y
委員会,令和 6年 議会運営委員会,令和 6年,R060912B04,2024-09-12,（ 9月12日）,Y
本会議,令和 6年  9月定例会,令和 6年,R060913A,2024-09-13,（第 4日 9月13日）,Y
委員会,令和 6年 議会運営委員会,令和 6年,R060913B04,2024-09-13,（ 9月13日）,Y
本会議,令和 6年  9月定例会,令和 6年,R060918A,2024-09-18,（第 5日 9月18日）,Y
本会議,令和 6年  9月定例会,令和 6年,R060919A,2024-09-19,（第 6日 9月19日）,Y
委員会,令和 6年 議会運営委員会,令和 6年,R060919B04,2024-09-19,（ 9月19日）,Y
委員会,令和 6年 総務常任委員会,令和 6年,R060920B01,2024-09-20,（ 9月20日）,Y
委員会,令和 6年 文教厚生常任委員会,令和 6年,R060920B02,2024-09-20,（ 9月20日）,Y
委員会,令和 6年 建設環境経済常任委員会,令和 6年,R060920B03,2024-09-20,（ 9月20日）,Y
委員会,令和 6年 総務常任委員会,令和 6年,R060924B01,2024-09-24,（ 9月24日）,Y
委員会,令和 6年 文教厚生常任委員会,令和 6年,R060924B02,2024-09-24,（ 9月24日）,Y
委員会,令和 6年 建設環境経済常任委員会,令和 6年,R060924B03,2024-09-24,（ 9月24日）,Y
本会議,令和 6年  9月定例会,令和 6年,R060926A,2024-09-26,（第 7日 9月26日）,Y
委員会,令和 6年 議会運営委員会,令和 6年,R060926B04,2024-09-26,（ 9月26日）,Y
委員会,令和 6年 決算特別委員会,令和 6年,R060926B05,2024-09-26,（ 9月26日）,Y
委員会,令和 6年 行政課題等調査検討特別委員会,令和 6年,R060926B07,2024-09-26,（ 9月26日）,Y
委員会,令和 6年 決算特別委員会,令和 6年,R061002B05,2024-10-02,（10月 2日）,Y
委員会,令和 6年 行政課題等調査検討特別委員会,令和 6年,R061007B07,2024-10-07,（10月 7日）,Y
委員会,令和 6年 決算特別委員会,令和 6年,R061018B05,2024-10-18,（10月18日）,Y
委員会,令和 6年 建設環境経済常任委員会,令和 6年,R061021B03,2024-10-21,（10月21日）,Y
委員会,令和 6年 総務常任委員会,令和 6年,R061025B01,2024-10-25,（10月25日）,Y
委員会,令和 6年 決算特別委員会,令和 6年,R061025B05,2024-10-25,（10月25日）,Y
委員会,令和 6年 決算特別委員会,令和 6年,R061028B05,2024-10-28,（10月28日）,Y
委員会,令和 6年 文教厚生常任委員会,令和 6年,R061029B02,2024-10-29,（10月29日）,Y
委員会,令和 6年 決算特別委員会,令和 6年,R061030B05,2024-10-30,（10月30日）,Y
委員会,令和 6年 決算特別委員会,令和 6年,R061107B05,2024-11-07,（11月 7日）,Y
委員会,令和 6年 行政課題等調査検討特別委員会,令和 6年,R061108B07,2024-11-08,（11月 8日）,Y
委員会,令和 6年 議会運営委員会,令和 6年,R061111B04,2024-11-11,（11月11日）,Y
委員会,令和 6年 決算特別委員会,令和 6年,R061111B05,2024-11-11,（11月11日）,Y
委員会,令和 6年 決算特別委員会,令和 6年,R061113B05,2024-11-13,（11月13日）,Y
委員会,令和 6年 決算特別委員会,令和 6年,R061114B05,2024-11-14,（11月14日）,Y
委員会,令和 6年 総務常任委員会,令和 6年,R061121B01,2024-11-21,（11月21日）,Y
委員会,令和 6年 文教厚生常任委員会,令和 6年,R061121B02,2024-11-21,（11月21日）,Y
委員会,令和 6年 建設環境経済常任委員会,令和 6年,R061121B03,2024-11-21,（11月21日）,Y
委員会,令和 6年 決算特別委員会,令和 6年,R061121B05,2024-11-21,（11月21日）,Y
委員会,令和 6年 決算特別委員会,令和 6年,R061122B05,2024-11-22,（11月22日）,Y
委員会,令和 6年 議会運営委員会,令和 6年,R061125B04,2024-11-25,（11月25日）,Y
本会議,令和 6年 12月定例会,令和 6年,R061203A,2024-12-03,（第 1日12月 3日）,Y
委員会,令和 6年 議会運営委員会,令和 6年,R061203B04,2024-12-03,（12月 3日）,Y
本会議,令和 6年 12月定例会,令和 6年,R061204A,2024-12-04,（第 2日12月 4日）,Y
委員会,令和 6年 議会運営委員会,令和 6年,R061204B04,2024-12-04,（12月 4日）,Y
本会議,令和 6年 12月定例会,令和 6年,R061205A,2024-12-05,（第 3日12月 5日）,Y
委員会,令和 6年 議会運営委員会,令和 6年,R061205B04,2024-12-05,（12月 5日）,Y
本会議,令和 6年 12月定例会,令和 6年,R061209A,2024-12-09,（第 4日12月 9日）,Y
委員会,令和 6年 議会運営委員会,令和 6年,R061209B04,2024-12-09,（12月 9日）,Y
本会議,令和 6年 12月定例会,令和 6年,R061210A,2024-12-10,（第 5日12月10日）,Y
委員会,令和 6年 総務常任委員会,令和 6年,R061211B01,2024-12-11,（12月11日）,Y
委員会,令和 6年 文教厚生常任委員会,令和 6年,R061211B02,2024-12-11,（12月11日）,Y
委員会,令和 6年 建設環境経済常任委員会,令和 6年,R061211B03,2024-12-11,（12月11日）,Y
委員会,令和 6年 行政課題等調査検討特別委員会,令和 6年,R061211B07,2024-12-11,（12月11日）,Y
委員会,令和 6年 総務常任委員会,令和 6年,R061212B01,2024-12-12,（12月12日）,Y
委員会,令和 6年 文教厚生常任委員会,令和 6年,R061212B02,2024-12-12,（12月12日）,Y
委員会,令和 6年 建設環境経済常任委員会,令和 6年,R061212B03,2024-12-12,（12月12日）,Y
本会議,令和 6年 12月定例会,令和 6年,R061213A,2024-12-13,（第 6日12月13日）,Y
委員会,令和 6年 議会運営委員会,令和 6年,R061213B04,2024-12-13,（12月13日）,Y
本会議,令和 6年 12月定例会,令和 6年,R061216A,2024-12-16,（第 7日12月16日）,Y
委員会,令和 6年 総務常任委員会,令和 6年,R061216B01,2024-12-16,（12月16日）,Y
委員会,令和 6年 文教厚生常任委員会,令和 6年,R061216B02,2024-12-16,（12月16日）,Y
委員会,令和 6年 建設環境経済常任委員会,令和 6年,R061216B03,2024-12-16,（12月16日）,Y
委員会,令和 6年 議会運営委員会,令和 6年,R061226B04,2024-12-26,（12月26日）,Y
委員会,令和 7年 行政課題等調査検討特別委員会,令和 7年,R070109B07,2025-01-09,（ 1月 9日）,Y
委員会,令和 7年 議会運営委員会,令和 7年,R070115B04,2025-01-15,（ 1月15日）,Y
本会議,令和 7年  1月臨時会,令和 7年,R070121A,2025-01-21,（第 1日 1月21日）,Y
委員会,令和 7年 総務常任委員会,令和 7年,R070121B01,2025-01-21,（ 1月21日）,Y
委員会,令和 7年 文教厚生常任委員会,令和 7年,R070121B02,2025-01-21,（ 1月21日）,Y
委員会,令和 7年 文教厚生常任委員会,令和 7年,R070122B02,2025-01-22,（ 1月22日）,Y
委員会,令和 7年 建設環境経済常任委員会,令和 7年,R070123B03,2025-01-23,（ 1月23日）,Y
委員会,令和 7年 行政課題等調査検討特別委員会,令和 7年,R070124B07,2025-01-24,（ 1月24日）,Y
委員会,令和 7年 議会運営委員会,令和 7年,R070128B04,2025-01-28,（ 1月28日）,Y
委員会,令和 7年 総務常任委員会,令和 7年,R070129B01,2025-01-29,（ 1月29日）,Y
委員会,令和 7年 行政課題等調査検討特別委員会,令和 7年,R070212B07,2025-02-12,（ 2月12日）,Y
委員会,令和 7年 議会運営委員会,令和 7年,R070214B04,2025-02-14,（ 2月14日）,Y
本会議,令和 7年  3月定例会,令和 7年,R070225A,2025-02-25,（第 1日 2月25日）,Y
委員会,令和 7年 議会運営委員会,令和 7年,R070225B04,2025-02-25,（ 2月25日）,Y
本会議,令和 7年  3月定例会,令和 7年,R070226A,2025-02-26,（第 2日 2月26日）,Y
本会議,令和 7年  3月定例会,令和 7年,R070227A,2025-02-27,（第 3日 2月27日）,Y
委員会,令和 7年 議会運営委員会,令和 7年,R070227B04,2025-02-27,（ 2月27日）,Y
委員会,令和 7年 総務常任委員会,令和 7年,R070228B01,2025-02-28,（ 2月28日）,Y
委員会,令和 7年 文教厚生常任委員会,令和 7年,R070228B02,2025-02-28,（ 2月28日）,Y
委員会,令和 7年 建設環境経済常任委員会,令和 7年,R070228B03,2025-02-28,（ 2月28日）,Y
委員会,令和 7年 総務常任委員会,令和 7年,R070303B01,2025-03-03,（ 3月 3日）,Y
委員会,令和 7年 議会運営委員会,令和 7年,R070303B04,2025-03-03,（ 3月 3日）,Y
本会議,令和 7年  3月定例会,令和 7年,R070304A,2025-03-04,（第 4日 3月 4日）,Y
委員会,令和 7年 議会運営委員会,令和 7年,R070304B04,2025-03-04,（ 3月 4日）,Y
本会議,令和 7年  3月定例会,令和 7年,R070305A,2025-03-05,（第 5日 3月 5日）,Y
本会議,令和 7年  3月定例会,令和 7年,R070306A,2025-03-06,（第 6日 3月 6日）,Y
本会議,令和 7年  3月定例会,令和 7年,R070307A,2025-03-07,（第 7日 3月 7日）,Y
委員会,令和 7年 議会運営委員会,令和 7年,R070307B04,2025-03-07,（ 3月 7日）,Y
本会議,令和 7年  3月定例会,令和 7年,R070310A,2025-03-10,（第 8日 3月10日）,Y
本会議,令和 7年  3月定例会,令和 7年,R070311A,2025-03-11,（第 9日 3月11日）,Y
委員会,令和 7年 議会運営委員会,令和 7年,R070311B04,2025-03-11,（ 3月11日）,Y
本会議,令和 7年  3月定例会,令和 7年,R070312A,2025-03-12,（第10日 3月12日）,Y
本会議,令和 7年  3月定例会,令和 7年,R070313A,2025-03-13,（第11日 3月13日）,Y
本会議,令和 7年  3月定例会,令和 7年,R070314A,2025-03-14,（第12日 3月14日）,Y
委員会,令和 7年 議会運営委員会,令和 7年,R070314B04,2025-03-14,（ 3月14日）,Y
本会議,令和 7年  3月定例会,令和 7年,R070317A,2025-03-17,（第13日 3月17日）,Y
本会議,令和 7年  3月定例会,令和 7年,R070318A,2025-03-18,（第14日 3月18日）,Y
委員会,令和 7年 文教厚生常任委員会,令和 7年,R070318B02,2025-03-18,（ 3月18日）,Y
委員会,令和 7年 総務常任委員会,令和 7年,R070319B01,2025-03-19,（ 3月19日）,Y
委員会,令和 7年 文教厚生常任委員会,令和 7年,R070319B02,2025-03-19,（ 3月19日）,Y
委員会,令和 7年 建設環境経済常任委員会,令和 7年,R070319B03,2025-03-19,（ 3月19日）,Y
委員会,令和 7年 行政課題等調査検討特別委員会,令和 7年,R070319B07,2025-03-19,（ 3月19日）,Y
委員会,令和 7年 総務常任委員会,令和 7年,R070321B01,2025-03-21,（ 3月21日）,Y
委員会,令和 7年 文教厚生常任委員会,令和 7年,R070321B02,2025-03-21,（ 3月21日）,Y
委員会,令和 7年 建設環境経済常任委員会,令和 7年,R070321B03,2025-03-21,（ 3月21日）,Y
委員会,令和 7年 総務常任委員会,令和 7年,R070324B01,2025-03-24,（ 3月24日）,Y
委員会,令和 7年 文教厚生常任委員会,令和 7年,R070324B02,2025-03-24,（ 3月24日）,Y
委員会,令和 7年 建設環境経済常任委員会,令和 7年,R070324B03,2025-03-24,（ 3月24日）,Y
委員会,令和 7年 総務常任委員会,令和 7年,R070325B01,2025-03-25,（ 3月25日）,Y
委員会,令和 7年 文教厚生常任委員会,令和 7年,R070325B02,2025-03-25,（ 3月25日）,Y
委員会,令和 7年 建設環境経済常任委員会,令和 7年,R070325B03,2025-03-25,（ 3月25日）,Y
本会議,令和 7年  3月定例会,令和 7年,R070327A,2025-03-27,（第15日 3月27日）,Y
委員会,令和 7年 総務常任委員会,令和 7年,R070327B01,2025-03-27,（ 3月27日）,Y
委員会,令和 7年 文教厚生常任委員会,令和 7年,R070327B02,2025-03-27,（ 3月27日）,Y
委員会,令和 7年 議会運営委員会,令和 7年,R070327B04,2025-03-27,（ 3月27日）,Y
委員会,令和 7年 議会運営委員会,令和 7年,R070404B04,2025-04-04,（ 4月 4日）,Y
委員会,令和 7年 行政課題等調査検討特別委員会,令和 7年,R070411B07,2025-04-11,（ 4月11日）,Y
委員会,令和 7年 総務常任委員会,令和 7年,R070422B01,2025-04-22,（ 4月22日）,Y
委員会,令和 7年 文教厚生常任委員会,令和 7年,R070422B02,2025-04-22,（ 4月22日）,Y
委員会,令和 7年 建設環境経済常任委員会,令和 7年,R070424B03,2025-04-24,（ 4月24日）,Y
委員会,令和 7年 行政課題等調査検討特別委員会,令和 7年,R070509B07,2025-05-09,（ 5月 9日）,Y
委員会,令和 7年 議会運営委員会,令和 7年,R070519B04,2025-05-19,（ 5月19日）,Y
委員会,令和 7年 総務常任委員会,令和 7年,R070526B01,2025-05-26,（ 5月26日）,Y
委員会,令和 7年 文教厚生常任委員会,令和 7年,R070527B02,2025-05-27,（ 5月27日）,Y
委員会,令和 7年 建設環境経済常任委員会,令和 7年,R070530B03,2025-05-30,（ 5月30日）,Y
委員会,令和 7年 行政課題等調査検討特別委員会,令和 7年,R070602B07,2025-06-02,（ 6月 2日）,Y
委員会,令和 7年 議会運営委員会,令和 7年,R070605B04,2025-06-05,（ 6月 5日）,Y
本会議,令和 7年  6月定例会,令和 7年,R070612A,2025-06-12,（第 1日 6月12日）,Y
委員会,令和 7年 総務常任委員会,令和 7年,R070612B01,2025-06-12,（ 6月12日）,Y
委員会,令和 7年 文教厚生常任委員会,令和 7年,R070612B02,2025-06-12,（ 6月12日）,Y
委員会,令和 7年 議会運営委員会,令和 7年,R070612B04,2025-06-12,（ 6月12日）,Y
本会議,令和 7年  6月定例会,令和 7年,R070613A,2025-06-13,（第 2日 6月13日）,Y
本会議,令和 7年  6月定例会,令和 7年,R070616A,2025-06-16,（第 3日 6月16日）,Y
委員会,令和 7年 議会運営委員会,令和 7年,R070616B04,2025-06-16,（ 6月16日）,Y
本会議,令和 7年  6月定例会,令和 7年,R070618A,2025-06-18,（第 4日 6月18日）,Y
本会議,令和 7年  6月定例会,令和 7年,R070619A,2025-06-19,（第 5日 6月19日）,Y
委員会,令和 7年 総務常任委員会,令和 7年,R070620B01,2025-06-20,（ 6月20日）,Y
委員会,令和 7年 文教厚生常任委員会,令和 7年,R070620B02,2025-06-20,（ 6月20日）,Y
委員会,令和 7年 建設環境経済常任委員会,令和 7年,R070620B03,2025-06-20,（ 6月20日）,Y
委員会,令和 7年 行政課題等調査検討特別委員会,令和 7年,R070620B07,2025-06-20,（ 6月20日）,Y
委員会,令和 7年 総務常任委員会,令和 7年,R070623B01,2025-06-23,（ 6月23日）,Y
委員会,令和 7年 文教厚生常任委員会,令和 7年,R070623B02,2025-06-23,（ 6月23日）,Y
委員会,令和 7年 建設環境経済常任委員会,令和 7年,R070623B03,2025-06-23,（ 6月23日）,Y
委員会,令和 7年 総務常任委員会,令和 7年,R070624B01,2025-06-24,（ 6月24日）,Y
委員会,令和 7年 議会運営委員会,令和 7年,R070624B04,2025-06-24,（ 6月24日）,Y
本会議,令和 7年  6月定例会,令和 7年,R070625A,2025-06-25,（第 6日 6月25日）,Y
委員会,令和 7年 総務常任委員会,令和 7年,R070625B01,2025-06-25,（ 6月25日）,Y
委員会,令和 7年 文教厚生常任委員会,令和 7年,R070625B02,2025-06-25,（ 6月25日）,Y
委員会,令和 7年 議会運営委員会,令和 7年,R070625B04,2025-06-25,（ 6月25日）,Y
委員会,令和 7年 議会運営委員会,令和 7年,R070701B04,2025-07-01,（ 7月 1日）,Y
委員会,令和 7年 行政課題等調査検討特別委員会,令和 7年,R070702B07,2025-07-02,（ 7月 2日）,Y
委員会,令和 7年 議会運営委員会,令和 7年,R070714B04,2025-07-14,（ 7月14日）,Y
委員会,令和 7年 行政課題等調査検討特別委員会,令和 7年,R070716B07,2025-07-16,（ 7月16日）,Y
本会議,令和 7年  7月臨時会,令和 7年,R070717A,2025-07-17,（第 1日 7月17日）,Y
委員会,令和 7年 文教厚生常任委員会,令和 7年,R070717B02,2025-07-17,（ 7月17日）,Y
委員会,令和 7年 議会運営委員会,令和 7年,R070717B04,2025-07-17,（ 7月17日）,Y
委員会,令和 7年 総務常任委員会,令和 7年,R070729B01,2025-07-29,（ 7月29日）,Y
委員会,令和 7年 建設環境経済常任委員会,令和 7年,R070729B03,2025-07-29,（ 7月29日）,Y
委員会,令和 7年 文教厚生常任委員会,令和 7年,R070730B02,2025-07-30,（ 7月30日）,Y
委員会,令和 7年 行政課題等調査検討特別委員会,令和 7年,R070804B07,2025-08-04,（ 8月 4日）,Y
委員会,令和 7年 議会運営委員会,令和 7年,R070807B04,2025-08-07,（ 8月 7日）,Y
委員会,令和 7年 行政課題等調査検討特別委員会,令和 7年,R070818B07,2025-08-18,（ 8月18日）,Y
委員会,令和 7年 総務常任委員会,令和 7年,R070825B01,2025-08-25,（ 8月25日）,Y
委員会,令和 7年 文教厚生常任委員会,令和 7年,R070825B02,2025-08-25,（ 8月25日）,Y
委員会,令和 7年 建設環境経済常任委員会,令和 7年,R070829B03,2025-08-29,（ 8月29日）,Y
委員会,令和 7年 議会運営委員会,令和 7年,R070902B04,2025-09-02,（ 9月 2日）,Y
本会議,令和 7年  9月定例会,令和 7年,R070909A,2025-09-09,（第 1日 9月 9日）,Y
委員会,令和 7年 総務常任委員会,令和 7年,R070909B01,2025-09-09,（ 9月 9日）,Y
委員会,令和 7年 議会運営委員会,令和 7年,R070909B04,2025-09-09,（ 9月 9日）,Y
本会議,令和 7年  9月定例会,令和 7年,R070910A,2025-09-10,（第 2日 9月10日）,Y
委員会,令和 7年 総務常任委員会,令和 7年,R070910B01,2025-09-10,（ 9月10日）,Y
委員会,令和 7年 文教厚生常任委員会,令和 7年,R070910B02,2025-09-10,（ 9月10日）,Y
委員会,令和 7年 建設環境経済常任委員会,令和 7年,R070910B03,2025-09-10,（ 9月10日）,Y
委員会,令和 7年 議会運営委員会,令和 7年,R070910B04,2025-09-10,（ 9月10日）,Y
委員会,令和 7年 行政課題等調査検討特別委員会,令和 7年,R070910B07,2025-09-10,（ 9月10日）,Y
本会議,令和 7年  9月定例会,令和 7年,R070911A,2025-09-11,（第 3日 9月11日）,Y
委員会,令和 7年 議会運営委員会,令和 7年,R070911B04,2025-09-11,（ 9月11日）,Y
本会議,令和 7年  9月定例会,令和 7年,R070912A,2025-09-12,（第 4日 9月12日）,Y
委員会,令和 7年 議会運営委員会,令和 7年,R070912B04,2025-09-12,（ 9月12日）,Y
本会議,令和 7年  9月定例会,令和 7年,R070917A,2025-09-17,（第 5日 9月17日）,Y
本会議,令和 7年  9月定例会,令和 7年,R070918A,2025-09-18,（第 6日 9月18日）,Y
委員会,令和 7年 総務常任委員会,令和 7年,R070919B01,2025-09-19,（ 9月19日）,Y
委員会,令和 7年 文教厚生常任委員会,令和 7年,R070919B02,2025-09-19,（ 9月19日）,Y
委員会,令和 7年 建設環境経済常任委員会,令和 7年,R070919B03,2025-09-19,（ 9月19日）,Y
委員会,令和 7年 行政課題等調査検討特別委員会,令和 7年,R070919B07,2025-09-19,（ 9月19日）,Y
委員会,令和 7年 総務常任委員会,令和 7年,R070922B01,2025-09-22,（ 9月22日）,Y
委員会,令和 7年 文教厚生常任委員会,令和 7年,R070922B02,2025-09-22,（ 9月22日）,Y
委員会,令和 7年 建設環境経済常任委員会,令和 7年,R070922B03,2025-09-22,（ 9月22日）,Y
委員会,令和 7年 議会運営委員会,令和 7年,R070924B04,2025-09-24,（ 9月24日）,Y
本会議,令和 7年  9月定例会,令和 7年,R070926A,2025-09-26,（第 7日 9月26日）,Y
委員会,令和 7年 議会運営委員会,令和 7年,R070926B04,2025-09-26,（ 9月26日）,Y
委員会,令和 7年 決算特別委員会,令和 7年,R070926B05,2025-09-26,（ 9月26日）,Y
委員会,令和 7年 議会運営委員会,令和 7年,R071008B04,2025-10-08,（10月 8日）,Y
委員会,令和 7年 決算特別委員会,令和 7年,R071008B05,2025-10-08,（10月 8日）,Y
委員会,令和 7年 議会運営委員会,令和 7年,R071021B04,2025-10-21,（10月21日）,Y
委員会,令和 7年 決算特別委員会,令和 7年,R071021B05,2025-10-21,（10月21日）,Y
委員会,令和 7年 行政課題等調査検討特別委員会,令和 7年,R071022B07,2025-10-22,（10月22日）,Y
委員会,令和 7年 決算特別委員会,令和 7年,R071027B05,2025-10-27,（10月27日）,Y
委員会,令和 7年 建設環境経済常任委員会,令和 7年,R071028B03,2025-10-28,（10月28日）,Y
委員会,令和 7年 総務常任委員会,令和 7年,R071029B01,2025-10-29,（10月29日）,Y
委員会,令和 7年 文教厚生常任委員会,令和 7年,R071030B02,2025-10-30,（10月30日）,Y
委員会,令和 7年 決算特別委員会,令和 7年,R071031B05,2025-10-31,（10月31日）,Y
委員会,令和 7年 決算特別委員会,令和 7年,R071104B05,2025-11-04,（11月 4日）,Y
委員会,令和 7年 決算特別委員会,令和 7年,R071105B05,2025-11-05,（11月 5日）,Y
委員会,令和 7年 決算特別委員会,令和 7年,R071112B05,2025-11-12,（11月12日）,Y
委員会,令和 7年 議会運営委員会,令和 7年,R071117B04,2025-11-17,（11月17日）,Y
委員会,令和 7年 決算特別委員会,令和 7年,R071117B05,2025-11-17,（11月17日）,Y
委員会,令和 7年 総務常任委員会,令和 7年,R071120B01,2025-11-20,（11月20日）,Y
委員会,令和 7年 建設環境経済常任委員会,令和 7年,R071120B03,2025-11-20,（11月20日）,Y
委員会,令和 7年 決算特別委員会,令和 7年,R071125B05,2025-11-25,（11月25日）,Y
委員会,令和 7年 文教厚生常任委員会,令和 7年,R071126B02,2025-11-26,（11月26日）,Y
委員会,令和 7年 決算特別委員会,令和 7年,R071127B05,2025-11-27,（11月27日）,Y
委員会,令和 7年 議会運営委員会,令和 7年,R071128B04,2025-11-28,（11月28日）,Y
委員会,令和 7年 決算特別委員会,令和 7年,R071128B05,2025-11-28,（11月28日）,Y
委員会,令和 7年 行政課題等調査検討特別委員会,令和 7年,R071201B07,2025-12-01,（12月 1日）,Y
本会議,令和 7年 12月定例会,令和 7年,R071205A,2025-12-05,（第 1日12月 5日）,Y
委員会,令和 7年 議会運営委員会,令和 7年,R071205B04,2025-12-05,（12月 5日）,Y
本会議,令和 7年 12月定例会,令和 7年,R071208A,2025-12-08,（第 2日12月 8日）,Y
委員会,令和 7年 議会運営委員会,令和 7年,R071208B04,2025-12-08,（12月 8日）,Y
本会議,令和 7年 12月定例会,令和 7年,R071209A,2025-12-09,（第 3日12月 9日）,Y
本会議,令和 7年 12月定例会,令和 7年,R071210A,2025-12-10,（第 4日12月10日）,Y
委員会,令和 7年 議会運営委員会,令和 7年,R071210B04,2025-12-10,（12月10日）,Y
本会議,令和 7年 12月定例会,令和 7年,R071211A,2025-12-11,（第 5日12月11日）,Y
本会議,令和 7年 12月定例会,令和 7年,R071212A,2025-12-12,（第 6日12月12日）,Y
委員会,令和 7年 総務常任委員会,令和 7年,R071215B01,2025-12-15,（12月15日）,Y
委員会,令和 7年 文教厚生常任委員会,令和 7年,R071215B02,2025-12-15,（12月15日）,Y
委員会,令和 7年 建設環境経済常任委員会,令和 7年,R071215B03,2025-12-15,（12月15日）,Y
委員会,令和 7年 総務常任委員会,令和 7年,R071216B01,2025-12-16,（12月16日）,Y
委員会,令和 7年 建設環境経済常任委員会,令和 7年,R071216B03,2025-12-16,（12月16日）,Y
委員会,令和 7年 文教厚生常任委員会,令和 7年,R071217B02,2025-12-17,（12月17日）,Y
本会議,令和 7年 12月定例会,令和 7年,R071218A,2025-12-18,（第 7日12月18日）,Y
委員会,令和 7年 議会運営委員会,令和 7年,R071218B04,2025-12-18,（12月18日）,Y
本会議,令和 7年 12月定例会,令和 7年,R071219A,2025-12-19,（第 8日12月19日）,Y
委員会,令和 7年 総務常任委員会,令和 7年,R071219B01,2025-12-19,（12月19日）,Y
委員会,令和 7年 文教厚生常任委員会,令和 7年,R071219B02,2025-12-19,（12月19日）,Y
委員会,令和 7年 行政課題等調査検討特別委員会,令和 7年,R071219B07,2025-12-19,（12月19日）,Y
本会議,令和 7年 12月定例会,令和 7年,R071222A,2025-12-22,（第 9日12月22日）,Y
委員会,令和 7年 議会運営委員会,令和 7年,R071222B04,2025-12-22,（12月22日）,Y
委員会,令和 8年 議会運営委員会,令和 8年,R080108B04,2026-01-08,（ 1月 8日）,Y
委員会,令和 8年 議会運営委員会,令和 8年,R080114B04,2026-01-14,（ 1月14日）,Y
本会議,令和 8年  1月臨時会,令和 8年,R080116A,2026-01-16,（第 1日 1月16日）,Y
委員会,令和 8年 総務常任委員会,令和 8年,R080116B01,2026-01-16,（ 1月16日）,Y
委員会,令和 8年 文教厚生常任委員会,令和 8年,R080116B02,2026-01-16,（ 1月16日）,Y
委員会,令和 8年 建設環境経済常任委員会,令和 8年,R080116B03,2026-01-16,（ 1月16日）,Y
委員会,令和 8年 文教厚生常任委員会,令和 8年,R080126B02,2026-01-26,（ 1月26日）,Y
委員会,令和 8年 行政課題等調査検討特別委員会,令和 8年,R080126B07,2026-01-26,（ 1月26日）,Y
委員会,令和 8年 建設環境経済常任委員会,令和 8年,R080127B03,2026-01-27,（ 1月27日）,Y
委員会,令和 8年 議会運営委員会,令和 8年,R080128B04,2026-01-28,（ 1月28日）,Y
委員会,令和 8年 議会運営委員会,令和 8年,R080202B04,2026-02-02,（ 2月 2日）,Y
委員会,令和 8年 議会運営委員会,令和 8年,R080205B04,2026-02-05,（ 2月 5日）,Y
委員会,令和 8年 議会運営委員会,令和 8年,R080213B04,2026-02-13,（ 2月13日）,Y
本会議,令和 8年  3月定例会,令和 8年,R080224A,2026-02-24,（第 1日 2月24日）,Y
委員会,令和 8年 議会運営委員会,令和 8年,R080224B04,2026-02-24,（ 2月24日）,Y
本会議,令和 8年  3月定例会,令和 8年,R080225A,2026-02-25,（第 2日 2月25日）,Y
本会議,令和 8年  3月定例会,令和 8年,R080226A,2026-02-26,（第 3日 2月26日）,Y
委員会,令和 8年 議会運営委員会,令和 8年,R080226B04,2026-02-26,（ 2月26日）,Y
委員会,令和 8年 総務常任委員会,令和 8年,R080227B01,2026-02-27,（ 2月27日）,Y
委員会,令和 8年 文教厚生常任委員会,令和 8年,R080227B02,2026-02-27,（ 2月27日）,Y
委員会,令和 8年 建設環境経済常任委員会,令和 8年,R080227B03,2026-02-27,（ 2月27日）,Y
委員会,令和 8年 総務常任委員会,令和 8年,R080302B01,2026-03-02,（ 3月 2日）,Y
委員会,令和 8年 議会運営委員会,令和 8年,R080302B04,2026-03-02,（ 3月 2日）,Y
本会議,令和 8年  3月定例会,令和 8年,R080303A,2026-03-03,（第 4日 3月 3日）,Y
本会議,令和 8年  3月定例会,令和 8年,R080304A,2026-03-04,（第 5日 3月 4日）,Y
委員会,令和 8年 総務常任委員会,令和 8年,R080304B01,2026-03-04,（ 3月 4日）,Y
本会議,令和 8年  3月定例会,令和 8年,R080305A,2026-03-05,（第 6日 3月 5日）,Y
委員会,令和 8年 議会運営委員会,令和 8年,R080305B04,2026-03-05,（ 3月 5日）,Y
本会議,令和 8年  3月定例会,令和 8年,R080306A,2026-03-06,（第 7日 3月 6日）,Y
本会議,令和 8年  3月定例会,令和 8年,R080309A,2026-03-09,（第 8日 3月 9日）,Y
委員会,令和 8年 議会運営委員会,令和 8年,R080309B04,2026-03-09,（ 3月 9日）,Y
本会議,令和 8年  3月定例会,令和 8年,R080310A,2026-03-10,（第 9日 3月10日）,Y
委員会,令和 8年 議会運営委員会,令和 8年,R080310B04,2026-03-10,（ 3月10日）,Y
本会議,令和 8年  3月定例会,令和 8年,R080311A,2026-03-11,（第10日 3月11日）,Y
委員会,令和 8年 議会運営委員会,令和 8年,R080311B04,2026-03-11,（ 3月11日）,Y
本会議,令和 8年  3月定例会,令和 8年,R080312A,2026-03-12,（第11日 3月12日）,Y
本会議,令和 8年  3月定例会,令和 8年,R080313A,2026-03-13,（第12日 3月13日）,Y
委員会,令和 8年 議会運営委員会,令和 8年,R080313B04,2026-03-13,（ 3月13日）,Y
本会議,令和 8年  3月定例会,令和 8年,R080316A,2026-03-16,（第13日 3月16日）,Y
本会議,令和 8年  3月定例会,令和 8年,R080317A,2026-03-17,（第14日 3月17日）,Y
委員会,令和 8年 総務常任委員会,令和 8年,R080318B01,2026-03-18,（ 3月18日）,Y
委員会,令和 8年 建設環境経済常任委員会,令和 8年,R080318B03,2026-03-18,（ 3月18日）,Y
委員会,令和 8年 行政課題等調査検討特別委員会,令和 8年,R080318B07,2026-03-18,（ 3月18日）,Y
委員会,令和 8年 文教厚生常任委員会,令和 8年,R080319B02,2026-03-19,（ 3月19日）,Y
委員会,令和 8年 建設環境経済常任委員会,令和 8年,R080319B03,2026-03-19,（ 3月19日）,Y
委員会,令和 8年 文教厚生常任委員会,令和 8年,R080323B02,2026-03-23,（ 3月23日）,Y
委員会,令和 8年 文教厚生常任委員会,令和 8年,R080324B02,2026-03-24,（ 3月24日）,Y
本会議,令和 8年  3月定例会,令和 8年,R080326A,2026-03-26,（第15日 3月26日）,Y
委員会,令和 8年 議会運営委員会,令和 8年,R080326B04,2026-03-26,（ 3月26日）,Y
委員会,令和 8年 議会運営委員会,令和 8年,R080415B04,2026-04-15,（ 4月15日）,Y
委員会,令和 8年 文教厚生常任委員会,令和 8年,R080423B02,2026-04-23,（ 4月23日）,Y
委員会,令和 8年 議会運営委員会,令和 8年,R080512B04,2026-05-12,（ 5月12日）,Y
本会議,令和 8年  5月臨時会,令和 8年,R080519A,2026-05-19,（第 1日 5月19日）,Y
委員会,令和 8年 議会運営委員会,令和 8年,R080519B04,2026-05-19,（ 5月19日）,Y
本会議,令和 8年  5月臨時会,令和 8年,R080520A,2026-05-20,（第 2日 5月20日）,Y
委員会,令和 8年 文教厚生常任委員会,令和 8年,R080526B02,2026-05-26,（ 5月26日）,Y
委員会,令和 8年 議会運営委員会,令和 8年,R080602B04,2026-06-02,（ 6月 2日）,Y
本会議,令和 8年  6月定例会,令和 8年,R080609A,2026-06-09,（第 1日 6月 9日）,Y
委員会,令和 8年 議会運営委員会,令和 8年,R080609B04,2026-06-09,（ 6月 9日）,Y
本会議,令和 8年  6月定例会,令和 8年,R080610A,2026-06-10,（第 2日 6月10日）,Y
委員会,令和 8年 議会運営委員会,令和 8年,R080610B04,2026-06-10,（ 6月10日）,Y
本会議,令和 8年  6月定例会,令和 8年,R080615A,2026-06-15,（第 3日 6月15日）,Y
本会議,令和 8年  6月定例会,令和 8年,R080616A,2026-06-16,（第 4日 6月16日）,Y
委員会,令和 8年 文教厚生常任委員会,令和 8年,R080617B02,2026-06-17,（ 6月17日）,Y
委員会,令和 8年 文教厚生常任委員会,令和 8年,R080618B02,2026-06-18,（ 6月18日）,Y
本会議,令和 8年  6月定例会,令和 8年,R080622A,2026-06-22,（第 5日 6月22日）,Y
委員会,令和 8年 文教厚生常任委員会,令和 8年,R080622B02,2026-06-22,（ 6月22日）,Y
委員会,令和 8年 議会運営委員会,令和 8年,R080622B04,2026-06-22,（ 6月22日）,Y
委員会,令和 8年 文教厚生常任委員会,令和 8年,R080730B02,2026-07-30,（ 7月30日）,Y
