fileName,No,位置番号,ページ(表示行のみ),ページ(繰越),発言者表記,冒頭
R050310A,,174,597,597,議事日程,
R050310A,1,6770,600,600,議長（今竹大祐君）,ただいまから３月定例市議会を再開いたします。 直ちに日程
R050310A,2,7298,,600,迫川高行君,おはようございます。 私のほうからは３点、簡潔にご質問を
R050310A,3,9662,601,601,議長（今竹大祐君）,健康こども部長。
R050310A,4,9704,,601,健康こども部長（福原裕子さん）,まず、母子健康手帳のデジタル化についてでございます。 母
R050310A,5,11400,602,602,議長（今竹大祐君）,１３番、迫川議員。
R050310A,6,11444,,602,迫川高行君,分かりました。母子保健情報のデジタル化については、国の方で
R050310A,7,13182,,602,議長（今竹大祐君）,健康こども部長。
R050310A,8,13224,,602,健康こども部長（福原裕子さん）,母子の関係につきましては、一部もう既に３から４箇月、１歳半
R050310A,9,13842,603,603,議長（今竹大祐君）,教育部長。
R050310A,10,13878,,603,教育委員会教育部長（永安正彦君）,フードドライブのことについてでございます。 学校におきま
R050310A,11,14902,,603,議長（今竹大祐君）,福祉部長。
R050310A,12,14938,,603,福祉部長（森岡修平君）,フードドライブの件でございます。 現在、福祉部のほうでは
R050310A,13,15602,,603,議長（今竹大祐君）,１３番、迫川議員。
R050310A,14,15646,,603,迫川高行君,教育現場でもこういったフードドライブ、フードロスの問題、ま
R050310A,15,16622,604,604,議長（今竹大祐君）,西村副市長。
R050310A,16,16660,,604,副市長（西村裕君）,フードドライブに関してのご質問でございます。 東京のほう
R050310A,17,17062,,604,議長（今竹大祐君）,他にありませんか。 １１番、岩見議員。
R050310A,18,17128,,604,岩見明君,衛生費の中で、ちょっと私のほうは、まず１つ目が地域医療のこ
R050310A,19,19708,605,605,議長（今竹大祐君）,健康こども部長。
R050310A,20,19750,,605,健康こども部長（福原裕子さん）,市全体の医療サービスの需給の把握等についてでございますが、
R050310A,21,20740,606,606,議長（今竹大祐君）,生活環境部長。
R050310A,22,20780,,606,生活環境部長（谷井寛君）,まず、地球温暖化対策のほうのご答弁をさせていただきます。
R050310A,23,23762,607,607,議長（今竹大祐君）,１１番、岩見議員。
R050310A,24,23806,,607,岩見明君,まずは医療の話なんですけど、本当、人口減少もしてくるし、高
R050310A,25,25672,608,608,議長（今竹大祐君）,まず、健康こども部長。
R050310A,26,25720,,608,健康こども部長（福原裕子さん）,先ほどもご答弁申し上げましたように、基本方針のほうが変わっ
R050310A,27,26328,,608,議長（今竹大祐君）,続いて、西村副市長。
R050310A,28,26374,,608,副市長（西村裕君）,議員ご指摘のとおり、総合計画の基本目標の１の５番目のところ
R050310A,29,27658,,608,議長（今竹大祐君）,次、生活環境部長。
R050310A,30,27714,609,609,生活環境部長（谷井寛君）,今年度ですね、当初予算では、この発電量による売電収入という
R050310A,31,28532,,609,議長（今竹大祐君）,休憩いたします。 （午前１０時
R050310A,32,28746,,609,議長（今竹大祐君）,再開し、答弁を求めます。 生活環境部長。
R050310A,33,28814,,609,生活環境部長（谷井寛君）,すみません。お時間頂きまして、申し訳ございませんでした。
R050310A,34,29222,,609,議長（今竹大祐君）,１１番、岩見議員。
R050310A,35,29266,,609,岩見明君,ありがとうございます。 本当、今回、広域ごみの部分は、非
R050310A,36,30130,610,610,議長（今竹大祐君）,休憩いたします。 （午前１０時
R050310A,37,30344,,610,議長（今竹大祐君）,再開いたします。 答弁を求めます。
R050310A,38,30406,,610,生活環境部長（谷井寛君）,何度も休憩いただきまして申し訳ないです。 ごみ処理費用の
R050310A,39,31040,,610,議長（今竹大祐君）,他にありませんか。 １６番、大西議員。
R050310A,40,31106,,610,大西由紀さん,私のほうからは、地球温暖化対策推進事業についてお伺いします
R050310A,41,32296,611,611,議長（今竹大祐君）,次に、生活環境部長。
R050310A,42,32342,,611,生活環境部長（谷井寛君）,まず、今回、補助金のほうで、電気自動車等、次世代の自動車の
R050310A,43,34566,612,612,議長（今竹大祐君）,１６番、大西議員。
R050310A,44,34610,,612,大西由紀さん,有料化だと誤解しているというふうにお答えになったんですけれ
R050310A,45,35998,,612,議長（今竹大祐君）,生活環境部長。
R050310A,46,36038,,612,生活環境部長（谷井寛君）,まず、指定ごみ袋についてです。 今、ご質問のありました、
R050310A,47,38406,613,613,議長（今竹大祐君）,１６番、大西議員。
R050310A,48,38450,,613,大西由紀さん,事業所が持っているアイデアとか取組ですね、そういうものをし
R050310A,49,39486,614,614,議長（今竹大祐君）,今の３点目の部分はもう答えておりますが、他市からという例も
R050310A,50,39682,,614,生活環境部長（谷井寛君）,まず、他市からの持ち込みのごみの部分で、先ほど量は分からな
R050310A,51,41290,615,615,議長（今竹大祐君）,次、１８番、鈴木議員。
R050310A,52,41338,,615,鈴木利信君,私もごみの指定袋のことで、ちょっとまずお聞きしたいと思いま
R050310A,53,41784,,615,議長（今竹大祐君）,生活環境部長。
R050310A,54,41824,,615,生活環境部長（谷井寛君）,まず１点目の自治会等の周知に関してです。 当然、先ほども
R050310A,55,43386,616,616,議長（今竹大祐君）,１８番、鈴木議員。
R050310A,56,43430,,616,鈴木利信君,そうしましたら、今までのごみ袋で公園清掃なんか十分、まだず
R050310A,57,44334,,616,議長（今竹大祐君）,生活環境部長。
R050310A,58,44374,,616,生活環境部長（谷井寛君）,自治会への説明につきましては、また順次、ご案内を差し上げま
R050310A,59,45224,,616,議長（今竹大祐君）,１８番、鈴木議員。
R050310A,60,45268,,616,鈴木利信君,そうですね。確かにしっかりと周知していただきたいんで、市民
R050310A,61,45494,617,617,議長（今竹大祐君）,生活環境部長。
R050310A,62,45534,,617,生活環境部長（谷井寛君）,これまでもですね、猫の被害につきましては、もう数多くの相談
R050310A,63,45890,,617,議長（今竹大祐君）,他にありませんか。 ５番、石﨑議員。
R050310A,64,45954,,617,石﨑徹君,すみません。私もこの飼い主のいない猫について、ちょっとお伺
R050310A,65,48470,618,618,議長（今竹大祐君）,生活環境部長。
R050310A,66,48510,,618,生活環境部長（谷井寛君）,まず、飼い主のいない猫の、地域猫かどうかの判別についてでご
R050310A,67,51118,619,619,議長（今竹大祐君）,５番、石﨑議員。
R050310A,68,51160,,619,石﨑徹君,ごみ減量についても、缶とか瓶とかね、月１回、毎月収集日を決
R050310A,69,52696,,619,議長（今竹大祐君）,生活環境部長。
R050310A,70,52748,620,620,生活環境部長（谷井寛君）,今回ですね、こういった不妊、去勢手術の制度を始めます。その
R050310A,71,53494,,620,議長（今竹大祐君）,１番、入江議員。
R050310A,72,53536,,620,入江啓太君,すみません。私のほうからは、環境衛生事業についてなんですけ
R050310A,73,54370,,620,議長（今竹大祐君）,生活環境部長。
R050310A,74,54410,,620,生活環境部長（谷井寛君）,生活環境部長。 先ほどの猫のことに関しても、この犬のマナ
R050310A,75,56380,621,621,議長（今竹大祐君）,１番、入江議員。
R050310A,76,56422,,621,入江啓太君,ありがとうございます。イエローカード作戦とか、なかなか最近
R050310A,77,57240,,621,議長（今竹大祐君）,生活環境部長。
R050310A,78,57280,,621,生活環境部長（谷井寛君）,事業としては継続しておるんですけど、今、ご指摘のようにあま
R050310A,79,58002,622,622,議長（今竹大祐君）,次、２番、坂本議員。
R050310A,80,58048,,622,坂本まりさん,私もすみません、飼い主のいない猫に対する猫不妊去勢手術費用
R050310A,81,59474,,622,議長（今竹大祐君）,生活環境部長。
R050310A,82,59514,,622,生活環境部長（谷井寛君）,生活環境部長。 まず、飼い主のいない猫という定義といいま
R050310A,83,61290,623,623,議長（今竹大祐君）,次、７番、芝本議員。
R050310A,84,61336,,623,芝本鎮彰君,私も猫について、ちょっと問いかけたいと思います。 今回、
R050310A,85,63494,624,624,議長（今竹大祐君）,生活環境部長。
R050310A,86,63534,,624,生活環境部長（谷井寛君）,まず１点目です。 飼い主のいない猫のこの補助金のもともと
R050310A,87,69070,626,626,議長（今竹大祐君）,７番、芝本議員。
R050310A,88,69112,,626,芝本鎮彰君,はい、ありがとうございます。電力の地産地消については、大体
R050310A,89,73188,628,628,議長（今竹大祐君）,生活環境部長。
R050310A,90,73228,,628,生活環境部長（谷井寛君）,まず、トラック等の促進事業の補助金に関しましては、白ナンバ
R050310A,91,76160,629,629,議長（今竹大祐君）,あとは建設環境経済常任委員会でお願いしますね。よろしいね。
R050310A,92,76340,,629,春増勝利君,ごみ減量化再資源化対策の指定ごみ袋についてお伺いします。
R050310A,93,76814,,629,議長（今竹大祐君）,生活環境部長。
R050310A,94,76854,,629,生活環境部長（谷井寛君）,今回ですね、この指定ごみ袋、かなり先ほどの周知の問題もあり
R050310A,95,78160,630,630,議長（今竹大祐君）,１４番、春増議員。
R050310A,96,78204,,630,春増勝利君,現在も回収されていないごみがあったら、そういう方々が善意で
R050310A,97,78990,,630,議長（今竹大祐君）,生活環境部長。
R050310A,98,79030,,630,生活環境部長（谷井寛君）,現在、収集につきましては市内直営でありましても、委託に関し
R050310A,99,79670,631,631,議長（今竹大祐君）,１４番、春増議員。
R050310A,100,79714,,631,春増勝利君,やはり地元自治会にしっかり周知をするということが大切だと思
R050310A,101,80012,,631,議長（今竹大祐君）,生活環境部長。
R050310A,102,80052,,631,生活環境部長（谷井寛君）,何度もご答弁させていただくことになりますけれども、この周知
R050310A,103,80394,,631,議長（今竹大祐君）,休憩いたします。 （午前１１時
R050310A,104,80608,,631,議長（今竹大祐君）,再開いたします。 午前中に引き続き議事を進めます。 第４
R050310A,105,80766,,631,川端宏明君,もう矢継ぎ早に申し上げさせていただきますが、衛生費の中で、
R050310A,106,82542,632,632,議長（今竹大祐君）,まず、健康こども部長。
R050310A,107,82590,,632,健康こども部長（福原裕子さん）,歯科保健センターにつきましては、２市２町の各関係機関による
R050310A,108,83910,633,633,議長（今竹大祐君）,生活環境部長。
R050310A,109,83950,,633,生活環境部長（谷井寛君）,まず、斎場についてです。高砂市の順番待ちの状況でございます
R050310A,110,85960,634,634,議長（今竹大祐君）,９番、川端議員。
R050310A,111,86002,,634,川端宏明君,歯科保健センター、令和６年度末で切れるということは、来年か
R050310A,112,86704,,634,議長（今竹大祐君）,健康こども部長。
R050310A,113,86746,,634,健康こども部長（福原裕子さん）,先ほども申し上げましたように、歯科保健センターの運営協議会
R050310A,114,87236,,634,議長（今竹大祐君）,今の件、私の方からも、先日の会議で、２市２町の市長、町長、
R050310A,115,87444,,634,生活環境部長（谷井寛君）,混雑時の対応につきましては、ここ１年通じまして、経験値も増
R050310A,116,87672,,634,議長（今竹大祐君）,１２番、藤森議員。
R050310A,117,87716,,634,藤森誠君,５点、項目挙げていますけれども、４点についてはもう午前中の
R050310A,118,88602,635,635,議長（今竹大祐君）,健康こども部長。
R050310A,119,88644,,635,健康こども部長（福原裕子さん）,残念ながら、高砂市で何人登録されているかとか、年に何人ぐら
R050310A,120,88970,,635,議長（今竹大祐君）,次、１７番、横田議員。
R050310A,121,89018,,635,横田英樹君,地球温暖化対策推進事業について、お伺いをいたします。 一
R050310A,122,89428,,635,議長（今竹大祐君）,休憩いたします。 （午後 １時
R050310A,123,89642,,635,議長（今竹大祐君）,再開いたします。 答弁を求めます。 生活環境部長。 ○
R050310A,124,89722,,635,生活環境部長（谷井寛君）,お時間頂きまして、すみません。 今回お示ししています各補
R050310A,125,90421,636,636,議長（今竹大祐君）,１７番、横田議員。
R050310A,126,90465,,636,横田英樹君,しっかりと、それについては把握をされておられて、その４，０
R050310A,127,91303,,636,議長（今竹大祐君）,生活環境部長。
R050310A,128,91343,,636,生活環境部長（谷井寛君）,地球温暖化対策をするのには、全部門、力を合わせていかなけれ
R050310A,129,91629,,636,議長（今竹大祐君）,他にありませんか。 １０番、島津議員。
R050310A,130,91695,,636,島津明香さん,衛生費について、端的にお伺いをしたいと思います。 まず、
R050310A,131,94205,637,637,議長（今竹大祐君）,まず、健康こども部長。
R050310A,132,94265,638,638,健康こども部長（福原裕子さん）,母子保健事業につきまして、令和５年度からの変更点でございま
R050310A,133,95029,,638,議長（今竹大祐君）,生活環境部長。
R050310A,134,95069,,638,生活環境部長（谷井寛君）,まず、地球温暖化対策の今後の政策の人員配置についてでござい
R050310A,135,97743,639,639,議長（今竹大祐君）,１０番、島津議員。
R050310A,136,97787,,639,島津明香さん,ちょっと答えていただいていない部分に関しては、２問目で聞い
R050310A,137,99453,640,640,議長（今竹大祐君）,健康こども部長。
R050310A,138,99495,,640,健康こども部長（福原裕子さん）,金額が変わることについて、年度の境目、どうするんですかとい
R050310A,139,100589,,640,議長（今竹大祐君）,残りの件については、まず、生活環境部長。
R050310A,140,100655,,640,生活環境部長（谷井寛君）,ゼロカーボンの推進に当たっての人員につきまして、当然、私ど
R050310A,141,102121,641,641,議長（今竹大祐君）,理事。
R050310A,142,102153,,641,理事（永井幹雄君）,ゼロカーボンの体制といいますか、人員の体制ですけれども、事
R050310A,143,102715,,641,議長（今竹大祐君）,１０番、島津議員。
R050310A,144,102759,,641,島津明香さん,すみません。妊婦検診の助成券についてなんですけれども、旧の
R050310A,145,104537,642,642,議長（今竹大祐君）,まず、健康こども部長。
R050310A,146,104585,,642,健康こども部長（福原裕子さん）,受診券がいつの分かというよりも、いつ受診したかということで
R050310A,147,104811,,642,議長（今竹大祐君）,ゼロカーボンに向けた取組の体制、理事。
R050310A,148,104875,,642,理事（永井幹雄君）,おっしゃいますように、ゼロカーボン、これ、高砂市にとっても
R050310A,149,105627,,642,議長（今竹大祐君）,議事進行で、１０番、島津議員。
R050310A,150,105695,643,643,島津明香さん,ごめんなさい。健康こども部長のおっしゃっていることがよく分
R050310A,151,106431,,643,議長（今竹大祐君）,休憩いたします。 （午後 １時
R050310A,152,106645,,643,議長（今竹大祐君）,再開し、答弁を求めます。 健康こども部長。
R050310A,153,106715,,643,健康こども部長（福原裕子さん）,健康こども部長。 説明が分かりにくくて申し訳ございません
R050310A,154,106985,,643,議長（今竹大祐君）,他にありませんか。 １９番、北野議員。
R050310A,155,107051,,643,北野誠一郎君,議会での議論は極力省いてやりたいと思います。 さっきのゼ
R050310A,156,108493,644,644,議長（今竹大祐君）,健康こども部長。
R050310A,157,108535,,644,健康こども部長（福原裕子さん）,がん検診の高砂市の受診率が大変低いということで、度々ご指摘
R050310A,158,110115,645,645,議長（今竹大祐君）,１９番、北野議員。
R050310A,159,110159,,645,北野誠一郎君,これをね、健康こども部長、担当だけで考えるのではないと思う
R050310A,160,112423,646,646,議長（今竹大祐君）,副市長。
R050310A,161,112457,,646,副市長（西村裕君）,議員からご提案あったＰＦＳですけれども、成果連動型の民間の
R050310A,162,114001,,646,議長（今竹大祐君）,１９番、北野議員。
R050310A,163,114045,,646,北野誠一郎君,詳しくは、ごみの関係についても建設環境経済常任委員会でやり
R050310A,164,114923,647,647,議長（今竹大祐君）,生活環境部長。
R050310A,165,114963,,647,生活環境部長（谷井寛君）,参考資料の中では、今ちょっと発信をさせていただきましたけれ
R050310A,166,115515,,647,議長（今竹大祐君）,６番、鷹尾議員。
R050310A,167,115557,,647,鷹尾治久君,電気自動車の周辺自治体のですね、購入補助について、分かる範
R050310A,168,115805,,647,議長（今竹大祐君）,生活環境部長。
R050310A,169,115845,,647,生活環境部長（谷井寛君）,今ご指摘のありました、他市との電気自動車等の補助金の比較、
R050310A,170,115995,,647,議長（今竹大祐君）,他にありませんね。 （「な
R050310A,171,116093,,647,議長（今竹大祐君）,ご質疑ありませんので、第４款衛生費の質疑を終わり、次に、第
R050310A,172,116279,,647,横田英樹君,勤労者労働対策事業と勤労者住宅資金融資事業について、お尋ね
R050310A,173,116971,648,648,議長（今竹大祐君）,生活環境部長。
R050310A,174,117011,,648,生活環境部長（谷井寛君）,まず、共同調査研究事業のこの機構ですね、につきましてお答え
R050310A,175,118651,,648,議長（今竹大祐君）,１７番、横田議員。
R050310A,176,118695,,648,横田英樹君,まず、そうしたら、金融事業、融資事業のほうからなんですけれ
R050310A,177,119497,649,649,議長（今竹大祐君）,生活環境部長。
R050310A,178,119537,,649,生活環境部長（谷井寛君）,まず、勤労者融資につきましては、先ほどちょっと説明したつも
R050310A,179,120655,,649,議長（今竹大祐君）,１７番、横田議員。
R050310A,180,120699,,649,横田英樹君,金額だけの比較になりますが、トーマツさんから出てきた資料で
R050310A,181,121031,650,650,議長（今竹大祐君）,生活環境部長。
R050310A,182,121071,,650,生活環境部長（谷井寛君）,この調査の結果につきまして、当然成果品として報告を受けるん
R050310A,183,121483,,650,議長（今竹大祐君）,他にありませんか。 （「な
R050310A,184,121581,,650,議長（今竹大祐君）,ご質疑ありませんので、第５款労働費の質疑を終わり、次に、第
R050310A,185,121773,,650,坂本まりさん,１点だけ確認させてください。 ため池点検調査業務委託計画
R050310A,186,122583,,650,議長（今竹大祐君）,上下水道部長。
R050310A,187,122623,,650,上下水道部長（井上陽介君）,おっしゃるとおり、現在、国土交通省発注の姫路ジャンクション
R050310A,188,123773,651,651,議長（今竹大祐君）,次、３番、松野議員。
R050310A,189,123819,,651,松野優也君,私のほうからは、新規就農者の総合育成総合対策事業について、
R050310A,190,124427,,651,議長（今竹大祐君）,生活環境部長。
R050310A,191,124467,,651,生活環境部長（谷井寛君）,この新規就農者総合育成体制対策事業につきましては、おっしゃ
R050310A,192,125807,652,652,議長（今竹大祐君）,３番、松野議員。
R050310A,193,125849,,652,松野優也君,はい、ありがとうございます。 ただいま、ちょっと説明の中
R050310A,194,126615,,652,議長（今竹大祐君）,生活環境部長。
R050310A,195,126655,,652,生活環境部長（谷井寛君）,失礼しました。参考資料のほうでですね、対象者の年齢について
R050310A,196,127681,653,653,議長（今竹大祐君）,３番、松野議員。
R050310A,197,127723,,653,松野優也君,はい、ありがとうございます。 ５年間サポートが受けられる
R050310A,198,128135,,653,議長（今竹大祐君）,生活環境部長。
R050310A,199,128175,,653,生活環境部長（谷井寛君）,後継者の担い手を増やしていくことが非常に困難になってきてお
R050310A,200,128479,,653,議長（今竹大祐君）,他にありませんか。 ９番、川端議員。
R050310A,201,128543,,653,川端宏明君,農地の保全について、また伺いたいと思います。 こういうふ
R050310A,202,131397,654,654,議長（今竹大祐君）,まず、農業委員会事務局長。
R050310A,203,131449,,654,農業委員会事務局長（西田幸生君）,まず、農地の保全についてということで、農地転用の現状につき
R050310A,204,133191,655,655,議長（今竹大祐君）,次に、生活環境部長。
R050310A,205,133237,,655,生活環境部長（谷井寛君）,２点目の豊かな海をつくるための取組に関しまして、予算では水
R050310A,206,134129,,655,議長（今竹大祐君）,９番、川端議員。
R050310A,207,134171,,655,川端宏明君,海の方からいきますけど、海広いですから、全体的な利用絶対量
R050310A,208,136679,656,656,議長（今竹大祐君）,生活環境部長。
R050310A,209,136719,,656,生活環境部長（谷井寛君）,生活環境部長。 海のことに関してでございます。 令和３年
R050310A,210,137357,657,657,議長（今竹大祐君）,農業委員会事務局長。
R050310A,211,137403,,657,農業委員会事務局長（西田幸生君）,農地の将来の保全についてでございますが、先ほど議員おっしゃ
R050310A,212,138193,,657,議長（今竹大祐君）,９番、川端議員。
R050310A,213,138235,,657,川端宏明君,よろしくお願いしたいと思います。 これ、ほんまに高砂を守
R050310A,214,139591,658,658,議長（今竹大祐君）,都倉市長。
R050310A,215,139627,,658,市長（都倉達殊君）,川端議員おっしゃるとおりで、やはり阿弥陀だけではないんです
R050310A,216,140269,,658,議長（今竹大祐君）,次、１７番、横田議員。
R050310A,217,140317,,658,横田英樹君,２点、お伺いいたします。 まずは、水田農業構造対策事業に
R050310A,218,141531,659,659,議長（今竹大祐君）,生活環境部長。
R050310A,219,141571,,659,生活環境部長（谷井寛君）,まず、水田農業構造改造対策事業についてでございます。 事
R050310A,220,142733,,659,議長（今竹大祐君）,１７番、横田議員。
R050310A,221,142777,,659,横田英樹君,ぜひとも第一人者の方には、成功を担保していただければと思い
R050310A,222,143563,,659,議長（今竹大祐君）,生活環境部長。
R050310A,223,143615,660,660,生活環境部長（谷井寛君）,この新規就農者へのサポートの中で、先ほどＪＡにも連携して入
R050310A,224,143953,,660,議長（今竹大祐君）,１７番、横田議員。
R050310A,225,143997,,660,横田英樹君,その中で、新規就農者の方のですね、事業計画とかは、綿密にご
R050310A,226,144227,,660,議長（今竹大祐君）,生活環境部長。
R050310A,227,144267,,660,生活環境部長（谷井寛君）,当然その新しく就農されていく中では、持続可能性ですね。この
R050310A,228,144655,,660,議長（今竹大祐君）,１８番、鈴木議員。
R050310A,229,144699,,660,鈴木利信君,森林整備のことで、ちょっとお聞かせいただきたいと思います。
R050310A,230,145291,,660,議長（今竹大祐君）,生活環境部長。
R050310A,231,145331,,660,生活環境部長（谷井寛君）,小規模森林整備事業に関して、令和４年度におきますその整備の
R050310A,232,145937,661,661,議長（今竹大祐君）,１８番、鈴木議員。
R050310A,233,145981,,661,鈴木利信君,すみません。一応ですね、とりあえず３年間限定で３年間終わっ
R050310A,234,146273,,661,議長（今竹大祐君）,休憩いたします。 （午後 ２時
R050310A,235,146487,,661,議長（今竹大祐君）,再開し、答弁を求めます。 生活環境部長。
R050310A,236,146555,,661,生活環境部長（谷井寛君）,失礼いたしました。 令和５年度に、このたび提案させていた
R050310A,237,146883,,661,議長（今竹大祐君）,他にありませんか。 １６番、大西議員。
R050310A,238,146949,,661,大西由紀さん,私も新規就農者総合育成総合対策事業についてお伺いしたいと思
R050310A,239,147829,662,662,議長（今竹大祐君）,生活環境部長。
R050310A,240,147869,,662,生活環境部長（谷井寛君）,新規就農者総合育成対策補助金につきまして、新規でやっていき
R050310A,241,148877,,662,議長（今竹大祐君）,１６番、大西議員。
R050310A,242,148921,,662,大西由紀さん,まさにこの土地で農業をするということ、しかも新しい方が農業
R050310A,243,149385,,662,議長（今竹大祐君）,生活環境部長。
R050310A,244,149425,,662,生活環境部長（谷井寛君）,新規就農者は貴重な方々でございます。先ほど、サポート体制の
R050310A,245,149957,663,663,議長（今竹大祐君）,７番、芝本議員。
R050310A,246,149999,,663,芝本鎮彰君,すみません。そしたら、問いたいと思います。 水路管理事業
R050310A,247,150425,,663,議長（今竹大祐君）,上下水道部長。
R050310A,248,150465,,663,上下水道部長（井上陽介君）,今年度から水路管理委託料を廃止して、管理者である市が原則実
R050310A,249,151017,,663,議長（今竹大祐君）,７番、芝本議員。
R050310A,250,151059,,663,芝本鎮彰君,ありがとうございます。 これによってですね、清掃箇所を絞
R050310A,251,151907,664,664,議長（今竹大祐君）,上下水道部長。
R050310A,252,151947,,664,上下水道部長（井上陽介君）,水路の既存物の加工とか修繕につきましては、市が所有する水路
R050310A,253,152491,,664,議長（今竹大祐君）,他にありませんか。 １９番、北野議員。
R050310A,254,152557,,664,北野誠一郎君,関連で１点だけ聞きます。 ちょっと私、その管理を全部、全
R050310A,255,153591,,664,議長（今竹大祐君）,上下水道部長。
R050310A,256,153631,,664,上下水道部長（井上陽介君）,申し訳ございません。そういった事例は私は承知していないとこ
R050310A,257,154225,665,665,議長（今竹大祐君）,休憩いたします。 （午後 ２時
R050310A,258,154439,,665,議長（今竹大祐君）,再開いたします。 休憩前に引き続き、議事を進めます。 先
R050310A,259,154603,,665,上下水道部長（井上陽介君）,お時間いただきありがとうございます。 休憩前の北野議員か
R050310A,260,155163,,665,議長（今竹大祐君）,そういうことです。 他にご発言ありませんか。
R050310A,261,155289,,665,議長（今竹大祐君）,ご質疑ありませんので、第６款農林水産業費の質疑を終わり、次
R050310A,262,155479,,665,山田光昭君,私のほうから、中小企業者キャッシュレスＤＸ化支援事業の件に
R050310A,263,156181,666,666,議長（今竹大祐君）,生活環境部長。
R050310A,264,156221,,666,生活環境部長（谷井寛君）,まず、この中小事業者のキャッシュレスＤＸ化の支援事業につき
R050310A,265,157479,,666,議長（今竹大祐君）,４番、山田議員。
R050310A,266,157521,,666,山田光昭君,先ほど部長のほうからありましたチラシの工夫ということで、ち
R050310A,267,158191,667,667,議長（今竹大祐君）,生活環境部長。
R050310A,268,158231,,667,生活環境部長（谷井寛君）,まず、この５事業の割り振り、先ほど想定は言いましたけれども
R050310A,269,158557,,667,議長（今竹大祐君）,４番、山田議員。
R050310A,270,158599,,667,山田光昭君,その辺、臨機応変にしていただけるということでありますので、
R050310A,271,159233,,667,議長（今竹大祐君）,生活環境部長。
R050310A,272,159273,,667,生活環境部長（谷井寛君）,申請の件数等々につきましては、随時ホームページで今、何件、
R050310A,273,159579,,667,議長（今竹大祐君）,次、１番、入江議員。
R050310A,274,159637,668,668,入江啓太君,すみません。１項４目観光費の観光振興事業について、質問をさ
R050310A,275,160561,,668,議長（今竹大祐君）,政策部長。
R050310A,276,160597,,668,政策部長（前田育司君）,現在、たかさご万灯祭につきましては、平成１９年度より始め、
R050310A,277,161931,669,669,議長（今竹大祐君）,１番、入江議員。
R050310A,278,161973,,669,入江啓太君,はい、ありがとうございます。 いろんな方を巻き込んでいっ
R050310A,279,162889,,669,議長（今竹大祐君）,政策部長。
R050310A,280,162925,,669,政策部長（前田育司君）,この万灯祭の事業につきましては、もう市全部を挙げてのイベン
R050310A,281,164021,,669,議長（今竹大祐君）,１番、入江議員。
R050310A,282,164063,,669,入江啓太君,はい、ありがとうございます。 かなり、市の職員の方々に負
R050310A,283,164913,670,670,議長（今竹大祐君）,市長。
R050310A,284,164945,,670,市長（都倉達殊君）,私自身も、万灯祭に関しましては、高砂コミュニティセンターの
R050310A,285,165891,,670,議長（今竹大祐君）,他にありませんか。 １１番 岩見議員。
R050310A,286,165957,,670,岩見明君,私のほうは、商工会議所に事業補助を出しているんですけど、こ
R050310A,287,166411,,670,議長（今竹大祐君）,生活環境部長。
R050310A,288,166463,671,671,生活環境部長（谷井寛君）,本市と商工会議所の連携の中で、今、お聞きされている中小事業
R050310A,289,167157,,671,議長（今竹大祐君）,１１番 岩見議員。
R050310A,290,167201,,671,岩見明君,高砂市にとったら、中小企業の進展というかね、事業の拡大とい
R050310A,291,168431,,671,議長（今竹大祐君）,生活環境部長。
R050310A,292,168471,,671,生活環境部長（谷井寛君）,この中小事業者の実態に応じた支援とか、今後の方策につきまし
R050310A,293,168977,672,672,議長（今竹大祐君）,続いて、政策部長。
R050310A,294,169021,,672,政策部長（前田育司君）,観光交流ビューローのほうの自立の考え方についてでございます
R050310A,295,169731,,672,議長（今竹大祐君）,１１番 岩見議員。
R050310A,296,169775,,672,岩見明君,実際、会員の増強というのも、実際難しかった、事実としてなか
R050310A,297,170605,,672,議長（今竹大祐君）,政策部長。
R050310A,298,170641,,672,政策部長（前田育司君）,観光交流ビューローをそのまま維持していくために、１つの方法
R050310A,299,172035,673,673,議長（今竹大祐君）,他に発言ありませんか。 １０番、島津議員。
R050310A,300,172105,,673,島津明香さん,まず、中小事業者のＤＸ推進というところで、他の方も様々聞か
R050310A,301,173957,674,674,議長（今竹大祐君）,生活環境部長。
R050310A,302,173997,,674,生活環境部長（谷井寛君）,まず、中小事業者のＤＸに関するご質問の部分で、市としてのＤ
R050310A,303,174737,,674,議長（今竹大祐君）,政策部長。
R050310A,304,174773,,674,政策部長（前田育司君）,市の観光交流ビューローとの関係、考え方というところでござい
R050310A,305,175533,675,675,議長（今竹大祐君）,１０番、島津議員。
R050310A,306,175577,,675,島津明香さん,分かりましたと言いますか、その言われていることは分かりまし
R050310A,307,177609,,675,議長（今竹大祐君）,政策部長。
R050310A,308,177645,,675,政策部長（前田育司君）,観光交流ビューローのところの考え方でございます。 市のほ
R050310A,309,178655,676,676,議長（今竹大祐君）,休憩いたします。 （午後 ４時
R050310A,310,178869,,676,議長（今竹大祐君）,再開いたします。 休憩前に引き続き、議事を進めます。 答
R050310A,311,178983,,676,政策部長（前田育司君）,お時間いただきましてありがとうございます。すみませんでした
R050310A,312,180383,677,677,議長（今竹大祐君）,１０番、島津議員。
R050310A,313,180427,,677,島津明香さん,はい、分かりました。 観光の考え方、またその観光交流ビュ
R050310A,314,181813,,677,議長（今竹大祐君）,政策部長。
R050310A,315,181849,,677,政策部長（前田育司君）,確かに、各万博等、イベントも含めて、それに高砂市をＰＲする
R050310A,316,182711,678,678,議長（今竹大祐君）,２番、坂本議員。
R050310A,317,182753,,678,坂本まりさん,通告させていただいてますキャッシュレスＤＸ化支援事業に関し
R050310A,318,184571,,678,議長（今竹大祐君）,政策部長。
R050310A,319,184607,,678,政策部長（前田育司君）,専門的人材のまず問題でございます。 専門的人材につきまし
R050310A,320,185965,679,679,議長（今竹大祐君）,２番、坂本議員。
R050310A,321,186007,,679,坂本まりさん,大きな方向性が出ないことには、その観光交流ビューローに求め
R050310A,322,186901,,679,議長（今竹大祐君）,休憩いたします。 （午後 ４時
R050310A,323,187127,680,680,議長（今竹大祐君）,再開いたします。 休憩前に引き続き議事を進めます。 答弁
R050310A,324,187239,,680,政策部長（前田育司君）,お時間いただきましてありがとうございます。 まず、専門人
R050310A,325,188005,,680,議長（今竹大祐君）,他にありませんか。 １７番、横田議員。
R050310A,326,188071,,680,横田英樹君,まず、中小企業のキャッシュレスＤＸ化支援事業補助金について
R050310A,327,190071,681,681,議長（今竹大祐君）,生活環境部長。
R050310A,328,190111,,681,生活環境部長（谷井寛君）,まず、中小企業のキャッシュレスＤＸ化支援事業ですね。今回ご
R050310A,329,191695,682,682,議長（今竹大祐君）,政策部長。
R050310A,330,191731,,682,政策部長（前田育司君）,私のほうから、ふるさと寄附金の件でございます。 こちらの
R050310A,331,192405,,682,議長（今竹大祐君）,１７番、横田議員。
R050310A,332,192449,,682,横田英樹君,中小企業のキャッシュレスで今、部長のほうからご回答いただき
R050310A,333,193719,,682,議長（今竹大祐君）,生活環境部長。
R050310A,334,193759,,682,生活環境部長（谷井寛君）,この事業メニュー、５つ用意させていただいて、このネーミング
R050310A,335,194401,683,683,議長（今竹大祐君）,次、１８番、鈴木議員。
R050310A,336,194449,,683,鈴木利信君,先ほどの横田議員の関連で、キャッシュレスのＤＸ化事業という
R050310A,337,195437,,683,議長（今竹大祐君）,まず、生活環境部長。
R050310A,338,195483,,683,生活環境部長（谷井寛君）,まず、ＤＸ化支援の補助金に関しての、周知相談の部分でござい
R050310A,339,196097,,683,議長（今竹大祐君）,２点目は関連ですね。 政策部長。
R050310A,340,196169,684,684,政策部長（前田育司君）,先ほどから、観光交流ビューローに関する専門人材の話が出てお
R050310A,341,197125,,684,議長（今竹大祐君）,他にありませんか。 １６番、大西議員。
R050310A,342,197191,,684,大西由紀さん,私も中小事業者キャッシュレスＤＸ化支援事業についてお伺いし
R050310A,343,197737,,684,議長（今竹大祐君）,生活環境部長。
R050310A,344,197777,,684,生活環境部長（谷井寛君）,まず、このインボイスの対応事業についてです。 このたび、
R050310A,345,198171,,684,議長（今竹大祐君）,１６番、大西議員。
R050310A,346,198227,685,685,大西由紀さん,インボイスは私は必要ないと思っていまして、国の制度としてや
R050310A,347,199435,,685,議長（今竹大祐君）,生活環境部長。
R050310A,348,199475,,685,生活環境部長（谷井寛君）,まず前段、インボイス対応事業につきましては、今年から始まる
R050310A,349,200293,,685,議長（今竹大祐君）,次、６番、鷹尾議員。
R050310A,350,200339,,685,鷹尾治久君,総務常任委員会に所属してるんですけど、皆さんのいらっしゃる
R050310A,351,202315,686,686,議長（今竹大祐君）,政策部長。
R050310A,352,202351,,686,政策部長（前田育司君）,ふるさと寄附金制度の返礼品につきましては、職員内での周知状
R050310A,353,203281,687,687,議長（今竹大祐君）,都市創造部長。
R050310A,354,203321,,687,都市創造部長（野々村正信君）,本市のふるさと納税の返礼品の中に、空き家管理サービスという
R050310A,355,204219,,687,議長（今竹大祐君）,６番、鷹尾議員。
R050310A,356,204261,,687,鷹尾治久君,まさしく、今１社です。私、その１社の方にお会いして、どこま
R050310A,357,205117,688,688,議長（今竹大祐君）,政策部長。
R050310A,358,205153,,688,政策部長（前田育司君）,この返礼品の中には、いろいろなサービスがございます。物品も
R050310A,359,205853,,688,議長（今竹大祐君）,他にありませんか。 １９番、北野議員。
R050310A,360,205919,,688,北野誠一郎君,私はですね、観光振興事業の高砂わくわく自転車プロジェクト、
R050310A,361,206837,,688,議長（今竹大祐君）,会議時間の延長をしておきます。 政策部長。
R050310A,362,206907,,688,政策部長（前田育司君）,この、本事業につきましては、国の地方創生推進交付金を活用し
R050310A,363,208679,689,689,議長（今竹大祐君）,１９番、北野議員。
R050310A,364,208723,,689,北野誠一郎君,まずこれ、サイクリングというか、去年は何かな、ちょっとふざ
R050310A,365,209615,690,690,議長（今竹大祐君）,休憩いたします。 （午後 ４時
R050310A,366,209829,,690,議長（今竹大祐君）,再開し、答弁を求めます。 政策部長。
R050310A,367,209893,,690,政策部長（前田育司君）,経済効果でございますけれども、今回の事業に関しまして、経済
R050310A,368,210171,,690,議長（今竹大祐君）,１９番、北野議員。
R050310A,369,210215,,690,北野誠一郎君,これ資料でですね、参考資料の中で、事業目的の（２）番に、広
R050310A,370,212255,691,691,議長（今竹大祐君）,政策部長。
R050310A,371,212291,,691,政策部長（前田育司君）,まず、ご答弁の漏れておりました近隣市との来年度の考え方でご
R050310A,372,213311,,691,議長（今竹大祐君）,そんなもん、あかんのんちゃうん。 ちょっと、やはりそこら
R050310A,373,214059,692,692,議長（今竹大祐君）,ご質疑ありませんので、第７款商工費の質疑を終わります。
R050310A,374,214281,,692,議長（今竹大祐君）,ご異議なしと認め、本日はこれで散会いたします。 明１１日
