号ID,通し番号,賛否表の件名,賛否表の結果,賛成,反対,欠席等,概要の件名,概要の種別,概要の結果,照合
D01,1,第3回令和4年度高砂市一般会計補正予算,可決,17,1,1,第3回令和4年度高砂市一般会計,補正予算,可決,一致
D01,2,沖縄を「捨て石」にしない安全保障政策を求める意見書の提出を求める陳情(注釈2),継続審議,16,2,1,沖縄を「捨て石」にしない安全保障政策を求める意見書の提出を求める陳情,陳情,継続審議,一致
D01,3,消費税インボイス制度の実施中止を求める陳情書,不採択,1,17,1,消費税インボイス制度の実施中止を求める陳情書,陳情,不採択,一致
D01,4,国に安倍元首相の国葬の中止を求める陳情,不採択,2,16,1,国に安倍元首相の国葬の中止を求める陳情,陳情,不採択,一致
D02,1,指定管理者の指定について,可決,17,1,1,指定管理者の指定について,事件議案,可決,一致
D02,2,特別職の職員で常勤のものの給与に関する条例の一部を改正する条例を定めることについて,可決,14,4,1,特別職の職員で常勤のものの給与に関する条例の一部を改正する条例を定めることについて,条例議案,可決,一致
D02,3,議会議員の議員報酬及び費用弁償に関する条例の一部を改正する条例を定めることについて,可決,14,4,1,議会議員の議員報酬及び費用弁償に関する条例の一部を改正する条例を定めることについて,条例議案,可決,一致
D02,4,高砂市個人情報の保護に関する条例を定めることについて,可決,17,1,1,高砂市個人情報の保護に関する条例を定めることについて,条例議案,可決,一致
D02,5,第6回令和4年度高砂市一般会計補正予算,可決,16,2,1,第6回令和4年度高砂市一般会計,補正予算,可決,一致
D02,6,第3回令和4年度高砂市水道事業会計補正予算,可決,16,2,1,第3回令和4年度高砂市水道事業会計,補正予算,可決,一致
D02,7,「高砂市野球場スコアボードの電光掲示板への改修」に関する陳情書（注釈3）,継続審議,17,1,1,「高砂市野球場スコアボードの電光掲示板への改修」に関する陳情書,陳情,継続審議,一致
D02,8,小・中学校の全児童・生徒の給食費を無償化することを求める陳情書,不採択,4,14,1,小・中学校の全児童・生徒の給食費を無償化することを求める陳情書,陳情,不採択,一致
D02,9,はりきゅうマッサージ指定施術所利用券の縮小廃止方針の撤廃を求める陳情（注釈3）,継続審議,16,2,1,はりきゅうマッサージ指定施術所利用券の縮小廃止方針の撤廃を求める陳情,陳情,継続審議,一致
D02,10,沖縄を「捨て石」にしない安全保障政策を求める意見書の提出を求める陳情（注釈3）,継続審議,16,2,1,沖縄を「捨て石」にしない安全保障政策を求める意見書の提出を求める陳情,陳情,継続審議,一致
D02,11,加齢性難聴者の補聴器購入に対する公的補助を求める陳情（注釈3）,継続審議,17,1,1,加齢性難聴者の補聴器購入に対する公的補助を求める陳情,陳情,継続審議,一致
D02,12,令和3年度高砂市一般会計歳入歳出決算認定について,認定,17,1,1,,,,概要になし
D02,13,令和3年度高砂市後期高齢者医療事業特別会計歳入歳出決算認定について,認定,17,1,1,,,,概要になし
D02,14,令和3年度高砂市介護保険事業特別会計歳入歳出決算認定について,認定,17,1,1,,,,概要になし
D02,15,令和3年度高砂市広域ごみ処理事業特別会計歳入歳出決算認定について,認定,17,1,1,,,,概要になし
D02,16,令和3年度高砂市水道事業会計決算認定について,認定,16,2,1,,,,概要になし
D03,1,第8回令和4年度高砂市一般会計補正予算,可決,17,1,1,第8回令和4年度高砂市一般会計,補正予算,可決,一致
D03,2,第3回令和4年度高砂市国民健康保険事業特別会計補正予算,可決,17,1,1,第3回令和4年度高砂市国民健康保険事業特別会計,補正予算,可決,一致
D03,3,第3回令和4年度高砂市後期高齢者医療事業特別会計補正予算,可決,17,1,1,第3回令和4年度高砂市後期高齢者医療事業特別会計,補正予算,可決,一致
D03,4,第3回令和4年度高砂市介護保険事業特別会計補正予算,可決,17,1,1,第3回令和4年度高砂市介護保険事業特別会計,補正予算,可決,一致
D03,5,高砂市民病院将来構想検討委員会条例を定めることについて,可決,17,1,1,高砂市民病院将来構想検討委員会条例を定めることについて,条例議案,可決,一致
D03,6,高砂市見守りカメラの設置及び運用に関する条例を定めることについて,可決,17,1,1,高砂市見守りカメラの設置及び運用に関する条例を定めることについて,条例議案,可決,一致
D03,7,高砂市国民健康保険条例の一部を改正する条例を定めることについて,可決,17,1,1,高砂市国民健康保険条例の一部を改正する条例を定めることについて,条例議案,可決,一致
D03,8,高砂市保育所条例等の一部を改正する条例を定めることについて,可決,17,1,1,高砂市保育所条例等の一部を改正する条例を定めることについて,条例議案,可決,一致
D03,9,高砂市水道事業給水条例及び高砂市水道を加古川市米田町地域へ市外給水をすることに関する条例の一部を改正する条例を定めることについて,可決,17,1,1,高砂市水道事業給水条例及び高砂市水道を加古川市米田町地域へ市外給水をすることに関する条例の一部を改正する条例を定めることについて,条例議案,可決,一致
D03,10,令和5年度高砂市一般会計予算,可決,17,1,1,令和5年度高砂市一般会計,予算,可決,一致
D03,11,令和5年度高砂市国民健康保険事業特別会計予算,可決,17,1,1,令和5年度高砂市国民健康保険事業特別会計,予算,可決,一致
D03,12,令和5年度高砂市後期高齢者医療事業特別会計予算,可決,17,1,1,令和5年度高砂市後期高齢者医療事業特別会計,予算,可決,一致
D03,13,令和5年度高砂市介護保険事業特別会計予算,可決,17,1,1,令和5年度高砂市介護保険事業特別会計,予算,可決,一致
D03,14,令和5年度高砂市水道事業会計予算,可決,17,1,1,令和5年度高砂市水道事業会計,予算,可決,一致
D03,15,令和5年度高砂市病院事業会計予算,可決,17,1,1,令和5年度高砂市病院事業会計,予算,可決,一致
D03,16,庁舎内における職員への政党機関紙の勧誘・配達・集金を自粛するよう求める陳情,趣旨採択,15,1,3,庁舎内における職員への政党機関紙の勧誘・配達・集金を自粛するよう求める陳情,陳情,趣旨採択,一致
D03,17,小・中学校の全児童・生徒の給食費を無償化することを求める陳情書,不採択,4,14,1,小・中学校の全児童・生徒の給食費を無償化することを求める陳情書,陳情,不採択,一致
D03,18,高砂市民病院を市直営の総合病院として存続させ、地域医療を守る役割を果たすことを求める陳情書,不採択,1,17,1,高砂市民病院を市直営の総合病院として存続させ、地域医療を守る役割を果たすことを求める陳情書,陳情,不採択,一致
D03,19,沖縄を「捨て石」にしない安全保障政策を求める意見書の提出を求める陳情,不採択,1,17,1,沖縄を「捨て石」にしない安全保障政策を求める意見書の提出を求める陳情,陳情,不採択,一致
D03,20,高砂市民病院を公立の総合病院として、存続と充実を求める陳情書,不採択,1,17,1,高砂市民病院を公立の総合病院として、存続と充実を求める陳情書,陳情,不採択,一致
D03,21,はりきゅうマッサージ指定施術所利用券の縮小廃止方針の撤廃を求める陳情,不採択,1,17,1,はりきゅうマッサージ指定施術所利用券の縮小廃止方針の撤廃を求める陳情,陳情,不採択,一致
D03,22,高砂市議会個人情報の保護に関する条例を定めることについて,可決,17,1,1,高砂市議会個人情報の保護に関する条例を定めることについて,条例議案,可決,一致
D03,23,日本全体で解決すべき問題として、普天間基地周辺の子どもたちを取り巻く空・水・土の安全の保障を求める陳情,継続審議,16,2,1,日本全体で解決すべき問題として、普天間基地周辺の子どもたちを取り巻く空・水・土の安全の保障を求める陳情,陳情,継続審議,一致
D03,24,加齢性難聴者の補聴器購入に対する公的補助を求める陳情,継続審議,17,1,1,加齢性難聴者の補聴器購入に対する公的補助を求める陳情,陳情,継続審議,一致
D03,25,「高砂市野球場スコアボードの電光掲示板への改修」に関する陳情書,継続審議,17,1,1,「高砂市野球場スコアボードの電光掲示板への改修」に関する陳情書,陳情,継続審議,一致
D04,1,工事請負契約を締結することについて,可決,18,0,1,工事請負契約を締結することについて,事件議案,可決,一致
D04,2,製造請負契約を締結することについて,可決,18,0,1,製造請負契約を締結することについて,事件議案,可決,一致
D04,3,高砂市市税条例の一部を改正する条例を定めることについて,可決,18,0,1,高砂市市税条例の一部を改正する条例を定めることについて,条例議案,可決,一致
D04,4,第1回令和5年度高砂市一般会計補正予算,可決,18,0,1,第1回令和5年度高砂市一般会計,補正予算,可決,一致
D04,5,工事請負契約を締結することについて,可決,17,1,1,工事請負契約を締結することについて,事件議案,可決,一致
D04,6,国に対し、適格請求書等保存方式（インボイス制度）の延期・見直しを求める陳情書,不採択,1,17,1,国に対し、適格請求書等保存方式（インボイス制度）の延期・見直しを求める陳情書,陳情,不採択,一致
D04,7,消費税インボイス制度（適格請求書等保存方式）の実施延期を求める陳情書,不採択,1,17,1,消費税インボイス制度（適格請求書等保存方式）の実施延期を求める陳情書,陳情,不採択,一致
D04,8,日本全体で解決すべき問題として、普天間基地周辺の子どもたちを取り巻く空・水・土の安全の保障を求める陳情,不採択,2,16,1,日本全体で解決すべき問題として、普天間基地周辺の子どもたちを取り巻く空・水・土の安全の保障を求める陳情,陳情,不採択,一致
D04,9,加齢性難聴者の補聴器購入に対する公的補助を求める陳情,継続審議,17,1,1,加齢性難聴者の補聴器購入に対する公的補助を求める陳情,陳情,継続審議,一致
D05,1,高砂市印鑑条例の一部を改正する条例を定めることについて,可決,17,1,1,高砂市印鑑条例の一部を改正する条例を定めることについて,条例議案,可決,一致
D05,2,高砂市廃棄物の処理及び清掃に関する条例の一部を改正する条例を定めることについて,可決,17,1,1,高砂市廃棄物の処理及び清掃に関する条例の一部を改正する条例を定めることについて,条例議案,可決,一致
D05,3,第3回令和5年度高砂市一般会計補正予算,可決,17,1,1,第3回令和5年度高砂市一般会計,補正予算,可決,一致
D05,4,第1回令和5年度高砂市後期高齢者医療事業特別会計補正予算,可決,17,1,1,第1回令和5年度高砂市後期高齢者医療事業特別会計,補正予算,可決,一致
D05,5,第1回令和5年度高砂市介護保険事業特別会計補正予算,可決,17,1,1,第1回令和5年度高砂市介護保険事業特別会計,補正予算,可決,一致
D05,6,高砂市教育センター駐車場の拡張を求める陳情,継続審議,17,1,1,高砂市教育センター駐車場の拡張を求める陳情書,陳情,継続審議,一致
D05,7,加齢性難聴者の補聴器購入に対する公的補助を求める陳情,継続審議,17,1,1,加齢性難聴者の補聴器購入に対する公的補助を求める陳情,陳情,継続審議,一致
D06,1,指定管理者の指定について（高砂市文化会館）,可決,17,1,1,指定管理者の指定について（高砂市文化会館）,事件議案,可決,一致
D06,2,指定管理者の指定について（高砂市民プール）,可決,17,1,1,指定管理者の指定について（高砂市民プール）,事件議案,可決,一致
D06,3,指定管理者の指定について（高砂市ユーアイ福祉交流センター）,可決,17,1,1,指定管理者の指定について（高砂市ユーアイ福祉交流センター）,事件議案,可決,一致
D06,4,高砂市会計年度任用職員の給与等に関する条例の一部を改正する条例を定めることについて,可決,17,1,1,高砂市会計年度任用職員の給与等に関する条例の一部を改正する条例を定めることについて,条例議案,可決,一致
D06,5,高砂市地域交流センター条例を定めることについて,可決,17,1,1,高砂市地域交流センター条例を定めることについて,条例議案,可決,一致
D06,6,高砂市市民サービスコーナー及び市民コーナー設置条例の一部を改正する条例を定めることについて,可決,17,1,1,高砂市市民サービスコーナー及び市民コーナー設置条例の一部を改正する条例を定めることについて,条例議案,可決,一致
D06,7,高砂市立幼保連携型認定こども園条例の一部を改正する等の条例を定めることについて,可決,17,1,1,高砂市立幼保連携型認定こども園条例の一部を改正する等の条例を定めることについて,条例議案,可決,一致
D06,8,高砂市福祉総合相談センター条例を定めることについて,可決,17,1,1,高砂市福祉総合相談センター条例を定めることについて,条例議案,可決,一致
D06,9,高砂市立公民館条例を廃止する条例を定めることについて,可決,17,1,1,高砂市立公民館条例を廃止する条例を定めることについて,条例議案,可決,一致
D06,10,高砂市水道事業給水条例の一部を改正する条例を定めることについて,可決,17,1,1,高砂市水道事業給水条例の一部を改正する条例を定めることについて,条例議案,可決,一致
D06,11,第7回令和5年度高砂市一般会計補正予算,可決,17,1,1,第7回令和5年度高砂市一般会計,補正予算,可決,一致
D06,12,第2回令和5年度高砂市国民健康保険事業特別会計補正予算,可決,17,1,1,第2回令和5年度高砂市国民健康保険事業特別会計,補正予算,可決,一致
D06,13,第2回令和5年度高砂市後期高齢者医療事業特別会計補正予算,可決,17,1,1,第2回令和5年度高砂市後期高齢者医療事業特別会計,補正予算,可決,一致
D06,14,第2回令和5年度高砂市介護保険事業特別会計補正予算,可決,17,1,1,第2回令和5年度高砂市介護保険事業特別会計,補正予算,可決,一致
D06,15,第2回令和5年度高砂市病院事業会計補正予算,可決,17,1,1,第2回令和5年度高砂市病院事業会計,補正予算,可決,一致
D06,16,高砂市民病院を市直営の総合病院として存続させ地域医療を守る役割を果たすことを求める陳情書,不採択,1,17,1,高砂市民病院を市直営の総合病院として存続させ地域医療を守る役割を果たすことを求める陳情書,陳情,不採択,一致
D06,17,年金制度における外国人への脱退一時金の是正を求める意見書の採択を求める陳情（注釈3）,継続審議,17,1,1,年金制度における外国人への脱退一時金の是正を求める意見書の採択を求める陳情書,陳情,継続審議,一致
D06,18,加齢性難聴者の補聴器購入に対する公的補助を求める陳情（注釈3）,継続審議,17,1,1,加齢性難聴者の補聴器購入に対する公的補助を求める陳情書,陳情,継続審議,一致
D06,19,令和4年度高砂市一般会計歳入歳出決算認定について,認定,17,1,1,,,,概要になし
D06,20,令和4年度高砂市国民健康保険事業特別会計歳入歳出決算認定について,認定,17,1,1,,,,概要になし
D06,21,令和4年度高砂市後期高齢者医療事業特別会計歳入歳出決算認定について,認定,17,1,1,,,,概要になし
D06,22,令和4年度高砂市介護保険事業特別会計歳入歳出決算認定について,認定,17,1,1,,,,概要になし
D06,23,令和4年度高砂市広域ごみ処理事業特別会計歳入歳出決算認定について,認定,17,1,1,,,,概要になし
D06,24,令和4年度高砂市水道事業会計決算認定について,認定,17,1,1,,,,概要になし
D06,25,令和4年度高砂市病院事業会計決算認定について,認定,17,1,1,,,,概要になし
D07,1,第9回令和5年度高砂市一般会計補正予算,可決,18,0,0,第9回令和5年度高砂市一般会計,補正予算,可決,一致
D07,2,第10回令和5年度高砂市一般会計補正予算,可決,17,1,0,第10回令和5年度高砂市一般会計,補正予算,可決,一致
D07,3,第5回令和5年度高砂市水道事業会計補正予算,可決,17,1,0,第5回令和5年度高砂市水道事業会計,補正予算,可決,一致
D07,4,高砂市国民健康保険条例の一部を改正する条例を定めることについて,可決,17,1,0,高砂市国民健康保険条例の一部を改正する条例を定めることについて,条例議案,可決,一致
D07,5,高砂市介護保険条例の一部を改正する条例を定めることについて,可決,17,1,0,高砂市介護保険条例の一部を改正する条例を定めることについて,条例議案,可決,一致
D07,6,令和6年度高砂市一般会計予算,可決,17,1,0,令和6年度高砂市一般会計,予算,可決,一致
D07,7,令和6年度高砂市国民健康保険事業特別会計予算,可決,17,1,0,令和6年度高砂市国民健康保険事業特別会計,予算,可決,一致
D07,8,令和6年度高砂市後期高齢者医療事業特別会計予算,可決,17,1,0,令和6年度高砂市後期高齢者医療事業特別会計,予算,可決,一致
D07,9,令和6年度高砂市介護保険事業特別会計予算,可決,17,1,0,令和6年度高砂市介護保険事業特別会計,予算,可決,一致
D07,10,加齢性難聴者の補聴器購入に対する公的補助を求める陳情,継続審議,17,1,0,加齢性難聴者の補聴器購入に対する公的補助を求める陳情,陳情,継続審議,一致
D07,11,年金制度における外国人への脱退一時金の是正を求める意見書の採択を求める陳情,継続審議,17,1,0,年金制度における外国人への脱退一時金の是正を求める意見書の採択を求める陳情,陳情,継続審議,一致
D08,1,兵庫県後期高齢者医療広域連合規約の変更について,可決,17,1,1,兵庫県後期高齢者医療広域連合規約の変更について,事件議案,可決,一致
D08,2,高砂市新たな学校づくり推進審議会条例を定めることについて,可決,17,1,1,高砂市新たな学校づくり推進審議会条例を定めることについて,条例議案,可決,一致
D08,3,特別職の職員で非常勤のものの報酬及び費用弁償に関する条例の一部を改正する条例を定めることについて,可決,17,1,1,特別職の職員で非常勤のものの報酬及び費用弁償に関する条例の一部を改正する条例を定めることについて,条例議案,可決,一致
D08,4,第1回令和6年度高砂市一般会計補正予算,可決,17,1,1,第1回令和6年度高砂市一般会計,補正予算,可決,一致
D08,5,日本政府にミャンマー軍が実施した徴兵制に対し、在留ミャンマー人、ならびに日本への避難を希望する若者たちの安全を確保するよう求める意見書の提出を求める陳情書,趣旨採択,16,2,1,日本政府にミャンマー軍が実施した徴兵制に対し、在留ミャンマー人、ならびに日本への避難を希望する若者たちの安全を確保するよう求める意見書の提出を求める陳情書,陳情,趣旨採択,一致
D08,6,加齢性難聴者の補聴器購入に対する公的補助を求める陳情,不採択,1,17,1,加齢性難聴者の補聴器購入に対する公的補助を求める陳情,陳情,不採択,一致
D08,7,日本政府にミャンマー軍が実施した徴兵制に対し、在留ミャンマー人、ならびに日本への避難を希望する若者たちの安全を確保するよう求める意見書の提出を求める陳情書,可決,17,1,1,,,,概要になし
D09,1,高砂市国民健康保険条例の一部を改正する条例を定めることについて,可決,17,1,0,高砂市国民健康保険条例の一部を改正する条例を定めることについて,条例議案,可決,一致
D09,2,高砂市急傾斜地崩壊対策事業分担金徴収条例を定めることについて,可決,17,1,0,高砂市急傾斜地崩壊対策事業分担金徴収条例を定めることについて,条例議案,可決,一致
D09,3,高砂市立学校条例等の一部を改正する条例を定めることについて,可決,17,1,0,高砂市立学校条例等の一部を改正する条例を定めることについて,条例議案,可決,一致
D09,4,第2回令和6年度高砂市一般会計補正予算,可決,17,1,0,第2回令和6年度高砂市一般会計,補正予算,可決,一致
D09,5,第1回令和6年度高砂市国民健康保険事業特別会計補正予算,可決,17,1,0,第1回令和6年度高砂市国民健康保険事業特別会計,補正予算,可決,一致
D09,6,第1回令和6年度高砂市後期高齢者医療事業特別会計補正予算,可決,17,1,0,第1回令和6年度高砂市後期高齢者医療事業特別会計,補正予算,可決,一致
D09,7,第1回令和6年度高砂市介護保険事業特別会計補正予算,可決,17,1,0,第1回令和6年度高砂市介護保険事業特別会計,補正予算,可決,一致
D10,1,指定管理者の指定について（高砂市工楽松右衛門旧宅）,可決,16,1,1,指定管理者の指定について（高砂市工楽松右衛門旧宅）,事件議案,可決,一致
D10,2,指定管理者の指定について（高砂市立図書館）,可決,16,1,1,指定管理者の指定について（高砂市立図書館）,事件議案,可決,一致
D10,3,姫路市及び高砂市における連携中枢都市圏形成に係る連携協約の一部を変更する連携協約の締結について,可決,16,1,1,姫路市及び高砂市における連携中枢都市圏形成に係る連携協約の一部を変更する連携協約の締結について,事件議案,可決,一致
D10,4,特別職の職員で常勤のものの給与に関する条例の一部を改正する条例を定めることについて,可決,14,3,1,特別職の職員で常勤のものの給与に関する条例の一部を改正する条例を定めることについて,条例議案,可決,一致
D10,5,議会議員の議員報酬及び費用弁償に関する条例の一部を改正する条例を定めることについて,可決,14,3,1,議会議員の議員報酬及び費用弁償に関する条例の一部を改正する条例を定めることについて,条例議案,可決,一致
D10,6,第6回令和6年度高砂市一般会計補正予算,可決,16,1,1,第6回令和6年度高砂市一般会計,補正予算,可決,一致
D10,7,第7回令和6年度高砂市一般会計補正予算,可決,16,1,1,第7回令和6年度高砂市一般会計,補正予算,可決,一致
D10,8,第4回令和6年度高砂市水道事業会計補正予算,可決,16,1,1,第4回令和6年度高砂市水道事業会計,補正予算,可決,一致
D10,9,第2回令和6年度高砂市病院事業会計補正予算,可決,16,1,1,第2回令和6年度高砂市病院事業会計,補正予算,可決,一致
D10,10,臓器移植に関わる不正取引、非人道性が疑われる国への渡航移植等を防止するための法整備等を求める意見書提出の陳情,継続審議,16,1,1,臓器移植に関わる不正取引、非人道性が疑われる国への渡航移植等を防止するための法整備等を求める意見書提出の陳情,陳情,継続審議,一致
D10,11,令和5年度高砂市一般会計歳入歳出決算認定について,認定,16,1,1,,,,概要になし
D10,12,令和5年度高砂市国民健康保険事業特別会計歳入歳出決算認定について,認定,16,1,1,,,,概要になし
D10,13,令和5年度高砂市後期高齢者医療事業特別会計歳入歳出決算認定について,認定,16,1,1,,,,概要になし
D10,14,令和5年度高砂市介護保険事業特別会計歳入歳出決算認定について,認定,16,1,1,,,,概要になし
D10,15,令和5年度高砂市水道事業会計決算認定について,認定,16,1,1,,,,概要になし
D10,16,令和5年度高砂市病院事業会計決算認定について,認定,16,1,1,,,,概要になし
D11,1,第8回令和6年度高砂市一般会計補正予算,可決,18,0,0,第8回令和6年度高砂市一般会計,補正予算,可決,一致
D11,2,第10回令和6年度高砂市一般会計補正予算,可決,16,1,1,第10回令和6年度高砂市一般会計,補正予算,可決,一致
D11,3,行政手続における特定の個人を識別するための番号の利用等に関する法律に基づく個人番号の利用及び特定個人情報の提供に関する条例の一部を改正する条例を定めることについて,可決,17,1,0,行政手続における特定の個人を識別するための番号の利用等に関する法律に基づく個人番号の利用及び特定個人情報の提供に関する条例の一部を改正する条例を定めることについて,条例議案,可決,一致
D11,4,刑法等の一部を改正する法律の施行に伴う関係条例の整理に関する条例を定めることについて,可決,17,1,0,刑法等の一部を改正する法律の施行に伴う関係条例の整理に関する条例を定めることについて,条例議案,可決,一致
D11,5,高砂市国民健康保険条例の一部を改正する条例を定めることについて,可決,17,1,0,高砂市国民健康保険条例の一部を改正する条例を定めることについて,条例議案,可決,一致
D11,6,令和7年度高砂市一般会計予算,可決,17,1,0,令和7年度高砂市一般会計,予算,可決,一致
D11,7,令和7年度高砂市国民健康保険事業特別会計予算,可決,17,1,0,令和7年度高砂市国民健康保険事業特別会計,予算,可決,一致
D11,8,令和7年度高砂市後期高齢者医療事業特別会計予算,可決,17,1,0,令和7年度高砂市後期高齢者医療事業特別会計,予算,可決,一致
D11,9,令和7年度高砂市介護保険事業特別会計予算,可決,17,1,0,令和7年度高砂市介護保険事業特別会計,予算,可決,一致
D11,10,臓器移植に関わる不正取引、非人道性が疑われる国への渡航移植等を防止するための法整備等を求める意見書提出の陳情,採択,17,1,0,臓器移植に関わる不正取引、非人道性が疑われる国への渡航移植等を防止するための法整備等を求める意見書提出の陳情,陳情,採択,一致
D11,11,高砂市議会個人情報の保護に関する条例の一部を改正する条例を定めることについて,可決,17,1,0,高砂市議会個人情報の保護に関する条例の一部を改正する条例を定めることについて,条例議案,可決,一致
D11,12,意見書提出のことについて（臓器移植に関わる不正な臓器取引、移植ツーリズム等を防止するための法整備等を求める意見書）,可決,17,1,0,,,,概要になし
D12,1,工事請負契約を締結することについて（伊保地域交流センター改修工事）,可決,18,0,0,工事請負契約を締結することについて（伊保地域交流センター改修工事）,事件議案,可決,一致
D12,2,工事請負契約を締結することについて（野球場改修工事）,可決,18,0,0,工事請負契約を締結することについて（野球場改修工事）,事件議案,可決,一致
D12,3,工事請負契約を締結することについて（旧入江家住宅主屋等保存修理工事）,可決,18,0,0,工事請負契約を締結することについて（旧入江家住宅主屋等保存修理工事）,事件議案,可決,一致
D12,4,工事請負契約を締結することについて（鹿島排水機場等解体工事）,可決,18,0,0,工事請負契約を締結することについて（鹿島排水機場等解体工事）,事件議案,可決,一致
D12,5,市有土地の売却について,可決,18,0,0,市有土地の売却について,事件議案,可決,一致
D12,6,高砂市市税条例の一部を改正する条例を定めることについて,可決,18,0,0,高砂市市税条例の一部を改正する条例を定めることについて,条例議案,可決,一致
D12,7,高砂市医療費助成条例の一部を改正する条例を定めることについて,可決,18,0,0,高砂市医療費助成条例の一部を改正する条例を定めることについて,条例議案,可決,一致
D12,8,第1回令和7年度高砂市一般会計補正予算,可決,18,0,0,第1回令和7年度高砂市一般会計,補正予算,可決,一致
D12,9,第2回令和7年度高砂市一般会計補正予算,可決,18,0,0,第2回令和7年度高砂市一般会計,補正予算,可決,一致
D12,10,第1回令和7年度高砂市国民健康保険事業特別会計補正予算,可決,18,0,0,第1回令和7年度高砂市国民健康保険事業特別会計,補正予算,可決,一致
D12,11,第1回令和7年度高砂市介護保険事業特別会計補正予算,可決,18,0,0,第1回令和7年度高砂市介護保険事業特別会計,補正予算,可決,一致
D12,12,少人数学級・教職員定数の改善及び義務教育費国庫負担制度2分の1復元に関する件,採択,18,0,0,少人数学級・教職員定数の改善及び義務教育費国庫負担制度2分の1復元に関する件,陳情,採択,一致
D12,13,動産の買入れについて,可決,18,0,0,動産の買入れについて,事件議案,可決,一致
D12,14,第3回令和7年度高砂市一般会計補正予算,可決,18,0,0,第3回令和7年度高砂市一般会計,補正予算,可決,一致
D13,1,高砂市部設置条例の一部を改正する条例を定めることについて,継続審議,16,2,0,高砂市部設置条例の一部を改正する条例を定めることについて,条例議案,継続審議と,一致
D13,2,第5回令和7年度高砂市一般会計補正予算,可決,17,1,0,第5回令和7年度高砂市一般会計,補正予算,可決,一致
D13,3,第2回令和7年度高砂市国民健康保険事業特別会計補正予算,可決,17,1,0,第2回令和7年度高砂市国民健康保険事業特別会計,補正予算,可決,一致
D13,4,第1回令和7年度高砂市後期高齢者医療事業特別会計補正予算,可決,17,1,0,第1回令和7年度高砂市後期高齢者医療事業特別会計,補正予算,可決,一致
D13,5,第2回令和7年度高砂市介護保険事業特別会計,可決,17,1,0,第2回令和7年度高砂市介護保険事業特別会計,補正予算,可決,一致
D13,6,高砂商工会議所会館建替支援に関する陳情書,趣旨採択,17,1,0,高砂商工会議所会館建替支援に関する陳情書,陳情,趣旨採択,一致
D13,7,「消費税減税を求める意見書」の国への送付を求める陳情書,不採択,2,16,0,「消費税減税を求める意見書」の国への送付を求める陳情書,陳情,不採択,一致
D13,8,インボイス制度の廃止をめざし、事業者の負担を軽減する経過措置を継続するよう求める意見書を国に送付することを求める陳情書,不採択,1,17,0,インボイス制度の廃止をめざし、事業者の負担を軽減する経過措置を継続するよう求める意見書を国に送付することを求める陳情書,陳情,不採択,一致
D13,9,高砂市民病院を市直営の公立病院として存続を求める陳情書,不採択,1,17,0,高砂市民病院を市直営の公立病院として存続を求める陳情書,陳情,不採択,一致
D14,1,高砂市市民税減免基準等の廃止について,可決,17,1,0,高砂市市民税減免基準等の廃止について,事件議案,可決,一致
D14,2,高砂市職員の給与に関する条例の一部を改正する条例を定めることについて,可決,17,1,0,高砂市職員の給与に関する条例の一部を改正する条例を定めることについて,条例議案,可決,一致
D14,3,特別職の職員で常勤のものの給与に関する条例の一部を改正する条例を定めることについて（注2）,可決,10,8,0,特別職の職員で常勤のものの給与に関する条例の一部を改正する条例を定めることについて,条例議案,可決,一致
D14,4,議会議員の議員報酬及び費用弁償に関する条例の一部を改正する条例を定めることについて（注2）,可決,10,8,0,議会議員の議員報酬及び費用弁償に関する条例の一部を改正する条例を定めることについて,条例議案,可決,一致
D14,5,高砂市市税条例の一部を改正する条例を定めることについて,可決,17,1,0,高砂市市税条例の一部を改正する条例を定めることについて,条例議案,可決,一致
D14,6,高砂市民プール条例を廃止する条例を定めることについて,可決,17,1,0,高砂市民プール条例を廃止する条例を定めることについて,条例議案,可決,一致
D14,7,高砂市乳児等通園支援事業の設備及び運営に関する基準を定める条例を定めることについて,可決,17,1,0,高砂市乳児等通園支援事業の設備及び運営に関する基準を定める条例を定めることについて,条例議案,可決,一致
D14,8,高砂市病院事業の設置等に関する条例の一部を改正する等の条例を定めることについて,可決,17,1,0,高砂市病院事業の設置等に関する条例の一部を改正する等の条例を定めることについて,条例議案,可決,一致
D14,9,第6回令和7年度高砂市一般会計補正予算,可決,17,1,0,第6回令和7年度高砂市一般会計,補正予算,可決,一致
D14,10,臓器移植に関わる不正な臓器取引や移植目的の渡航等を防止し、国民が知らずに犯罪に巻き込まれることを防ぐための環境整備等を求める意見書提出の陳情,採択,17,1,0,臓器移植に関わる不正な臓器取引や移植目的の渡航等を防止し、国民が知らずに犯罪に巻き込まれることを防ぐための環境整備等を求める意見書提出の陳情,陳情,採択,一致
D14,11,令和6年度高砂市一般会計歳入歳出決算認定について,認定,17,1,0,,,,概要になし
D14,12,令和6年度高砂市国民健康保険事業特別会計歳入歳出決算認定について,認定,17,1,0,,,,概要になし
D14,13,令和6年度高砂市後期高齢者医療事業特別会計歳入歳出決算認定について,認定,17,1,0,,,,概要になし
D14,14,令和6年度高砂市介護保険事業特別会計歳入歳出決算認定について,認定,17,1,0,,,,概要になし
D15,1,高予第1号第8回令和7年度高砂市一般会計補正予算,議決結果 可決,17,1,0,,,,概要外(臨時会など)
D15,2,高予第2号第3回令和7年度高砂市水道事業会計補正予算,議決結果 可決,18,0,0,,,,概要外(臨時会など)
D15,3,高議第1号～同第4号、同第6.7号、同第10.11号、同第13号～同第19号、高予第6号～同第9号、同第15号～同第18号,議決結果 可決,18,0,0,,,,グループ表示で一致
D15,4,高議第5号、同第8.9号、同第12号、高予第3号～同第5号、同第10号～同第14号,議決結果 可決,17,1,0,,,,グループ表示で一致
D15,5,国に国民の主食である米の価格を統制することを求める意見書の提出に関する陳情書,議決結果 不採択,0,18,0,国に国民の主食である米の価格を統制することを求める意見書の提出に関する陳情書,陳情,不採択,一致
D16,1,高予第19号、同第20号,可決,18,0,0,,,,グループ表示で一致
D16,2,高議第22号,可決,16,2,0,,,,グループ表示で一致
D16,3,高議第23号,可決,17,1,0,,,,グループ表示で一致
D16,4,高予第21号,可決,17,1,0,,,,グループ表示で一致
D16,5,高議第24号～同第29号、同第32号、高予第23号～同第25号,可決,18,0,0,,,,グループ表示で一致
D16,6,高予第22号,可決,17,1,0,,,,グループ表示で一致
D16,7,mRNAワクチン（レプリコンワクチンを含む）接種事業中止の意見書提出を求める陳情書,不採択,0,18,0,mRNA ワクチン（レプリコンワクチンを含む）接種事業中止の意見書提出を求める陳情書,陳情,不採択,一致
D16,8,子どものゆたかな学びと育ちを保障するための2027年度政府予算に係る件,採択,18,0,0,子どものゆたかな学びと育ちを保障するための2027 年度政府予算に係る件,陳情,採択,一致
D16,9,高すぎる国民健康保険料の引き下げ、抜本的改善を求める陳情,不採択,1,17,0,高すぎる国民健康保険料の引き下げ、抜本的改善を求める陳情,陳情,不採択,一致
