会議,議案番号,件名(議事日程),最初の日,最後の日,登場した日数,近くの結果語(上位)
令和4年9月定例会,高議第34号,議長の選挙について 第 5,R040920A,R040920A,1,異議ありません1
令和4年9月定例会,高議第35号,副議長の選挙について 第 6 議席の決定 第 7,R040920A,R040920A,1,異議ありません1
令和4年9月定例会,高議第36号,常任委員会委員の選任について 第 8,R040920A,R040920A,1,異議ありません1
令和4年9月定例会,高議第37号,議会運営委員会委員の定数及び選任について ...........................................................,R040920A,R040920A,1,異議ありません1
令和4年9月定例会,高予第25号,第3回令和4年度高砂市一般会計補正予算 ............................................................,R040926A,R041005A,3,了承2/承認1/起立1/異議ありません1
令和4年9月定例会,高報第8号,専決処分をしたものにつき承認を求めることについて 高専第1号 第2回令和4年度高砂市一般会計補正予算に ついて 第 3,R040926A,R040926A,1,承認4
令和4年9月定例会,高報第9号,健全化判断比率及び資金不足比率の報告について 第 4,R040926A,R040926A,1,
令和4年9月定例会,高議第38号,財産の無償譲渡について 第 5,R040926A,R041005A,2,了承2/異議ありません1
令和4年9月定例会,高議第39号,財産の無償譲渡について 第 6,R040926A,R041005A,2,了承2
令和4年9月定例会,高議第40号,市有土地の売却について 第 7,R040926A,R041005A,2,了承2
令和4年9月定例会,高議第41号,高砂市職員の定年等に関する条例等の一部を改正する等の条 例を定めることについて 第 8,R040926A,R041005A,2,了承2
令和4年9月定例会,高議第42号,高砂市職員の高齢者部分休業に関する条例を定めることにつ いて 第 9,R040926A,R041005A,2,了承2
令和4年9月定例会,高議第43号,高砂市職員の育児休業等に関する条例の一部を改正する条例 を定めることについて 第10,R040926A,R041005A,2,了承2
令和4年9月定例会,高議第44号,東播臨海広域クリーンセンター運営基金条例の一部を改正す る条例を定めることについて 第11,R040926A,R041005A,2,了承2
令和4年9月定例会,高議第45号,高砂市手数料条例の一部を改正する条例を定めることについ て 第12,R040926A,R041005A,2,了承2/認定1
令和4年9月定例会,高議第46号,高砂市建築手数料条例の一部を改正する条例を定めることに ついて 第13,R040926A,R041005A,2,了承2/承認1
令和4年9月定例会,高議第47号,高砂市学校給食費に関する条例を定めることについて 第14,R040926A,R041005A,2,了承2/承認1/異議ありません1
令和4年9月定例会,高予第26号,第1回令和4年度高砂市国民健康保険事業特別会計補正予算 第 4,R040927A,R041005A,2,了承2
令和4年9月定例会,高予第27号,第1回令和4年度高砂市後期高齢者医療事業特別会計補正予 算 第 5,R040927A,R041005A,2,了承2
令和4年9月定例会,高予第28号,第1回令和4年度高砂市介護保険事業特別会計補正予算 第 6,R040927A,R041005A,2,了承2
令和4年9月定例会,高予第29号,第2回令和4年度高砂市広域ごみ処理事業特別会計補正予算 第 7,R040927A,R041005A,2,了承2
令和4年9月定例会,高予第30号,第2回令和4年度高砂市水道事業会計補正予算 第 8,R040927A,R041005A,2,了承2
令和4年9月定例会,高予第31号,第1回令和4年度高砂市工業用水道事業会計補正予算 第 9,R040927A,R041005A,2,了承2
令和4年9月定例会,高予第32号,第1回令和4年度高砂市下水道事業会計補正予算 第10,R040927A,R041005A,2,了承2
令和4年9月定例会,高予第33号,第1回令和4年度高砂市病院事業会計補正予算 第11 陳情のこと 沖縄を「捨て石」にしない安全保障政策を求める意見書の提 出を求める陳情 辺野古を止める!全国基地,R040927A,R041005A,2,了承2/異議ありません1
令和4年9月定例会,高予第34号,第4回令和4年度高砂市一般会計補正予算 (追加提案) 第27,R041005A,R041005A,1,認定2/了承2
令和4年9月定例会,高議第48号,令和3年度高砂市一般会計歳入歳出決算認定について 第29,R041005A,R041005A,1,認定3/継続審査2
令和4年9月定例会,高議第49号,令和3年度高砂市国民健康保険事業特別会計歳入歳出決算認 定について 第30,R041005A,R041005A,1,認定2
令和4年9月定例会,高議第50号,令和3年度高砂市後期高齢者医療事業特別会計歳入歳出決算 認定について 第31,R041005A,R041005A,1,認定2
令和4年9月定例会,高議第51号,令和3年度高砂市介護保険事業特別会計歳入歳出決算認定に ついて 第32,R041005A,R041005A,1,認定2
令和4年9月定例会,高議第52号,令和3年度高砂市広域ごみ処理事業特別会計歳入歳出決算認 定について 第33,R041005A,R041005A,1,認定2
令和4年9月定例会,高議第53号,令和3年度高砂市水道事業会計決算認定について 第34,R041005A,R041005A,1,認定2
令和4年9月定例会,高議第54号,令和3年度高砂市工業用水道事業会計決算認定について 第35,R041005A,R041005A,1,認定2
令和4年9月定例会,高議第55号,令和3年度高砂市下水道事業会計決算認定について 第36,R041005A,R041005A,1,認定2
令和4年9月定例会,高議第56号,令和3年度高砂市病院事業会計決算認定について (追加提案) 第37,R041005A,R041005A,1,認定3/継続審査2
令和4年9月定例会,高議第57号,高砂市民病院経営改善対策特別委員会を設けることについて (追加提案) 第26,R041005A,R041005A,1,認定2/継続審査2
令和4年9月定例会,高議第58号,兵庫県後期高齢者医療広域連合議会議員の選挙について 第28,R041005A,R041005A,1,認定2/異議ありません1
令和4年9月定例会,高議第59号,決算特別委員会を設けることについて 第38 閉会中の継続調査の申し出について .........................................,R041005A,R041005A,1,異議ありません1
令和4年12月定例会,高予第35号,第6回令和4年度高砂市一般会計補正予算 ............................................................,R041206A,R041216A,3,賛成多数2/承認1/起立1/異議ありません1
令和4年12月定例会,高報第10号,専決処分をしたものにつき承認を求めることについて 高専第2号 第5回令和4年度高砂市一般会計補正予算に ついて 第 3,R041206A,R041206A,1,承認4
令和4年12月定例会,高報第11号,専決処分をしたものにつき承認を求めることについて 高専第3号 損害賠償の額を定めることについて 第 4,R041206A,R041206A,1,承認4
令和4年12月定例会,高議第60号,財産の無償譲渡について 第 5,R041206A,R041216A,2,了承2/異議ありません1
令和4年12月定例会,高議第61号,指定管理者の指定について 第 6,R041206A,R041216A,2,賛成多数2
令和4年12月定例会,高議第62号,姫路市及び高砂市における連携中枢都市圏形成に係る連携協 約の一部を変更する連携協約の締結について 第 7,R041206A,R041216A,2,了承2
令和4年12月定例会,高議第63号,高砂市職員の給与に関する条例の一部を改正する条例を定め ることについて 第 8,R041206A,R041216A,2,了承2
令和4年12月定例会,高議第64号,特別職の職員で常勤のものの給与に関する条例の一部を改正 する条例を定めることについて 第 9,R041206A,R041216A,2,賛成多数2
令和4年12月定例会,高議第65号,議会議員の議員報酬及び費用弁償に関する条例の一部を改正 する条例を定めることについて 第10,R041206A,R041216A,2,賛成多数2
令和4年12月定例会,高議第66号,高砂市会計年度任用職員の給与等に関する条例の一部を改正 する条例を定めることについて 第11,R041206A,R041216A,2,了承2
令和4年12月定例会,高議第67号,高砂市個人情報の保護に関する条例を定めることについて 第12,R041206A,R041216A,2,了承2/承認1
令和4年12月定例会,高議第68号,高砂市文化会館条例の一部を改正する条例を定めることにつ いて 第13,R041206A,R041216A,2,了承2/承認1/異議ありません1
令和4年12月定例会,高予第36号,第2回令和4年度高砂市国民健康保険事業特別会計補正予算 第 4,R041207A,R041216A,2,了承2
令和4年12月定例会,高予第37号,第2回令和4年度高砂市後期高齢者医療事業特別会計補正予 算 第 5,R041207A,R041216A,2,了承2
令和4年12月定例会,高予第38号,第2回令和4年度高砂市介護保険事業特別会計補正予算 第 6,R041207A,R041216A,2,了承2
令和4年12月定例会,高予第39号,第3回令和4年度高砂市広域ごみ処理事業特別会計補正予算 第 7,R041207A,R041216A,2,了承2
令和4年12月定例会,高予第40号,第3回令和4年度高砂市水道事業会計補正予算 第 8,R041207A,R041216A,2,了承2
令和4年12月定例会,高予第41号,第2回令和4年度高砂市工業用水道事業会計補正予算 第 9,R041207A,R041216A,2,了承2
令和4年12月定例会,高予第42号,第2回令和4年度高砂市下水道事業会計補正予算 第10,R041207A,R041216A,2,了承2
令和4年12月定例会,高予第43号,第2回令和4年度高砂市病院事業会計補正予算 第11 陳情のこと 高砂市議会から厚生労働省に潜在看護師を活用する意見書を 提出することに関する陳情書 社会の歪を鋭,R041207A,R041216A,2,了承2/異議ありません1
令和4年12月定例会,高予第44号,第7回令和4年度高砂市一般会計補正予算 (追加提案) 第37,R041216A,R041216A,1,同意2/了承2
令和4年12月定例会,高諮第14号,人権擁護委員の候補者の推薦につき意見を求めることについ て 第39 閉会中の継続調査の申し出について .............................,R041216A,R041216A,1,異議ありません1
令和4年12月定例会,高議第48号,令和3年度高砂市一般会計歳入歳出決算認定について (継続審査中のもの) 第28,R041216A,R041216A,1,認定5
令和4年12月定例会,高議第49号,令和3年度高砂市国民健康保険事業特別会計歳入歳出決算認 定について (継続審査中のもの) 第29,R041216A,R041216A,1,認定3/継続審査1
令和4年12月定例会,高議第50号,令和3年度高砂市後期高齢者医療事業特別会計歳入歳出決算 認定について (継続審査中のもの) 第30,R041216A,R041216A,1,認定5
令和4年12月定例会,高議第51号,令和3年度高砂市介護保険事業特別会計歳入歳出決算認定に ついて (継続審査中のもの) 第31,R041216A,R041216A,1,認定4/継続審査1
令和4年12月定例会,高議第52号,令和3年度高砂市広域ごみ処理事業特別会計歳入歳出決算認 定について (継続審査中のもの) 第32,R041216A,R041216A,1,認定4/継続審査1
令和4年12月定例会,高議第53号,令和3年度高砂市水道事業会計決算認定について (継続審査中のもの) 第33,R041216A,R041216A,1,認定5
令和4年12月定例会,高議第54号,令和3年度高砂市工業用水道事業会計決算認定について (継続審査中のもの) 第34,R041216A,R041216A,1,認定4
令和4年12月定例会,高議第55号,令和3年度高砂市下水道事業会計決算認定について (継続審査中のもの) 第35,R041216A,R041216A,1,認定4
令和4年12月定例会,高議第56号,令和3年度高砂市病院事業会計決算認定について (追加提案) 第36,R041216A,R041216A,1,認定4
令和4年12月定例会,高議第69号,教育長を任命するにつき同意を求めることについて (追加提案) 第38,R041216A,R041216A,1,同意4
令和5年3月定例会,高予第1号,第8回令和4年度高砂市一般会計補正予算 ............................................................,R050224A,R050302A,3,了承2/起立1
令和5年3月定例会,高報第1号,審査請求の却下について 第 3,R050224A,R050224A,1,
令和5年3月定例会,高議第1号,高砂市庁舎建設基金条例を廃止する条例を定めることについ て 第 4,R050224A,R050302A,2,了承2
令和5年3月定例会,高議第2号,高砂市市営住宅条例の一部を改正する条例を定めることにつ いて 第 5,R050224A,R050302A,2,了承2
令和5年3月定例会,高予第2号,第3回令和4年度高砂市国民健康保険事業特別会計補正予算 第 4,R050227A,R050302A,2,賛成多数2
令和5年3月定例会,高予第3号,第3回令和4年度高砂市後期高齢者医療事業特別会計補正予 算 第 5,R050227A,R050302A,2,賛成多数2
令和5年3月定例会,高予第4号,第3回令和4年度高砂市介護保険事業特別会計補正予算 第 6,R050227A,R050302A,2,賛成多数2
令和5年3月定例会,高予第5号,第4回令和4年度高砂市広域ごみ処理事業特別会計補正予算 第 7,R050227A,R050302A,2,了承2
令和5年3月定例会,高予第6号,第4回令和4年度高砂市水道事業会計補正予算 第 8,R050227A,R050302A,2,了承2
令和5年3月定例会,高予第7号,第3回令和4年度高砂市下水道事業会計補正予算 第 9,R050227A,R050302A,2,了承2
令和5年3月定例会,高予第8号,第3回令和4年度高砂市病院事業会計補正予算 ..........................................................,R050227A,R050302A,2,了承2
令和5年3月定例会,高予第9号,令和5年度高砂市一般会計補正予算 ...............................................................,R050307A,R050327A,7,了承2/認定1/起立1/異議ありません1
令和5年3月定例会,高報第4号,市道路線の変更について 第 4,R050307A,R050307A,1,認定2
令和5年3月定例会,高議第11号,高砂市保育所条例等の一部を改正する条例を定めることにつ いて 第10,R050307A,R050327A,2,賛成多数2
令和5年3月定例会,高議第12号,高砂市特別会計条例の一部を改正する条例を定めることにつ いて 第11,R050307A,R050327A,2,了承2
令和5年3月定例会,高議第13号,高砂市手数料条例の一部を改正する条例を定めることについ て 第12,R050307A,R050327A,2,了承2/認定1
令和5年3月定例会,高議第14号,高砂市建築手数料条例の一部を改正する条例を定めることに ついて 第13,R050307A,R050327A,2,了承2/認定1
令和5年3月定例会,高議第15号,高砂市水道事業給水条例及び高砂市水道を加古川市米田町地 域へ市外給水をすることに関する条例の一部を改正する条例 を定めることについて 第14,R050307A,R050327A,2,了承2
令和5年3月定例会,高議第16号,高砂市消防団員の定員、任用、給与及び服務等に関する条例 の一部を改正する条例を定めることについて 第15,R050307A,R050327A,2,了承2/認定1
令和5年3月定例会,高議第3号,市道路線の認定について 第 3,R050307A,R050327A,2,認定8
令和5年3月定例会,高議第5号,姫路市道認定に関し承諾をすることについて 第 5,R050307A,R050327A,2,認定8
令和5年3月定例会,高議第6号,高砂市民病院将来構想検討委員会条例を定めることについて 第 6,R050307A,R050327A,2,了承3
令和5年3月定例会,高議第7号,高砂市職員の定年等に関する条例の一部を改正する条例を定 めることについて 第 7,R050307A,R050327A,2,了承2
令和5年3月定例会,高議第8号,高砂市見守りカメラの設置及び運用に関する条例を定めるこ とについて 第 8,R050307A,R050327A,2,了承2
令和5年3月定例会,高議第9号,高砂市医療費助成条例の一部を改正する条例を定めることに ことについて 第 9,R050307A,R050327A,2,了承2
令和5年3月定例会,高予第10号,令和5年度高砂市国民健康保険事業特別会計予算 第 5,R050314A,R050327A,2,賛成多数2/異議ありません1
令和5年3月定例会,高予第11号,令和5年度高砂市後期高齢者医療事業特別会計予算 第 6,R050314A,R050327A,2,賛成多数2
令和5年3月定例会,高予第12号,令和5年度高砂市介護保険事業特別会計予算 第 7,R050314A,R050327A,2,賛成多数2
令和5年3月定例会,高予第13号,令和5年度高砂市水道事業会計予算 第 8,R050314A,R050327A,2,了承2
令和5年3月定例会,高予第14号,令和5年度高砂市工業用水道事業会計予算 第 9,R050314A,R050327A,2,了承2
令和5年3月定例会,高予第15号,令和5年度高砂市下水道事業会計予算 第10,R050314A,R050327A,2,了承2
令和5年3月定例会,高予第16号,令和5年度高砂市病院事業会計予算 第11 陳情のこと 日本全体で解決すべき問題として、普天間基地周辺の子ども たちを取り巻く空・水・土の安全の保障を求める陳情 ,R050314A,R050327A,2,賛成多数2
令和5年3月定例会,高議第10号,高砂市国民健康保険条例の一部を改正する条例を定めること について 第 4,R050314A,R050327A,2,賛成多数2/異議ありません1
令和5年3月定例会,高議第17号,監査委員を選任するにつき同意を求めることについて (追加提案) 第37,R050327A,R050327A,1,同意4
令和5年3月定例会,高議第18号,固定資産評価審査委員会委員を選任するにつき同意を求める ことについて (追加提案) 第38,R050327A,R050327A,1,同意4
令和5年3月定例会,高議第19号,高砂市議会個人情報の保護に関する条例を定めることについ て (追加提案) 第36,R050327A,R050327A,1,同意3/異議ありません1
令和5年3月定例会,高議第20号,意見書提出のことについて (「特定商取引法平成28年改正における5年後見直しに基 づく同法の抜本的改正」を求める意見書) 第39 閉会中の継続調査の申し出につい,R050327A,R050327A,1,認定1/採択1
令和5年3月定例会,高議第4号,市道路線の変更について 第 4,R050327A,R050327A,1,認定2/了承2
令和5年5月臨時会,高予第17号,第1回令和5年度高砂市一般会計補正予算 ............................................................,R050522A,R050522A,1,了承2/承認1
令和5年5月臨時会,高報第2号,専決処分をしたものにつき承認を求めることについて 高専第1号 高砂市市税条例の一部を改正する条例を定め ることについて 第 5,R050522A,R050522A,1,承認5
令和5年5月臨時会,高報第3号,専決処分をしたものにつき承認を求めることについて 高専第2号 新築の住宅等に対して課する固定資産税軽減 に関する条例の一部を改正する条例を定める ことについて ,R050522A,R050522A,1,承認5
令和5年5月臨時会,高報第4号,専決処分をしたものにつき承認を求めることについて 高専第3号 高砂市職員の特殊勤務手当に関する条例の一 部を改正する条例を定めることについて 第 7,R050522A,R050522A,1,承認5
令和5年5月臨時会,高議第21号,工事請負契約を締結することについて 第 8,R050522A,R050522A,1,了承2
令和5年5月臨時会,高議第22号,製造請負契約を締結することについて 第 9,R050522A,R050522A,1,了承2/承認1
令和5年5月臨時会,高議第23号,高砂市市税条例の一部を改正する条例を定めることについて 第10,R050522A,R050522A,1,了承2/承認1
令和5年6月定例会,高予第18号,第2回令和5年度高砂市一般会計補正予算 ............................................................,R050620A,R050630A,3,了承2/承認1/起立1/異議ありません1
令和5年6月定例会,高報第10号,令和4年度高砂市下水道事業会計予算繰越計算書について 第 8,R050620A,R050620A,1,
令和5年6月定例会,高報第11号,一般財団法人高砂市勤労福祉財団の経営状況の報告について 第 9,R050620A,R050620A,1,
令和5年6月定例会,高報第12号,公益財団法人高砂市施設利用振興財団の経営状況の報告につ いて 第10,R050620A,R050620A,1,
令和5年6月定例会,高報第5号,専決処分をしたものにつき承認を求めることについて 高専第4号 第1回令和5年度高砂市水道事業会計補正予 算について 第 3,R050620A,R050620A,1,承認4
令和5年6月定例会,高報第6号,専決処分をしたものにつき承認を求めることについて 高専第5号 損害賠償の額を定めることについて 第 4,R050620A,R050620A,1,承認4
令和5年6月定例会,高報第7号,令和4年度高砂市一般会計繰越明許費繰越計算書について 第 5,R050620A,R050620A,1,
令和5年6月定例会,高報第8号,令和4年度高砂市一般会計事故繰越し繰越計算書について 第 6,R050620A,R050620A,1,
令和5年6月定例会,高報第9号,令和4年度高砂市水道事業会計予算繰越計算書について 第 7,R050620A,R050620A,1,
令和5年6月定例会,高議第24号,工事請負契約を締結することについて 第11,R050620A,R050630A,2,了承2/異議ありません1
令和5年6月定例会,高議第25号,高砂市特別職報酬等審議会条例の一部を改正する条例を定め ることについて 第12,R050620A,R050630A,2,了承2
令和5年6月定例会,高議第26号,高砂市新型コロナウイルス対策基金条例を廃止する条例を定 めることについて 第13,R050620A,R050630A,2,了承2
令和5年6月定例会,高議第27号,高砂市生石体育センター条例を廃止する条例を定めることに ついて 第14,R050620A,R050630A,2,了承2
令和5年6月定例会,高議第28号,高砂市総合運動公園体育施設管理条例の一部を改正する条例 を定めることについて 第15,R050620A,R050630A,2,了承2
令和5年6月定例会,高議第29号,高砂市火災予防条例の一部を改正する条例を定めることにつ いて 第16,R050620A,R050630A,2,了承2/承認1/異議ありません1
令和5年6月定例会,高予第19号,第2回令和5年度高砂市水道事業会計補正予算 第 4,R050621A,R050630A,2,了承2
令和5年6月定例会,高予第20号,第1回令和5年度高砂市病院事業会計補正予算 第 5 陳情のこと 子どものために保育士の配置基準を引き上げるよう、国に対 して、意見書の提出を求める陳情書 兵庫県,R050621A,R050630A,2,了承2/異議ありません1
令和5年6月定例会,高諮第7号,人権擁護委員の候補者の推薦につき意見を求めることについ て (追加提案) 第23,R050630A,R050630A,1,
令和5年6月定例会,高議第30号,農業委員会委員を任命するにつき同意を求めることについて (追加提案) 第21,R050630A,R050630A,1,同意4
令和5年6月定例会,高議第31号,公平委員会委員を選任するにつき同意を求めることについて (追加提案) 第22,R050630A,R050630A,1,同意4
令和5年6月定例会,高議第32号,意見書提出のことについて (保育士の配置基準の抜本的な見直しを求める意見書) (追加提案) 第24,R050630A,R050630A,1,採択1
令和5年6月定例会,高議第33号,意見書提出のことについて (少人数学級・教職員定数改善と義務教育費国庫負担制度2 分の1復元をはかるための、2024年度政府予算に係る 意見書) 第25 閉会中,R050630A,R050630A,1,採択1
令和5年9月定例会,高議第46号,議長の選挙について 第 3,R050913A,R050913A,1,異議ありません1
令和5年9月定例会,高議第47号,副議長の選挙について 第 4 議席の変更 第 5,R050913A,R050913A,1,異議ありません1
令和5年9月定例会,高議第48号,常任委員会委員の選任について 第 6,R050913A,R050913A,1,異議ありません1
令和5年9月定例会,高議第49号,議会運営委員会委員の定数及び選任について 第 7 高砂市民病院経営改善対策特別委員会委員の辞任について 第 8 高砂市民病院経営改善対策特別委員会委員の選任につ,R050913A,R050913A,1,異議ありません1
令和5年9月定例会,高議第50号,高砂市選挙管理委員及び補充員の選挙について 第10,R050913A,R050913A,1,
令和5年9月定例会,高議第51号,兵庫県後期高齢者医療広域連合議会議員の選挙について ......................................................,R050913A,R050913A,1,異議ありません1
令和5年9月定例会,高予第21号,第3回令和5年度高砂市一般会計補正予算 ............................................................,R050914A,R050927A,3,了承2/起立1/異議ありません1
令和5年9月定例会,高報第13号,健全化判断比率及び資金不足比率の報告について 第 4,R050914A,R050914A,1,
令和5年9月定例会,高議第34号,高砂市印鑑条例の一部を改正する条例を定めることについて 第 5,R050914A,R050927A,2,賛成多数2/異議ありません1
令和5年9月定例会,高議第35号,高砂市廃棄物の処理及び清掃に関する条例の一部を改正する 条例を定めることについて 第 6,R050914A,R050927A,2,了承2
令和5年9月定例会,高議第36号,高砂市火災予防条例の一部を改正する条例を定めることにつ いて 第 7,R050914A,R050927A,2,了承2/異議ありません1
令和5年9月定例会,高議第52号,損害賠償の額を定めることについて 第 3,R050914A,R050914A,1,了承2
令和5年9月定例会,高予第22号,第1回令和5年度高砂市国民健康保険事業特別会計補正予算 第 4,R050915A,R050927A,2,了承2
令和5年9月定例会,高予第23号,第1回令和5年度高砂市後期高齢者医療事業特別会計補正予 算 第 5,R050915A,R050927A,2,賛成多数2
令和5年9月定例会,高予第24号,第1回令和5年度高砂市介護保険事業特別会計補正予算 第 6,R050915A,R050927A,2,賛成多数2
令和5年9月定例会,高予第25号,第3回令和5年度高砂市水道事業会計補正予算 第 7,R050915A,R050927A,2,継続審査2/了承2
令和5年9月定例会,高予第26号,第1回令和5年度高砂市工業用水道事業会計補正予算 第 8,R050915A,R050927A,2,継続審査2/了承2
令和5年9月定例会,高予第27号,第1回令和5年度高砂市下水道事業会計補正予算 第 9 陳情のこと 高砂市教育センター駐車場の拡張を求める陳情書 高砂市高齢者大学松陽学園OB会 代表者 里見 昭,R050915A,R050927A,2,継続審査2/了承2/異議ありません1
令和5年9月定例会,高予第28号,第4回令和5年度高砂市一般会計補正予算 第15,R050927A,R050927A,1,認定3
令和5年9月定例会,高議第37号,令和4年度高砂市一般会計歳入歳出決算認定について 第16,R050927A,R050927A,1,認定3/継続審査2
令和5年9月定例会,高議第38号,令和4年度高砂市国民健康保険事業特別会計歳入歳出決算 認定について 第17,R050927A,R050927A,1,認定2
令和5年9月定例会,高議第39号,令和4年度高砂市後期高齢者医療事業特別会計歳入歳出決算 認定について 第18,R050927A,R050927A,1,認定2
令和5年9月定例会,高議第40号,令和4年度高砂市介護保険事業特別会計歳入歳出決算認定に ついて 第19,R050927A,R050927A,1,認定2
令和5年9月定例会,高議第41号,令和4年度高砂市広域ごみ処理事業特別会計歳入歳出決算認 定について 第20,R050927A,R050927A,1,認定2
令和5年9月定例会,高議第42号,令和4年度高砂市水道事業会計決算認定について 第21,R050927A,R050927A,1,認定2
令和5年9月定例会,高議第43号,令和4年度高砂市工業用水道事業会計決算認定について 第22,R050927A,R050927A,1,認定2
令和5年9月定例会,高議第44号,令和4年度高砂市下水道事業会計決算認定について 第23,R050927A,R050927A,1,認定2
令和5年9月定例会,高議第45号,令和4年度高砂市病院事業会計決算認定について (追加提案) 第24,R050927A,R050927A,1,認定3/継続審査2
令和5年9月定例会,高議第53号,決算特別委員会を設けることについて 第25 閉会中の継続調査の申し出について .........................................,R050927A,R050927A,1,異議なし1
令和5年12月定例会,高予第29号,第7回令和5年度高砂市一般会計補正予算 ............................................................,R051206A,R051218A,4,了承2/承認1/起立1
令和5年12月定例会,高報第14号,専決処分をしたものにつき承認を求めることについて 高専第6号 第5回令和5年度高砂市一般会計補正予算に ついて 第 3,R051206A,R051206A,1,承認4
令和5年12月定例会,高報第15号,専決処分をしたものにつき承認を求めることについて 高専第7号 第6回令和5年度高砂市一般会計補正予算に ついて 第 4,R051206A,R051206A,1,承認4
令和5年12月定例会,高議第54号,指定管理者の指定について 第 5,R051206A,R051218A,2,賛成多数2
令和5年12月定例会,高議第55号,指定管理者の指定について 第 6,R051206A,R051218A,2,賛成多数2
令和5年12月定例会,高議第56号,指定管理者の指定について 第 7,R051206A,R051218A,2,了承2
令和5年12月定例会,高議第57号,指定管理者の指定について 第 8,R051206A,R051218A,2,賛成多数2
令和5年12月定例会,高議第58号,指定管理者の指定について 第 9,R051206A,R051218A,2,了承2
令和5年12月定例会,高議第59号,指定管理者の指定について 第10,R051206A,R051218A,2,了承2
令和5年12月定例会,高議第60号,指定管理者の指定について 第11,R051206A,R051218A,2,了承2
令和5年12月定例会,高議第61号,高砂市職員の給与に関する条例の一部を改正する条例を定め ることについて 第12,R051206A,R051218A,2,了承2
令和5年12月定例会,高議第62号,特別職の職員で常勤のものの給与に関する条例の一部を 改正する条例を定めることについて .....................................,R051206A,R051218A,2,了承2
令和5年12月定例会,高議第63号,高砂市会計年度任用職員の給与等に関する条例の一部を改正 する条例を定めることについて 第14,R051206A,R051218A,3,了承2
令和5年12月定例会,高議第64号,高砂市減債基金条例の一部を改正する条例を定めることにつ いて 第15,R051206A,R051218A,3,認定5/了承2
令和5年12月定例会,高議第65号,高砂市地域交流センター条例を定めることについて 第16,R051206A,R051218A,3,認定5/賛成多数2
令和5年12月定例会,高議第66号,高砂市市民サービスコーナー及び市民コーナー設置条例の一 部を改正する条例を定めることについて 第17,R051206A,R051218A,3,認定5/賛成多数2
令和5年12月定例会,高議第67号,高砂市子育て支援センター条例の一部を改正する条例を定め ることについて 第18,R051206A,R051218A,3,認定5/了承2
令和5年12月定例会,高議第68号,高砂市立幼保連携型認定こども園条例の一部を改正する等の 条例を定めることについて 第19,R051206A,R051218A,3,認定10
令和5年12月定例会,高議第69号,高砂市文化会館条例の一部を改正する条例を定めることにつ いて 第20,R051206A,R051218A,3,了承2
令和5年12月定例会,高議第70号,高砂市福祉総合相談センター条例を定めることについて 第21,R051206A,R051218A,3,賛成多数2
令和5年12月定例会,高議第71号,高砂市駐車場条例を廃止する条例を定めることについて 第22,R051206A,R051218A,3,了承2
令和5年12月定例会,高議第72号,高砂市緑丘二丁目地区再開発等促進区地区計画に係る公園整 備基金条例の一部を改正する条例を定めることについて 第23,R051206A,R051218A,3,了承2
令和5年12月定例会,高議第73号,高砂市手数料条例の一部を改正する条例を定めることについ て 第24,R051206A,R051218A,3,了承2
令和5年12月定例会,高議第74号,高砂市建築手数料条例の一部を改正する条例を定めることに ついて 第25,R051206A,R051218A,3,了承2/認定1
令和5年12月定例会,高議第75号,高砂市空家等の適正な管理に関する条例の一部を改正する条 例を定めることについて 第26,R051206A,R051218A,3,了承2
令和5年12月定例会,高議第76号,高砂市立公民館条例を廃止する条例を定めることについて 第27,R051206A,R051218A,3,賛成多数2/承認1
令和5年12月定例会,高議第77号,高砂市水道事業給水条例の一部を改正する条例を定めること について 第28,R051206A,R051218A,3,了承2/承認1
令和5年12月定例会,高予第30号,第2回令和5年度高砂市国民健康保険事業特別会計補正予算 第 4,R051208A,R051218A,2,賛成多数2
令和5年12月定例会,高予第31号,第2回令和5年度高砂市後期高齢者医療事業特別会計補正予 算 第 5,R051208A,R051218A,2,採択2/賛成多数2
令和5年12月定例会,高予第32号,第2回令和5年度高砂市介護保険事業特別会計補正予算 第 6,R051208A,R051218A,2,採択4/賛成多数2
令和5年12月定例会,高予第33号,第4回令和5年度高砂市水道事業会計補正予算 第 7,R051208A,R051218A,2,採択4/了承2
令和5年12月定例会,高予第34号,第2回令和5年度高砂市工業用水道事業会計補正予算 第 8,R051208A,R051218A,2,採択4/了承2
令和5年12月定例会,高予第35号,第2回令和5年度高砂市下水道事業会計補正予算 第 9,R051208A,R051218A,2,採択4/了承2
令和5年12月定例会,高予第36号,第2回令和5年度高砂市病院事業会計補正予算 第10 陳情のこと 年金制度における外国人への脱退一時金の是正を求める意見 書の採択を求める陳情 福岡県行橋市上稗田,R051208A,R051218A,2,採択4/賛成多数2
令和5年12月定例会,高議第37号,令和4年度高砂市一般会計歳入歳出決算認定について (継続審査中のもの) 第40,R051218A,R051218A,1,認定5
令和5年12月定例会,高議第38号,令和4年度高砂市国民健康保険事業特別会計歳入歳出決算認 定について (継続審査中のもの) 第41,R051218A,R051218A,1,認定4/継続審査1
令和5年12月定例会,高議第39号,令和4年度高砂市後期高齢者医療事業特別会計歳入歳出決算 認定について (継続審査中のもの) 第42,R051218A,R051218A,1,認定5
令和5年12月定例会,高議第40号,令和4年度高砂市介護保険事業特別会計歳入歳出決算認定に ついて (継続審査中のもの) 第43,R051218A,R051218A,1,認定4/継続審査1
令和5年12月定例会,高議第41号,令和4年度高砂市広域ごみ処理事業特別会計歳入歳出決算認 定について (継続審査中のもの) 第44,R051218A,R051218A,1,認定4/継続審査1
令和5年12月定例会,高議第42号,令和4年度高砂市水道事業会計決算認定について (継続審査中のもの) 第45,R051218A,R051218A,1,認定5
令和5年12月定例会,高議第43号,令和4年度高砂市工業用水道事業会計決算認定について (継続審査中のもの) 第46,R051218A,R051218A,1,認定4
令和5年12月定例会,高議第44号,令和4年度高砂市下水道事業会計決算認定について (継続審査中のもの) 第47,R051218A,R051218A,1,認定4
令和5年12月定例会,高議第45号,令和4年度高砂市病院事業会計決算認定について (追加提案) 第48,R051218A,R051218A,1,認定5
令和5年12月定例会,高議第78号,教育委員会委員を任命するにつき同意を求めることについて ....................................................,R051218A,R051218A,1,同意4
令和5年12月定例会,高予第37号,第8回令和5年度高砂市一般会計補正予算 (追加提案) 第 6,R051219A,R051219A,1,了承2
令和5年12月定例会,高予第38号,第3回令和5年度高砂市国民健康保険事業特別会計補正予算 第 7 閉会中の継続調査の申し出について ...............................,R051219A,R051219A,1,了承2
令和5年12月定例会,高議第79号,損害賠償の額を定めることについて (追加提案) 第 4,R051219A,R051219A,1,了承2
令和5年12月定例会,高議第80号,高砂市国民健康保険条例の一部を改正する条例を定めること について (追加提案) 第 5,R051219A,R051219A,1,了承1
令和6年2月臨時会,高予第1号,第9回令和5年度高砂市一般会計補正予算 ............................................................,R060205A,R060205A,1,了承2/承認1
令和6年2月臨時会,高報第1号,専決処分をしたものにつき承認を求めることについて 高専第1号 損害賠償の額を定めることについて 第 5,R060205A,R060205A,1,承認5
令和6年3月定例会,高議第1号,高砂市手数料条例の一部を改正する条例を定めることについ て ..................................................,R060226A,R060226A,1,了承2
令和6年3月定例会,高予第2号,第10回令和5年度高砂市一般会計補正予算 ...........................................................,R060227A,R060301A,2,了承3/起立1/異議ありません1
令和6年3月定例会,高予第3号,第4回令和5年度高砂市国民健康保険事業特別会計補正予算 第 5,R060227A,R060301A,3,了承2
令和6年3月定例会,高予第4号,第3回令和5年度高砂市後期高齢者医療事業特別会計補正予 算 第 6,R060227A,R060301A,3,了承2
令和6年3月定例会,高予第5号,第3回令和5年度高砂市介護保険事業特別会計補正予算 第 7,R060227A,R060301A,3,了承2
令和6年3月定例会,高予第6号,第5回令和5年度高砂市水道事業会計補正予算 第 8,R060227A,R060301A,3,了承2
令和6年3月定例会,高予第7号,第3回令和5年度高砂市下水道事業会計補正予算 第 9,R060227A,R060301A,3,了承2
令和6年3月定例会,高予第8号,第3回令和5年度高砂市病院事業会計補正予算 ..........................................................,R060227A,R060301A,3,了承3
令和6年3月定例会,高議第2号,高砂市市営住宅条例の一部を改正する条例を定めることにつ いて 第 3,R060227A,R060301A,2,了承3
令和6年3月定例会,高予第9号,令和6年度高砂市一般会計予算 .................................................................,R060304A,R060313A,4,了承2/認定1/起立1/異議なし1
令和6年3月定例会,高議第12号,高砂市指定地域密着型サービスの事業に関する基準等を定め る条例等の一部を改正する条例を定めることについて 第10,R060304A,R060313A,2,了承2
令和6年3月定例会,高議第13号,高砂市立高砂児童学園条例の一部を改正する条例を定めるこ とについて 第11,R060304A,R060313A,2,了承2
令和6年3月定例会,高議第14号,高砂市市営住宅条例の一部を改正する条例を定めることにつ いて 第12,R060304A,R060313A,2,了承2
令和6年3月定例会,高議第15号,高砂市水道事業及び工業用水道事業並びに下水道事業の設置 等に関する条例の一部を改正する条例を定めることについて 第13,R060304A,R060313A,2,了承2/異議ありません1
令和6年3月定例会,高議第16号,高砂市病院事業の設置等に関する条例の一部を改正する条例 を定めることについて 第14,R060304A,R060313A,2,了承2/異議ありません1
令和6年3月定例会,高議第17号,高砂市消防団員等公務災害補償条例の一部を改正する条例を 定めることについて 第15,R060304A,R060313A,2,了承2/認定1
令和6年3月定例会,高議第18号,高砂市消防手数料条例の一部を改正する条例を定めることに ついて 第16,R060304A,R060313A,2,了承2/認定1
令和6年3月定例会,高議第3号,市道路線の認定について 第 3,R060304A,R060313A,2,認定8
令和6年3月定例会,高議第4号,市道路線の変更について 第 4,R060304A,R060313A,2,了承2
令和6年3月定例会,高議第5号,兵庫県市町村職員退職手当組合を組織する地方公共団体の数 の増減及び規約の変更について 第 5,R060304A,R060313A,2,了承2
令和6年3月定例会,高議第6号,行政手続における特定の個人を識別するための番号の利用等 に関する法律に基づく個人番号の利用及び特定個人情報の提 供に関する条例の一部を改正する条例を定めることに,R060304A,R060313A,2,了承2
令和6年3月定例会,高議第7号,高砂市公益的法人等への職員の派遣等に関する条例の一部を 改正する条例を定めることについて 第 7,R060304A,R060313A,2,了承2
令和6年3月定例会,高議第8号,高砂市会計年度任用職員の給与等に関する条例及び高砂市企 業職員の給与に関する条例の一部を改正する条例を定めるこ とについて 第 8,R060304A,R060313A,2,了承2
令和6年3月定例会,高議第9号,高砂市手数料条例の一部を改正する条例を定めることについ て 第 9,R060304A,R060313A,2,了承2
令和6年3月定例会,高予第10号,令和6年度高砂市国民健康保険事業特別会計予算 第 5,R060306A,R060313A,2,賛成多数2/異議ありません1
令和6年3月定例会,高予第11号,令和6年度高砂市後期高齢者医療事業特別会計予算 第 6,R060306A,R060313A,2,賛成多数2
令和6年3月定例会,高予第12号,令和6年度高砂市介護保険事業特別会計予算 第 8,R060306A,R060313A,2,継続審査2/賛成多数2/異議ありません1
令和6年3月定例会,高予第13号,令和6年度高砂市水道事業会計予算 第 9,R060306A,R060313A,2,継続審査2/了承2
令和6年3月定例会,高予第14号,令和6年度高砂市工事用水道事業会計予算 第10,R060306A,R060313A,2,継続審査2/了承2
令和6年3月定例会,高予第15号,令和6年度高砂市下水道事業会計予算 第11,R060306A,R060313A,2,継続審査2/了承2
令和6年3月定例会,高予第16号,令和6年度高砂市病院事業会計予算 第12 陳情のこと 小・中学校の全児童・生徒の給食費を無償化することを求め る陳情書 新日本婦人の会高砂支部 支部長 伊藤 信,R060306A,R060313A,2,継続審査2/了承2/異議なし1
令和6年3月定例会,高議第10号,高砂市国民健康保険条例の一部を改正する条例を定めること について 第10,R060306A,R060313A,2,賛成多数2/異議ありません1
令和6年3月定例会,高議第11号,高砂市介護保険条例の一部を改正する条例を定めることにつ いて 第 7,R060306A,R060313A,2,賛成多数2/異議ありません1
令和6年3月定例会,高予第17号,第11回令和5年度高砂市一般会計補正予算 (追加提案) 第33,R060313A,R060313A,1,同意2/認定2/了承2
令和6年3月定例会,高議第19号,損害賠償の額を定めることについて (追加提案) 第31,R060313A,R060313A,1,同意2/了承2
令和6年3月定例会,高議第20号,高砂市市税条例の一部を改正する条例を定めることについて (追加提案) 第32,R060313A,R060313A,1,同意2/了承1
令和6年3月定例会,高議第21号,固定資産評価審査委員会委員を選任するにつき同意を求める ことについて (追加提案) 第34,R060313A,R060313A,1,同意4
令和6年3月定例会,高議第22号,教育委員会委員を任命するにつき同意を求めることについて (追加提案) 第35,R060313A,R060313A,1,同意4
令和6年3月定例会,高議第23号,意見書提出のことについて (学校給食の無償化を求める意見書) 第36 閉会中の継続調査の申し出について ............................,R060313A,R060313A,1,認定1/採択1
令和6年6月定例会,高予第18号,第1回令和6年度高砂市一般会計補正予算 ............................................................,R060606A,R060618A,4,了承2/承認1/起立1/認定1
令和6年6月定例会,高報第2号,専決処分をしたものにつき承認を求めることについて 高専第2号 高砂市市税条例の一部を改正する条例を定め ることについて 第 3,R060606A,R060606A,1,承認4
令和6年6月定例会,高報第3号,専決処分をしたものにつき承認を求めることについて 高専第3号 新築の住宅等に対して課する固定資産税軽減 に関する条例の一部を改正する条例を定める ことについて ,R060606A,R060606A,1,承認4
令和6年6月定例会,高報第4号,令和5年度高砂市一般会計繰越明許費繰越計算書について 第 5,R060606A,R060606A,1,
令和6年6月定例会,高報第5号,令和5年度高砂市下水道事業会計予算繰越計算書について 第 6,R060606A,R060606A,1,
令和6年6月定例会,高報第6号,令和5年度高砂市病院事業会計予算繰越計算書について 第 7,R060606A,R060606A,1,
令和6年6月定例会,高報第7号,一般財団法人高砂市勤労福祉財団の経営状況の報告について 第 8,R060606A,R060606A,1,
令和6年6月定例会,高報第8号,公益財団法人高砂市施設利用振興財団の経営状況の報告について 第 9,R060606A,R060606A,1,
令和6年6月定例会,高議第24号,委託基本協定を締結することについて 第10,R060606A,R060618A,2,了承2
令和6年6月定例会,高議第25号,指定管理者の指定期間の延長について 第11,R060606A,R060618A,2,了承2
令和6年6月定例会,高議第26号,兵庫県市町村職員退職手当組合規約の変更について 第12,R060606A,R060618A,2,了承2
令和6年6月定例会,高議第27号,兵庫県後期高齢者医療広域連合規約の変更について 第13,R060606A,R060618A,2,賛成多数2
令和6年6月定例会,高議第28号,高砂市工楽松右衛門旧宅条例の一部を改正する条例を定める ことについて 第 7,R060606A,R060618A,2,了承2
令和6年6月定例会,高議第29号,高砂市コミュニティ基金条例を廃止する条例を定めることに ついて 第 8,R060606A,R060618A,2,了承2
令和6年6月定例会,高議第30号,高砂市医療費助成条例の一部を改正する条例を定めることに ついて 第 9,R060606A,R060618A,2,了承2
令和6年6月定例会,高議第31号,高砂市勤労者総合福祉センター条例を廃止する条例を定める ことについて 第10,R060606A,R060618A,2,了承2
令和6年6月定例会,高議第32号,高砂市空家等の適正な管理に関する条例の一部を改正する条 例を定めることについて 第11,R060606A,R060618A,2,了承2
令和6年6月定例会,高議第33号,高砂市新たな学校づくり推進審議会条例を定めることについ て 第12,R060606A,R060618A,2,賛成多数2
令和6年6月定例会,高議第34号,高砂市いじめ問題調査委員会条例を定めることについて ......................................................,R060606A,R060618A,3,了承2
令和6年6月定例会,高議第35号,特別職の職員で非常勤のものの報酬及び費用弁償に関する条 例の一部を改正する条例を定めることについて 第 4,R060606A,R060618A,3,承認2/賛成多数2
令和6年6月定例会,高議第36号,高砂市下水道条例の一部を改正する条例を定めることについ て 第 5,R060606A,R060618A,3,了承2/承認1
令和6年6月定例会,高予第19号,第1回令和6年度高砂市水道事業会計補正予算 第 4 陳情のこと ガザ地区の人命保護および即時停戦を求める決議を求める陳 情 高砂市緑丘2丁目15-18 難波 則,R060610A,R060618A,2,了承2
令和6年6月定例会,高諮第3号,人権擁護委員の候補者の推薦につき意見を求めることについ て (追加提案) 第26 決議のこと ガザ地区からのイスラエル軍撤退など速やかな平和的解決を 求める決議,R060618A,R060618A,1,異議ありません1
令和6年6月定例会,高議第37号,工事請負契約を締結することについて (追加提案) 第23,R060618A,R060618A,1,同意2/了承2
令和6年6月定例会,高議第38号,業務委託契約を締結することについて (追加提案) 第24,R060618A,R060618A,1,同意2/了承1
令和6年6月定例会,高議第39号,公平委員会委員を選任するにつき同意を求めることについて (追加提案) 第25,R060618A,R060618A,1,同意4
令和6年6月定例会,高議第40号,意見書提出のことについて (少人数学級・教職員定数改善と義務教育費国庫負担制度2 分の1復元をはかるための、2025年度政府予算に係る意 見書) (追加提案) ,R060618A,R060618A,1,採択1
令和6年6月定例会,高議第41号,意見書提出のことについて (日本政府にミャンマー軍が実施した徴兵制に対し、在留ミ ャンマー人、ならびに日本への避難を希望する若者たちの安 全を確保することを求め,R060618A,R060618A,1,採択1
令和6年9月定例会,高議第57号,議長の選挙について 第 3,R060911A,R060911A,1,異議ありません1
令和6年9月定例会,高議第58号,副議長の選挙について 第 4 議席の変更 第 5,R060911A,R060911A,1,異議ありません1
令和6年9月定例会,高議第59号,常任委員会委員の選任について 第 6,R060911A,R060911A,1,異議ありません1
令和6年9月定例会,高議第60号,議会運営委員会委員の定数及び選任について ...........................................................,R060911A,R060911A,1,異議ありません1
令和6年9月定例会,高予第20号,第2回令和6年度高砂市一般会計補正予算 ............................................................,R060912A,R060926A,3,了承2/起立1/異議ありません1
令和6年9月定例会,高報第9号,健全化判断比率及び資金不足比率の報告について 第 3,R060912A,R060912A,1,
令和6年9月定例会,高議第42号,工事請負契約を締結することについて 第 4,R060912A,R060926A,2,了承2/異議ありません1
令和6年9月定例会,高議第43号,財産の無償譲渡について 第 5,R060912A,R060926A,2,了承2
令和6年9月定例会,高議第44号,財産の無償譲渡について 第 6,R060912A,R060926A,2,了承2
令和6年9月定例会,高議第45号,高砂市国民健康保険条例の一部を改正する条例を定めること について 第 7,R060912A,R060926A,2,賛成多数2
令和6年9月定例会,高議第46号,行政手続における特定の個人を識別するための番号の利用等 に関する法律に基づく個人番号の利用及び特定個人情報の提 供に関する条例の一部を改正する条例を定めることに,R060912A,R060926A,2,了承2
令和6年9月定例会,高議第47号,高砂市急傾斜地崩壊対策事業分担金徴収条例を定めることに ついて 第 9,R060912A,R060926A,2,了承2
令和6年9月定例会,高議第48号,高砂市立学校条例等の一部を改正する条例を定めることにつ いて 第10,R060912A,R060926A,2,賛成多数2/異議ありません1/認定1
令和6年9月定例会,高予第21号,第1回令和6年度高砂市国民健康保険事業特別会計補正予算 第 4,R060913A,R060926A,2,賛成多数2
令和6年9月定例会,高予第22号,第1回令和6年度高砂市後期高齢者医療事業特別会計補正予 算 第 5,R060913A,R060926A,2,賛成多数2
令和6年9月定例会,高予第23号,第1回令和6年度高砂市介護保険事業特別会計補正予算 第 6,R060913A,R060926A,2,賛成多数2
令和6年9月定例会,高予第24号,第2回令和6年度高砂市水道事業会計補正予算 第 7,R060913A,R060926A,2,了承2
令和6年9月定例会,高予第25号,第1回令和6年度高砂市下水道事業会計補正予算 第 8 陳情のこと 対外的情報省を設立し、食料危機に対応することを求める意 見書の提出に関する陳情書 社会の歪を鋭,R060913A,R060926A,2,同意2/了承2/異議ありません1
令和6年9月定例会,高議第49号,令和5年度高砂市一般会計歳入歳出決算認定について 第19,R060926A,R060926A,1,認定3/継続審査2
令和6年9月定例会,高議第50号,令和5年度高砂市国民健康保険事業特別会計歳入歳出決算認 定について 第20,R060926A,R060926A,1,認定2
令和6年9月定例会,高議第51号,令和5年度高砂市後期高齢者医療事業特別会計歳入歳出決算 認定について 第21,R060926A,R060926A,1,認定2
令和6年9月定例会,高議第52号,令和5年度高砂市介護保険事業特別会計歳入歳出決算認定に ついて 第22,R060926A,R060926A,1,認定2
令和6年9月定例会,高議第53号,令和5年度高砂市水道事業会計決算認定について 第23,R060926A,R060926A,1,認定2
令和6年9月定例会,高議第54号,令和5年度高砂市工業用水道事業会計決算認定について 第24,R060926A,R060926A,1,認定2
令和6年9月定例会,高議第55号,令和5年度高砂市下水道事業会計決算認定について 第25,R060926A,R060926A,1,認定2
令和6年9月定例会,高議第56号,令和5年度高砂市病院事業会計決算認定について (追加提案) 第26,R060926A,R060926A,1,認定3/継続審査2
令和6年9月定例会,高議第61号,公平委員会委員を選任するにつき同意を求めることについて 第18,R060926A,R060926A,1,同意4
令和6年9月定例会,高議第62号,行政課題等調査検討特別委員会を設けることについて (追加提案) 第17,R060926A,R060926A,1,同意2/継続審査1
令和6年9月定例会,高議第63号,決算特別委員会を設けることについて 第27 閉会中の継続調査の申し出について .........................................,R060926A,R060926A,1,異議ありません1
令和6年12月定例会,高予第26号,第6回令和6年度高砂市一般会計補正予算 ............................................................,R061204A,R061213A,3,異議ありません2/了承2/承認1/起立1
令和6年12月定例会,高報第10号,専決処分をしたものにつき承認を求めることについて 高専第4号 第3回令和6年度高砂市一般会計補正予算に ついて 第 3,R061204A,R061204A,1,承認4
令和6年12月定例会,高報第11号,専決処分をしたものにつき承認を求めることについて 高専第5号 第4回令和6年度高砂市一般会計補正予算に ついて 第 4,R061204A,R061204A,1,承認4
令和6年12月定例会,高報第12号,専決処分をしたものにつき承認を求めることについて 高専第6号 第5回令和6年度高砂市一般会計補正予算に ついて 第 5,R061204A,R061204A,1,承認4
令和6年12月定例会,高議第64号,指定管理者の指定について 第 6,R061204A,R061213A,2,了承2/異議ありません1
令和6年12月定例会,高議第65号,指定管理者の指定について 第 7,R061204A,R061213A,2,賛成多数2
令和6年12月定例会,高議第66号,姫路市及び高砂市における連携中枢都市圏形成に係る連携協 約の一部を変更する連携協約の締結について 第 8,R061204A,R061213A,2,了承2
令和6年12月定例会,高議第67号,高砂市建築手数料条例の一部を改正する条例を定めることに ついて 第 9,R061204A,R061213A,2,了承2/承認1/異議ありません1
令和6年12月定例会,高予第27号,第2回令和6年度高砂市介護保険事業特別会計補正予算 第 5,R061205A,R061213A,2,了承2/継続審査1
令和6年12月定例会,高予第28号,第3回令和6年度高砂市水道事業会計補正予算 第 6,R061205A,R061213A,2,了承2/継続審査1
令和6年12月定例会,高予第29号,第2回令和6年度高砂市下水道事業会計補正予算 第 7 陳情のこと 臓器移植に関わる不正取引、非人道性が疑われる国への渡航 移植等を防止するための法整備等を求める,R061205A,R061213A,2,継続審査2/了承2
令和6年12月定例会,高予第30号,第1回令和6年度高砂市病院事業会計補正予算 第11 陳情のこと 臓器移植に関わる不正取引、非人道性が疑われる国への渡航 移植等を防止するための法整備等を求める意,R061205A,R061213A,2,異議ありません2/継続審査2/了承2
令和6年12月定例会,高諮第8号,人権擁護委員の候補者の推薦につき意見を求めることについ て ..................................................,R061213A,R061213A,1,異議ありません1
令和6年12月定例会,高議第49号,令和5年度高砂市一般会計歳入歳出決算認定について (継続審査中のもの) 第13,R061213A,R061213A,1,認定4
令和6年12月定例会,高議第50号,令和5年度高砂市国民健康保険事業特別会計歳入歳出決算認 定について (継続審査中のもの) 第14,R061213A,R061213A,1,認定3/継続審査1
令和6年12月定例会,高議第51号,令和5年度高砂市後期高齢者医療事業特別会計歳入歳出決算 認定について (継続審査中のもの) 第15,R061213A,R061213A,1,認定5
令和6年12月定例会,高議第52号,令和5年度高砂市介護保険事業特別会計歳入歳出決算認定に ついて (継続審査中のもの) 第16,R061213A,R061213A,1,認定3/継続審査1
令和6年12月定例会,高議第53号,令和5年度高砂市水道事業会計決算認定について (継続審査中のもの) 第17,R061213A,R061213A,1,認定5
令和6年12月定例会,高議第54号,令和5年度高砂市工業用水道事業会計決算認定について (継続審査中のもの) 第18,R061213A,R061213A,1,認定4
令和6年12月定例会,高議第55号,令和5年度高砂市下水道事業会計決算認定について (継続審査中のもの) 第19,R061213A,R061213A,1,認定4
令和6年12月定例会,高議第56号,令和5年度高砂市病院事業会計決算認定について (追加提案) 第20,R061213A,R061213A,1,認定5
令和6年12月定例会,高予第31号,第7回令和6年度高砂市一般会計補正予算 (追加提案) 第 7,R061216A,R061216A,1,了承2
令和6年12月定例会,高予第32号,第2回令和6年度高砂市国民健康保険事業特別会計補正予算 (追加提案) 第 8,R061216A,R061216A,1,了承2
令和6年12月定例会,高予第33号,第2回令和6年度高砂市後期高齢者医療事業特別会計補正予 算 (追加提案) 第 9,R061216A,R061216A,1,了承2
令和6年12月定例会,高予第34号,第3回令和6年度高砂市介護保険事業特別会計補正予算 (追加提案) 第10,R061216A,R061216A,1,認定2/了承2
令和6年12月定例会,高予第35号,第4回令和6年度高砂市水道事業会計補正予算 (追加提案) 第11,R061216A,R061216A,1,了承2
令和6年12月定例会,高予第36号,第1回令和6年度高砂市工業用水道事業会計補正予算 (追加提案) 第12,R061216A,R061216A,1,了承2
令和6年12月定例会,高予第37号,第3回令和6年度高砂市下水道事業会計補正予算 (追加提案) 第13,R061216A,R061216A,1,了承2
令和6年12月定例会,高予第38号,第2回令和6年度高砂市病院事業会計補正予算 第14 閉会中の継続調査の申出について ......................................,R061216A,R061216A,1,賛成多数2
令和6年12月定例会,高議第68号,高砂市職員の給与に関する条例の一部を改正する条例を定め ることについて (追加提案) 第 3,R061216A,R061216A,1,了承2
令和6年12月定例会,高議第69号,特別職の職員で常勤のものの給与に関する条例の一部を改正 する条例を定めることについて (追加提案) 第 4,R061216A,R061216A,1,賛成多数2
令和6年12月定例会,高議第70号,議会議員の議員報酬及び費用弁償に関する条例の一部を改正 する条例を定めることについて (追加提案) 第 5,R061216A,R061216A,1,賛成多数2
令和6年12月定例会,高議第71号,高砂市会計年度任用職員の給与等に関する条例の一部を改正 する条例を定めることについて (追加提案) 第 6,R061216A,R061216A,1,了承2
令和7年1月臨時会,高予第1号,第8回令和6年度高砂市一般会計補正予算 ............................................................,R070121A,R070121A,1,了承2/承認1
令和7年1月臨時会,高報第1号,専決処分をしたものにつき承認を求めることについて 高専第7号 損害賠償の額を定めることについて 第 5,R070121A,R070121A,1,承認5
令和7年3月定例会,高予第2号,第10回令和6年度高砂市一般会計補正予算 ...........................................................,R070226A,R070304A,3,了承3/承認1/起立1/異議ありません1
令和7年3月定例会,高報第2号,専決処分をしたものにつき承認を求めることについて 高専第1号 第9回令和6年度高砂市一般会計補正予算に ついて 第 3,R070226A,R070226A,1,承認4
令和7年3月定例会,高報第3号,専決処分をしたものにつき承認を求めることについて 高専第2号 損害賠償の額を定めることについて 第 4,R070226A,R070226A,1,承認4
令和7年3月定例会,高報第4号,専決処分をしたものにつき承認を求めることについて 高専第3号 損害賠償の額を定めることについて 第 5,R070226A,R070226A,1,承認4
令和7年3月定例会,高議第1号,財産の無償譲渡について 第 6,R070226A,R070304A,2,了承3/承認1
令和7年3月定例会,高議第2号,権利の放棄について 第 7,R070226A,R070304A,2,了承2/承認1
令和7年3月定例会,高議第3号,高砂市市営住宅条例の一部を改正する条例を定めることにつ いて 第 8,R070226A,R070304A,2,了承3/承認1
令和7年3月定例会,高予第3号,第3回令和6年度高砂市国民健康保険事業特別会計補正予算 第 5,R070227A,R070304A,2,了承2
令和7年3月定例会,高予第4号,第3回令和6年度高砂市後期高齢者医療事業特別会計補正予 算 第 6,R070227A,R070304A,2,了承2
令和7年3月定例会,高予第5号,第4回令和6年度高砂市介護保険事業特別会計補正予算 第 7,R070227A,R070304A,2,了承2
令和7年3月定例会,高予第6号,第5回令和6年度高砂市水道事業会計補正予算 第 8,R070227A,R070304A,2,了承2
令和7年3月定例会,高予第7号,第4回令和6年度高砂市下水道事業会計補正予算 .........................................................,R070227A,R070304A,2,了承2
令和7年3月定例会,高予第8号,第3回令和6年度高砂市病院事業会計補正予算 ..........................................................,R070227A,R070304A,2,了承3/異議ありません1
令和7年3月定例会,高予第9号,令和7年度高砂市一般会計予算 .................................................................,R070307A,R070327A,7,継続審査2/了承2/認定1/起立1
令和7年3月定例会,高議第10号,高砂市地域交流センター条例の一部を改正する条例を定める ことについて 第 9,R070307A,R070327A,2,了承2
令和7年3月定例会,高議第12号,高砂市自転車等の放置の防止に関する条例の一部を改正する 条例を定めることについて 第10,R070307A,R070327A,2,了承2
令和7年3月定例会,高議第13号,高砂市手数料条例の一部を改正する条例を定めることについ て 第11,R070307A,R070327A,2,了承2
令和7年3月定例会,高議第14号,高砂市建築手数料条例の一部を改正する条例を定めることに ついて 第12,R070307A,R070327A,2,了承2
令和7年3月定例会,高議第15号,高砂市消防団員退職報償金に関する条例の一部を改正する条 例を定めることについて 第13,R070307A,R070327A,2,了承2/認定1
令和7年3月定例会,高議第4号,市道路線の認定について 第 3,R070307A,R070327A,2,認定8
令和7年3月定例会,高議第5号,市道路線の変更について 第 4,R070307A,R070327A,2,了承2
令和7年3月定例会,高議第6号,行政手続における特定の個人を識別するための番号の利用等 に関する法律に基づく個人番号の利用及び特定個人情報の提 供に関する条例の一部を改正する条例を定めることに,R070307A,R070327A,2,了承2
令和7年3月定例会,高議第7号,刑法等の一部を改正する法律の施行に伴う関係条例の整理に 関する条例を定めることについて 第 6,R070307A,R070327A,2,了承2/可決2
令和7年3月定例会,高議第8号,高砂市職員の給与に関する条例等の一部を改正する条例を定 めることについて 第 7,R070307A,R070327A,2,了承2
令和7年3月定例会,高議第9号,高砂市職員の勤務時間その他の勤務条件に関する条例及び高 砂市職員の育児休業等に関する条例の一部を改正する条例を 定めることについて 第 8,R070307A,R070327A,2,了承2
令和7年3月定例会,高予第10号,令和7年度高砂市国民健康保険事業特別会計予算 第 6,R070313A,R070327A,3,継続審査2/賛成多数2/異議ありません1
令和7年3月定例会,高予第11号,令和7年度高砂市後期高齢者医療事業特別会計予算 第 7,R070313A,R070327A,3,継続審査2/賛成多数2
令和7年3月定例会,高予第12号,令和7年度高砂市介護保険事業特別会計予算 第 8,R070313A,R070327A,3,継続審査2/賛成多数2
令和7年3月定例会,高予第13号,令和7年度高砂市水道事業会計予算 第 9,R070313A,R070327A,3,継続審査2/了承2
令和7年3月定例会,高予第14号,令和7年度高砂市工業用水道事業会計予算 第10,R070313A,R070327A,3,継続審査2/了承2
令和7年3月定例会,高予第15号,令和7年度高砂市下水道事業会計予算 ..............................................................,R070313A,R070327A,3,継続審査2/了承2
令和7年3月定例会,高予第16号,令和7年度高砂市病院事業会計予算 ...............................................................,R070313A,R070327A,2,継続審査2/了承2/異議ありません1
令和7年3月定例会,高議第11号,高砂市国民健康保険条例の一部を改正する条例を定めること について 第 5,R070313A,R070327A,3,賛成多数2/異議ありません1
令和7年3月定例会,高議第16号,動産の買入れについて (追加提案) 第25,R070327A,R070327A,1,同意2/了承2
令和7年3月定例会,高議第17号,高砂市消防団員等公務災害補償条例の一部を改正する条例を 定めることについて (追加提案) 第26,R070327A,R070327A,1,同意2/了承2
令和7年3月定例会,高議第18号,教育委員会委員を任命するにつき同意を求めることについて (追加提案) 第27,R070327A,R070327A,1,同意4
令和7年3月定例会,高議第19号,副市長を選任するにつき同意を求めることについて (追加提案) 第28,R070327A,R070327A,1,同意4
令和7年3月定例会,高議第20号,固定資産評価員を選任するにつき同意を求めることについて (追加提案) 第29,R070327A,R070327A,1,同意4
令和7年3月定例会,高議第21号,高砂市議会個人情報の保護に関する条例の一部を改正する条 例を定めることについて (追加提案) 第24,R070327A,R070327A,1,同意2/可決1
令和7年3月定例会,高議第22号,意見書提出のことについて (臓器移植に関わる不正な臓器取引、移植ツーリズム等を防 止するための法整備等を求める意見書) 第30 閉会中の継続調査の申し出について,R070327A,R070327A,1,認定1/採択1/可決1
令和7年6月定例会,高予第17号,第1回令和7年度高砂市一般会計補正予算 第 6 諸報告(高砂市行政経営プラン) ........................................,R070612A,R070612A,1,了承2
令和7年6月定例会,高予第18号,第2回令和7年度高砂市一般会計補正予算 ............................................................,R070613A,R070625A,3,了承2/承認1/起立1/異議ありません1
令和7年6月定例会,高報第10号,令和6年度高砂市病院事業会計予算繰越計算書について 第 8,R070613A,R070613A,1,
令和7年6月定例会,高報第11号,一般財団法人高砂市勤労福祉財団の経営状況の報告について 第 9,R070613A,R070613A,1,
令和7年6月定例会,高報第12号,公益財団法人高砂市施設利用振興財団の経営状況の報告につ いて 第10,R070613A,R070613A,1,
令和7年6月定例会,高報第5号,専決処分をしたものにつき承認を求めることについて 高専第4号 高砂市市税条例の一部を改正する条例を定め ることについて 第 3,R070613A,R070613A,1,承認4
令和7年6月定例会,高報第6号,専決処分をしたものにつき承認を求めることについて 高専第5号 新築の住宅等に対して課する固定資産税軽減 に関する条例の一部を改正する条例を定める ことについて ,R070613A,R070613A,1,承認4
令和7年6月定例会,高報第7号,令和6年度高砂市一般会計繰越明許費繰越計算書について 第 5,R070613A,R070613A,1,
令和7年6月定例会,高報第8号,令和6年度高砂市水道事業会計予算繰越計算書について 第 6,R070613A,R070613A,1,
令和7年6月定例会,高報第9号,令和6年度高砂市下水道事業会計予算繰越計算書について 第 7,R070613A,R070613A,1,
令和7年6月定例会,高議第23号,工事請負契約を締結することについて 第11,R070613A,R070625A,2,了承2/異議ありません1
令和7年6月定例会,高議第24号,工事請負契約を締結することについて 第12,R070613A,R070625A,2,了承2
令和7年6月定例会,高議第25号,工事請負契約を締結することについて 第13,R070613A,R070625A,2,了承2
令和7年6月定例会,高議第26号,工事請負契約を締結することについて 第14,R070613A,R070625A,2,了承2
令和7年6月定例会,高議第27号,市有土地の売却について 第15,R070613A,R070625A,2,了承2
令和7年6月定例会,高議第28号,高砂市市税条例の一部を改正する条例を定めることについて 第16,R070613A,R070625A,2,了承2/承認1
令和7年6月定例会,高議第29号,高砂市医療費助成条例の一部を改正する条例を定めることに ついて 第17,R070613A,R070625A,2,了承2/承認1/異議ありません1
令和7年6月定例会,高予第19号,第1回令和7年度高砂市国民健康保険事業特別会計補正予算 第 4,R070616A,R070625A,2,了承2
令和7年6月定例会,高予第20号,第1回令和7年度高砂市介護保険事業特別会計補正予算 第 5 陳情のこと 少人数学級・教職員定数の改善及び義務教育費国庫負担制度 2分の1復元に関する件 東播教職,R070616A,R070625A,2,了承2/異議ありません1
令和7年6月定例会,高予第21号,第3回令和7年度高砂市一般会計補正予算 (追加提案) 第15,R070625A,R070625A,1,了承2
令和7年6月定例会,高諮第5号,人権擁護委員の候補者の推薦につき意見を求めることについ て (追加提案) 第17,R070625A,R070625A,1,異議ありません1
令和7年6月定例会,高議第30号,動産の買入れについて (追加提案) 第14,R070625A,R070625A,1,了承2
令和7年6月定例会,高議第31号,兵庫県後期高齢者医療広域連合議会議員の選挙について (追加提案) 第16,R070625A,R070625A,1,異議ありません1
令和7年6月定例会,高議第32号,意見書提出のことについて (少人数学級・教職員定数の改善及び義務教育費国庫負担制 度2分の1復元をはかるための、2026年度政府予算に係 る意見書) 第18 閉,R070625A,R070625A,1,採択1
令和7年7月臨時会,高議第33号,動産の買入れについて .....................................................................,R070717A,R070717A,1,了承2
令和7年9月定例会,高議第36号,高砂市職員等のハラスメントの防止等に関する条例を定める ことについて .............................................,R070909A,R070909A,1,了承2
令和7年9月定例会,高議第50号,高砂市議会ハラスメント防止条例を定めることについて 第 6,R070909A,R070909A,1,全会一致2/可決1
令和7年9月定例会,高議第51号,高砂市議会議員政治倫理条例の一部を改正する条例を定める ことについて 第 7,R070909A,R070909A,1,
令和7年9月定例会,高議第52号,議長の選挙について 第 3,R070910A,R070910A,1,異議ありません1
令和7年9月定例会,高議第53号,副議長の選挙について 第 4 議席の変更 第 5,R070910A,R070910A,1,異議ありません1
令和7年9月定例会,高議第54号,常任委員会委員の選任について 第 6,R070910A,R070910A,1,異議ありません1
令和7年9月定例会,高議第55号,議会運営委員会委員の定数及び選任について 第 7 行政課題等調査検討特別委員会委員の辞任について 第 8 行政課題等調査検討特別委員会委員の選任について ...,R070910A,R070910A,1,異議ありません1
令和7年9月定例会,高予第22号,第5回令和7年度高砂市一般会計補正予算 ............................................................,R070911A,R070926A,3,了承2/承認1/起立1/認定1
令和7年9月定例会,高報第13号,専決処分をしたものにつき承認を求めることについて 高専第6号 第4回令和7年度高砂市一般会計補正予算に ついて 第 3,R070911A,R070911A,1,承認4
令和7年9月定例会,高報第14号,健全化判断比率及び資金不足比率の報告について 第 4,R070911A,R070911A,1,
令和7年9月定例会,高議第34号,動産の買入れについて 第 5,R070911A,R070926A,2,了承2
令和7年9月定例会,高議第35号,高砂市部設置条例の一部を改正する条例を求めることについ て 第 6,R070911A,R070926A,2,継続審議2
令和7年9月定例会,高議第37号,高砂市職員の勤務時間その他の勤務条件に関する条例の一部 を改正する条例を定めることについて 第 7,R070911A,R070926A,2,了承2
令和7年9月定例会,高議第38号,高砂市職員の育児休業等に関する条例及び高砂市企業職員の 給与に関する条例の一部を改正する条例を定めることについ て 第 8,R070911A,R070926A,2,了承2
令和7年9月定例会,高議第39号,高砂市議会議員及び高砂市長の選挙における選挙運動用自動 車の使用並びに選挙運動用ビラ及び選挙運動用ポスターの作 成の公営に関する条例の一部を改正する条例を定める,R070911A,R070926A,2,了承2
令和7年9月定例会,高議第40号,高砂市水道事業給水条例の一部を改正する条例を定めること について 第10,R070911A,R070926A,2,了承2
令和7年9月定例会,高議第41号,高砂市下水道条例の一部を改正する条例を定めることについ て 第11,R070911A,R070926A,2,了承2/承認1
令和7年9月定例会,高予第23号,第2回令和7年度高砂市国民健康保険事業特別会計補正予算 第 4,R070912A,R070926A,2,賛成多数2
令和7年9月定例会,高予第24号,第1回令和7年度高砂市後期高齢者医療事業特別会計補正予 算 第 5,R070912A,R070926A,2,賛成多数2
令和7年9月定例会,高予第25号,第2回令和7年度高砂市介護保険事業特別会計補正予算 第 6,R070912A,R070926A,2,賛成多数2
令和7年9月定例会,高予第26号,第1回令和7年度高砂市水道事業会計補正予算 第 7,R070912A,R070926A,2,了承2
令和7年9月定例会,高予第27号,第1回令和7年度高砂市下水道事業会計補正予算 第 8,R070912A,R070926A,2,了承2
令和7年9月定例会,高予第28号,第1回令和7年度高砂市病院事業会計補正予算 第 9 請願のこと 不登校児童生徒に対しての支援の請願書 高砂市阿弥陀1-7-4ハイツ尾上201号室 荒木 健 第1,R070912A,R070926A,2,了承2
令和7年9月定例会,高議第42号,令和6年度高砂市一般会計歳入歳出決算認定について 第24,R070926A,R070926A,1,認定3/継続審査2
令和7年9月定例会,高議第43号,令和6年度高砂市国民健康保険事業特別会計歳入歳出決算認 定について 第25,R070926A,R070926A,1,認定2
令和7年9月定例会,高議第44号,令和6年度高砂市後期高齢者医療事業特別会計歳入歳出決算 認定について 第26,R070926A,R070926A,1,認定2
令和7年9月定例会,高議第45号,令和6年度高砂市介護保険事業特別会計歳入歳出決算認定に ついて 第27,R070926A,R070926A,1,認定2
令和7年9月定例会,高議第46号,令和6年度高砂市水道事業会計決算認定について 第28,R070926A,R070926A,1,認定2
令和7年9月定例会,高議第47号,令和6年度高砂市工業用水道事業会計決算認定について 第29,R070926A,R070926A,1,認定2
令和7年9月定例会,高議第48号,令和6年度高砂市下水道事業会計決算認定について 第30,R070926A,R070926A,1,認定2
令和7年9月定例会,高議第49号,令和6年度高砂市病院事業会計決算認定について (追加提案) 第31,R070926A,R070926A,1,認定3/継続審査2
令和7年9月定例会,高議第56号,公平委員会委員を選任するにつき同意を求めることについて 第23,R070926A,R070926A,1,同意4
令和7年9月定例会,高議第57号,決算特別委員会を設けることについて 第32 閉会中の継続調査の申し出について .........................................,R070926A,R070926A,1,異議ありません1
令和7年12月定例会,高予第29号,第6回令和7年度高砂市一般会計補正予算 ............................................................,R071208A,R071218A,4,了承2/起立1/異議ありません1
令和7年12月定例会,高議第58号,高砂市市民税減免基準等の廃止について 第 3,R071208A,R071218A,2,了承2/異議ありません1
令和7年12月定例会,高議第59号,加古川市外2市共有公会堂事務組合の解散について 第 5,R071208A,R071218A,2,了承2/異議ありません1
令和7年12月定例会,高議第60号,加古川市外2市共有公会堂事務組合の解散に伴う財産処分に ついて 第 6,R071208A,R071218A,2,了承2/異議ありません1
令和7年12月定例会,高議第61号,加古川市外2市共有公会堂事務組合規約の一部を変更する規 約を定めることについて 第 7,R071208A,R071218A,2,了承2/異議ありません1
令和7年12月定例会,高議第62号,高砂市職員の給与に関する条例の一部を改正する条例を定め ることについて 第 8,R071208A,R071218A,2,了承2
令和7年12月定例会,高議第63号,特別職の職員で常勤のものの給与に関する条例の一部を改正 する条例を定めることについて 第 9,R071208A,R071218A,2,賛成少数2/否決2/可決1
令和7年12月定例会,高議第64号,議会議員の議員報酬及び費用弁償に関する条例の一部を改正 する条例を定めることについて 第10,R071208A,R071218A,2,賛成少数2/否決2
令和7年12月定例会,高議第65号,高砂市会計年度任用職員の給与等に関する条例の一部を改正 する条例を定めることについて 第11,R071208A,R071218A,2,了承2
令和7年12月定例会,高議第66号,高砂市職員等の旅費に関する条例の一部を改正する条例を定 めることについて 第12,R071208A,R071218A,2,了承2
令和7年12月定例会,高議第67号,高砂市市税条例の一部を改正する条例を定めることについて 第 4,R071208A,R071218A,2,了承2/異議ありません1
令和7年12月定例会,高議第68号,高砂市総合運動公園体育施設管理条例の一部を改正する条例 を定めることについて 第13,R071208A,R071218A,2,了承2
令和7年12月定例会,高議第69号,高砂市民プール条例を廃止する条例を定めることについ て ....................................................,R071208A,R071218A,2,賛成多数2
令和7年12月定例会,高議第70号,高砂市乳児等通園支援事業の設備及び運営に関する基準を定 める条例を定めることについて 第15,R071208A,R071218A,3,賛成多数2/異議ありません1
令和7年12月定例会,高議第71号,高砂市特定乳児等通園支援事業の運営に関する基準を定める 条例を定めることについて 第16,R071208A,R071218A,3,賛成多数2/異議ありません1
令和7年12月定例会,高予第30号,第3回令和7年度高砂市国民健康保険事業特別会計補正予算 第 5,R071210A,R071218A,2,了承2
令和7年12月定例会,高予第31号,第2回令和7年度高砂市後期高齢者医療事業特別会計補正予 算 第 6,R071210A,R071218A,2,了承2
令和7年12月定例会,高予第32号,第3回令和7年度高砂市介護保険事業特別会計補正予算 第 7,R071210A,R071218A,2,了承2/認定1
令和7年12月定例会,高予第33号,第2回令和7年度高砂市水道事業会計補正予算 第 8,R071210A,R071218A,2,了承2
令和7年12月定例会,高予第34号,第1回令和7年度高砂市工業用水道事業会計補正予算 第 9,R071210A,R071218A,2,了承2
令和7年12月定例会,高予第35号,第2回令和7年度高砂市下水道事業会計補正予算 第10 陳情のこと 庁舎内における政党機関紙勧誘に伴う「心理的圧力」の調査 結果を踏まえ、議員による勧誘禁止の確認,R071210A,R071218A,2,了承2
令和7年12月定例会,高予第36号,第2回令和7年度高砂市病院事業会計補正予算 第24 陳情のこと 庁舎内における政党機関紙勧誘に伴う「心理的圧力」の調査 結果を踏まえ、議員による勧誘禁止の確認と,R071210A,R071218A,2,了承2/異議ありません1
令和7年12月定例会,高議第35号,高砂市部設置条例の一部を改正する条例を定めることについ て (継続審査中のもの) 第27,R071218A,R071218A,1,継続審査3/了承1
令和7年12月定例会,高議第42号,令和6年度高砂市一般会計歳入歳出決算認定について (継続審査中のもの) 第28,R071218A,R071218A,1,認定5
令和7年12月定例会,高議第43号,令和6年度高砂市国民健康保険事業特別会計歳入歳出決算認 定について (継続審査中のもの) 第29,R071218A,R071218A,1,認定4/継続審査1
令和7年12月定例会,高議第44号,令和6年度高砂市後期高齢者医療事業特別会計歳入歳出決算 認定について (継続審査中のもの) 第30,R071218A,R071218A,1,認定5
令和7年12月定例会,高議第45号,令和6年度高砂市介護保険事業特別会計歳入歳出決算認定に ついて (継続審査中のもの) 第31,R071218A,R071218A,1,認定4/継続審査1
令和7年12月定例会,高議第46号,令和6年度高砂市水道事業会計決算認定について (継続審査中のもの) 第32,R071218A,R071218A,1,認定4
令和7年12月定例会,高議第47号,令和6年度高砂市工業用水道事業会計決算認定について (継続審査中のもの) 第33,R071218A,R071218A,1,認定4
令和7年12月定例会,高議第48号,令和6年度高砂市下水道事業会計決算認定について (継続審査中のもの) 第34,R071218A,R071218A,1,認定4
令和7年12月定例会,高議第49号,令和6年度高砂市病院事業会計決算認定について (追加提案) 第35,R071218A,R071218A,1,認定4
令和7年12月定例会,高議第72号,教育長を任命するにつき同意を求めることについて (追加提案) 第36,R071218A,R071218A,1,同意4
令和7年12月定例会,高議第73号,意見書提出のことについて (臓器移植に関わる不正な臓器取引や移植目的の渡航等を防 止し、国民が知らずに犯罪に巻き込まれることを防ぐための 環境整備等を求める意見,R071218A,R071218A,1,採択1
令和7年12月定例会,高予第37号,第7回令和7年度高砂市一般会計補正予算 (追加提案) 第 6,R071219A,R071222A,2,了承2
令和7年12月定例会,高予第38号,第3回令和7年度高砂市病院事業会計補正予算 ..........................................................,R071219A,R071222A,2,了承2
令和7年12月定例会,高議第74号,高砂市病院事業の設置等に関する条例の一部を改正する等の 条例を定めることについて (追加提案) 第 3,R071219A,R071222A,2,了承3/可決1/撤回1
令和7年12月定例会,高議第75号,高砂市職員の給与に関する条例の一部を改正する条例を定め ることについて (追加提案) 第 4,R071219A,R071222A,2,了承2
令和7年12月定例会,高議第76号,特別職の職員で常勤のものの給与に関する条例の一部を改正 する条例を定めることについてについて (追加提案) 第 6,R071219A,R071222A,2,了承2
令和8年1月臨時会,高予第1号,第8回令和7年度高砂市一般会計補正予算 第 5,R080116A,R080116A,1,了承2/可決1
令和8年1月臨時会,高予第2号,第3回令和7年度高砂市水道事業会計補正予算 ..........................................................,R080116A,R080116A,1,了承2/可決1
令和8年3月定例会,高予第3号,第10回令和7年度高砂市一般会計補正予算 ...........................................................,R080225A,R080303A,3,了承3/承認1/起立1/異議ありません1
令和8年3月定例会,高報第1号,専決処分をしたものにつき承認を求めることについて 高専第1号 損害賠償の額を定めることについて 第 3,R080225A,R080225A,1,承認4
令和8年3月定例会,高報第2号,専決処分をしたものにつき承認を求めることについて 高専第2号 第9回令和7年度高砂市一般会計補正予算に ついて 第 4,R080225A,R080225A,1,承認4
令和8年3月定例会,高議第1号,野球場改修工事請負契約の一部を変更することについて 第 5,R080225A,R080303A,2,了承3
令和8年3月定例会,高議第2号,製造請負契約を締結することについて 第 6,R080225A,R080303A,2,了承2
令和8年3月定例会,高議第3号,財産の無償譲渡について 第 7,R080225A,R080303A,2,了承2/承認1
令和8年3月定例会,高議第4号,高砂市市営住宅条例の一部を改正する条例を定めることにつ いて 第 8,R080225A,R080303A,2,了承3/承認1
令和8年3月定例会,高予第4号,第4回令和7年度高砂市国民健康保険事業特別会計補正予算 第 5,R080226A,R080303A,2,賛成多数2
令和8年3月定例会,高予第5号,第3回令和7年度高砂市後期高齢者医療事業特別会計補正予 算 第 9,R080226A,R080303A,2,賛成多数2
令和8年3月定例会,高予第6号,第4回令和7年度高砂市介護保険事業特別会計補正予算 第 7,R080226A,R080303A,2,了承2
令和8年3月定例会,高予第7号,第4回令和7年度高砂市水道事業会計補正予算 第 8,R080226A,R080303A,2,了承2
令和8年3月定例会,高予第8号,第3回令和7年度高砂市下水道事業会計補正予算 .........................................................,R080226A,R080303A,2,了承2
令和8年3月定例会,高予第9号,第4回令和7年度高砂市病院事業会計補正予算 ..........................................................,R080226A,R080303A,2,了承3/異議ありません1
令和8年3月定例会,高予第18号,第11回令和7年度高砂市一般会計補正予算 第 3 諸報告(中期財政計画について) .......................................,R080304A,R080304A,1,了承2
令和8年3月定例会,高予第10号,令和8年度高砂市一般会計予算 .................................................................,R080306A,R080326A,7,了承3/異議ありません2/起立1
令和8年3月定例会,高議第10号,高砂市地域交流センター条例の一部を改正する条例を定める ことについて 第 9,R080306A,R080326A,2,了承2
令和8年3月定例会,高議第11号,高砂市医療費助成条例の一部を改正する条例を定めることに ついて 第10,R080306A,R080326A,2,了承2
令和8年3月定例会,高議第14号,高砂市ユーアイ福祉交流センター条例の一部を改正する条例 を定めることについて 第11,R080306A,R080326A,2,了承2
令和8年3月定例会,高議第15号,高砂市手数料条例の一部を改正する条例を定めることについ て 第12,R080306A,R080326A,2,了承2
令和8年3月定例会,高議第16号,高砂市消防団員等公務災害補償条例の一部を改正する条例を 定めることについて 第13,R080306A,R080326A,2,了承2
令和8年3月定例会,高議第17号,高砂市火災予防条例の一部を改正する条例を定めることにつ いて 第14,R080306A,R080326A,2,了承2
令和8年3月定例会,高議第18号,高砂市議会委員会条例の一部を改正する条例を定めることに ついて 第 3,R080306A,R080306A,1,認定2/異議ありません1
令和8年3月定例会,高議第5号,高砂市基本構想及び高砂市基本計画の一部を変更することに ついて 第 4,R080306A,R080326A,2,認定4/了承2
令和8年3月定例会,高議第6号,市道路線の認定について 第 5,R080306A,R080326A,2,認定8
令和8年3月定例会,高議第7号,市道路線の変更について 第 6,R080306A,R080326A,2,了承2
令和8年3月定例会,高議第8号,高砂市職員の給与に関する条例等の一部を改正する条例を定 めることについて 第 7,R080306A,R080326A,2,了承2
令和8年3月定例会,高議第9号,高砂市印鑑条例の一部を改正する条例を定めることについて 第 8,R080306A,R080326A,2,賛成多数2
令和8年3月定例会,高予第11号,令和8年度高砂市国民健康保険事業特別会計予算 第 6,R080312A,R080326A,3,賛成多数2/異議ありません1
令和8年3月定例会,高予第12号,令和8年度高砂市後期高齢者医療事業特別会計予算 第 7,R080312A,R080326A,3,賛成多数2
令和8年3月定例会,高予第13号,令和8年度高砂市介護保険事業特別会計予算 第 9,R080312A,R080326A,3,賛成多数2/異議ありません1
令和8年3月定例会,高予第14号,令和8年度高砂市水道事業会計予算 第10,R080312A,R080326A,3,了承3
令和8年3月定例会,高予第15号,令和8年度高砂市工業用水道事業会計予算 第11,R080312A,R080326A,3,了承2
令和8年3月定例会,高予第16号,令和8年度高砂市下水道事業会計予算 第12 陳情のこと 国に国民の主食である米の価格を統制することを求める意見 書の提出に関する陳情書 社会の歪を鋭く追及政策提,R080312A,R080326A,3,了承2
令和8年3月定例会,高予第17号,令和8年度高砂市病院事業会計予算 ...............................................................,R080312A,R080326A,2,了承2/異議ありません1
令和8年3月定例会,高議第12号,高砂市国民健康保険条例の一部を改正する条例を定めること について 第 5,R080312A,R080326A,3,賛成多数2/異議ありません1
令和8年3月定例会,高議第13号,高砂市介護保険条例の一部を改正する条例を定めることにつ いて 第 8,R080312A,R080326A,3,了承2/異議ありません1
令和8年3月定例会,高議第19号,高砂市職員等のハラスメントの防止等に関する条例の一部を 改正する条例を定めることについて (追加提案) 第25,R080326A,R080326A,1,同意2/了承2
令和8年3月定例会,高議第20号,固定資産評価審査委員会委員を選任するにつき同意を求める ことについて (追加提案) 第26,R080326A,R080326A,1,同意4
令和8年3月定例会,高議第21号,教育委員会委員を任命するにつき同意を求めることについて 第27 閉会中の継続調査の申し出について ...............................,R080326A,R080326A,1,同意4
令和8年5月臨時会,高予第19号,第1回令和8年度高砂市一般会計補正予算 第 9,R080519A,R080520A,2,了承2/承認1
令和8年5月臨時会,高予第20号,第1回令和8年度高砂市水道事業会計補正予算 第10,R080519A,R080520A,2,了承2/承認1
令和8年5月臨時会,高予第21号,第1回令和8年度高砂市病院事業会計補正予算 ..........................................................,R080519A,R080520A,2,了承2/承認1
令和8年5月臨時会,高報第3号,専決処分をしたものにつき承認を求めることについて 高専第3号 高砂市市税条例の一部を改正する条例を定める ことについて 第 5,R080519A,R080519A,1,承認5
令和8年5月臨時会,高報第4号,専決処分をしたものにつき承認を求めることについて 高専第4号 新築の住宅等に対して課する固定資産税軽減に 関する条例の一部を改正する条例を定めること について ,R080519A,R080519A,1,承認5
令和8年5月臨時会,高議第22号,指定管理者の指定について 第 7,R080519A,R080520A,2,了承3
令和8年5月臨時会,高議第23号,高砂市病院事業の設置等に関する条例の一部を改正する条例 を定めることについて 第 8,R080519A,R080520A,2,了承2
令和8年6月定例会,高予第22号,第2回令和8年度高砂市一般会計補正予算 (口頭追加) 第15,R080610A,R080622A,2,異議ありません2/了承2/起立1
令和8年6月定例会,高予第23号,第2回令和8年度高砂市水道事業会計補正予算 (口頭追加) 第16 陳情のこと mRNAワクチン(レプリコンワクチンを含む)接種事業中 止の意見書提出を求める陳情,R080610A,R080622A,2,異議ありません2/了承2
令和8年6月定例会,高報第10号,一般財団法人高砂市勤労福祉財団の経営状況の報告について 第 8,R080610A,R080610A,1,
令和8年6月定例会,高報第11号,公益財団法人結のたかさご(公益財団法人高砂市施設利用振 興財団)の経営状況の報告について 第 9,R080610A,R080610A,1,
令和8年6月定例会,高報第5号,専決処分をしたものにつき承認を求めることについて 高専第5号 損害賠償の額を定めることについて 第 3,R080610A,R080610A,1,承認4
令和8年6月定例会,高報第6号,専決処分をしたものにつき承認を求めることについて 高専第6号 損害賠償の額を定めることについて 第 4,R080610A,R080610A,1,承認4
令和8年6月定例会,高報第7号,令和7年度高砂市一般会計繰越明許費繰越計算書について 第 5,R080610A,R080610A,1,
令和8年6月定例会,高報第8号,令和7年度高砂市水道事業会計予算繰越計算書について 第 6,R080610A,R080610A,1,
令和8年6月定例会,高報第9号,令和7年度高砂市下水道事業会計予算繰越計算書について 第 7,R080610A,R080610A,1,
令和8年6月定例会,高議第24号,高砂市市税条例の一部を改正する条例を定めることについて 第10,R080610A,R080622A,2,了承2/異議ありません1
令和8年6月定例会,高議第25号,高砂市医療費助成条例の一部を改正する条例を定めることに ついて 第11,R080610A,R080622A,2,了承2
令和8年6月定例会,高議第26号,高砂市水道事業及び工業用水道事業並びに下水道事業の設置 等に関する条例の一部を改正する条例を定めることについて 第12,R080610A,R080622A,2,了承2
令和8年6月定例会,高議第27号,高砂市病院事業の設置等に関する条例の一部を改正する条例 を定めることについて 第13,R080610A,R080622A,2,了承2
令和8年6月定例会,高議第28号,高砂市消防団員等公務災害補償条例の一部を改正する条例を 定めることについて 第14,R080610A,R080622A,2,了承2/異議ありません1
令和8年6月定例会,高予第24号,第3回令和8年度高砂市一般会計補正予算 (追加提案) 第17,R080622A,R080622A,1,同意2/了承2
令和8年6月定例会,高予第25号,第3回令和8年度高砂市水道事業会計補正予算 (追加提案) 第18,R080622A,R080622A,1,同意2/了承2
令和8年6月定例会,高議第29号,工事請負契約を締結することについて (追加提案) 第16,R080622A,R080622A,1,同意2/了承2
令和8年6月定例会,高議第30号,農業委員会委員を任命するにつき同意を求めることについて (追加提案) 第19,R080622A,R080622A,1,同意4
令和8年6月定例会,高議第31号,監査委員を選任するにつき同意を求めることについて (追加提案) 第20,R080622A,R080622A,1,同意4
令和8年6月定例会,高議第32号,高砂市議会議員政治倫理条例の一部を改正する条例を定める ことについて (追加提案) 第14,R080622A,R080622A,1,同意2/異議ありません1
令和8年6月定例会,高議第33号,高砂市議会会議規則の一部を改正する規則を定めることにつ いて (追加提案) 第15,R080622A,R080622A,1,同意2/異議ありません1
令和8年6月定例会,高議第34号,意見書提出のことについて (子どものゆたかな学びと育ちを保障するための2027年 度政府予算に係る意見書) 第21 閉会中の継続調査の申し出について .....,R080622A,R080622A,1,採択1
