号ID,号の月,会議,種別,結果(議会だより),議案番号,件名,照合キー,賛否の状態,賛否表の通し番号,会議録の採決区分,会議録の候補数,会議録ファイル
D01,R4/9,,事件議案,可決,,財産の無償譲渡について（山ノ端自治会へ市有土地を無償譲渡するもの）,財産の無償譲渡について(山ノ端自治会へ市有土地を無償譲渡するもの),賛否表になし→全員賛成と推定(要:会議録確認),,異議なし(全会一致),2,R041005A
D01,R4/9,,事件議案,可決,,財産の無償譲渡について（魚橋北自治会へ市有土地・市有建物を無償譲渡するもの）,財産の無償譲渡について(魚橋北自治会へ市有土地・市有建物を無償譲渡するもの),賛否表になし→全員賛成と推定(要:会議録確認),,異議なし(全会一致),2,R041005A
D01,R4/9,,事件議案,可決,,市有土地の売却について,市有土地の売却について,賛否表になし→全員賛成と推定(要:会議録確認),,異議なし(全会一致),1,R041005A
D01,R4/9,,条例議案,可決,,高砂市職員の定年等に関する条例等の一部を改正する等の条例を定めることについて,高砂市職員の定年等に関する条例等の一部を改正する等の条例を定めることについて,賛否表になし→全員賛成と推定(要:会議録確認),,異議なし(全会一致),1,R041005A
D01,R4/9,,条例議案,可決,,高砂市職員の高齢者部分休業に関する条例を定めることについて,高砂市職員の高齢者部分休業に関する条例を定めることについて,賛否表になし→全員賛成と推定(要:会議録確認),,異議なし(全会一致),1,R041005A
D01,R4/9,,条例議案,可決,,高砂市職員の育児休業等に関する条例の一部を改正する条例を定めることについて,高砂市職員の育児休業等に関する条例の一部を改正する条例を定めることについて,賛否表になし→全員賛成と推定(要:会議録確認),,異議なし(全会一致),1,R041005A
D01,R4/9,,条例議案,可決,,東播臨海広域クリーンセンター運営基金条例の一部を改正する条例を定めることについて,東播臨海広域クリーンセンター運営基金条例の一部を改正する条例を定めることについて,賛否表になし→全員賛成と推定(要:会議録確認),,異議なし(全会一致),1,R041005A
D01,R4/9,,条例議案,可決,,高砂市手数料条例の一部を改正する条例を定めることについて,高砂市手数料条例の一部を改正する条例を定めることについて,賛否表になし→全員賛成と推定(要:会議録確認),,異議なし(全会一致),1,R041005A
D01,R4/9,,条例議案,可決,,高砂市建築手数料条例の一部を改正する条例を定めることについて,高砂市建築手数料条例の一部を改正する条例を定めることについて,賛否表になし→全員賛成と推定(要:会議録確認),,異議なし(全会一致),1,R041005A
D01,R4/9,,条例議案,可決,,高砂市学校給食費に関する条例を定めることについて,高砂市学校給食費に関する条例を定めることについて,賛否表になし→全員賛成と推定(要:会議録確認),,異議なし(全会一致),1,R041005A
D01,R4/9,,補正予算,可決,,第3回令和4年度高砂市一般会計,第3回令和4年度高砂市一般会計,議員別の賛否あり,1,判定不能/採決あり(起立)/採決あり(電子表決、賛成多数),3,R040926A|R040927A|R041005A
D01,R4/9,,補正予算,可決,,第1回令和4年度高砂市国民健康保険事業特別会計,第1回令和4年度高砂市国民健康保険事業特別会計,賛否表になし→全員賛成と推定(要:会議録確認),,異議なし(全会一致),1,R041005A
D01,R4/9,,補正予算,可決,,第1回令和4年度高砂市後期高齢者医療事業特別会計,第1回令和4年度高砂市後期高齢者医療事業特別会計,賛否表になし→全員賛成と推定(要:会議録確認),,異議なし(全会一致),1,R041005A
D01,R4/9,,補正予算,可決,,第1回令和4年度高砂市介護保険事業特別会計,第1回令和4年度高砂市介護保険事業特別会計,賛否表になし→全員賛成と推定(要:会議録確認),,異議なし(全会一致),1,R041005A
D01,R4/9,,補正予算,可決,,第2回令和4年度高砂市広域ごみ処理事業特別会計,第2回令和4年度高砂市広域ごみ処理事業特別会計,賛否表になし→全員賛成と推定(要:会議録確認),,異議なし(全会一致),1,R041005A
D01,R4/9,,補正予算,可決,,第2回令和4年度高砂市水道事業会計,第2回令和4年度高砂市水道事業会計,賛否表になし→全員賛成と推定(要:会議録確認),,異議なし(全会一致),1,R041005A
D01,R4/9,,補正予算,可決,,第1回令和4年度高砂市工業用水道事業会計,第1回令和4年度高砂市工業用水道事業会計,賛否表になし→全員賛成と推定(要:会議録確認),,異議なし(全会一致),1,R041005A
D01,R4/9,,補正予算,可決,,第1回令和4年度高砂市下水道事業会計,第1回令和4年度高砂市下水道事業会計,賛否表になし→全員賛成と推定(要:会議録確認),,異議なし(全会一致),1,R041005A
D01,R4/9,,補正予算,可決,,第1回令和4年度高砂市病院事業会計,第1回令和4年度高砂市病院事業会計,賛否表になし→全員賛成と推定(要:会議録確認),,異議なし(全会一致),2,R040927A|R041005A
D01,R4/9,,補正予算,可決,,第4回令和4年度高砂市一般会計,第4回令和4年度高砂市一般会計,賛否表になし→全員賛成と推定(要:会議録確認),,異議なし(全会一致),1,R041005A
D01,R4/9,,陳情,不採択,,消費税インボイス制度の実施中止を求める陳情書,消費税インボイス制度の実施中止を求める陳情書,議員別の賛否あり,3,,0,
D01,R4/9,,陳情,不採択,,国に安倍元首相の国葬の中止を求める陳情,国に安倍元首相の国葬の中止を求める陳情,議員別の賛否あり,4,,0,
D01,R4/9,,陳情,継続審議,,沖縄を「捨て石」にしない安全保障政策を求める意見書の提出を求める陳情,沖縄を捨て石にしない安全保障政策を求める意見書の提出を求める陳情,議員別の賛否あり,2,,0,
D01,R4/9,,陳情,継続審議,,加齢性難聴者の補聴器購入に対する公的補助を求める陳情,加齢性難聴者の補聴器購入に対する公的補助を求める陳情,継続審議(採決なし),,,0,
D02,R4/12,,事件議案,可決,,財産の無償譲渡について,財産の無償譲渡について,賛否表になし→全員賛成と推定(要:会議録確認),,異議なし(全会一致),1,R041216A
D02,R4/12,,事件議案,可決,,指定管理者の指定について,指定管理者の指定について,議員別の賛否あり,1,採決あり(電子表決、賛成多数),1,R041216A
D02,R4/12,,事件議案,可決,,姫路市及び高砂市における連携中枢都市圏形成に係る連携協約の一部を変更する連携協約の締結について,姫路市及び高砂市における連携中枢都市圏形成に係る連携協約の一部を変更する連携協約の締結について,賛否表になし→全員賛成と推定(要:会議録確認),,異議なし(全会一致),1,R041216A
D02,R4/12,,条例議案,可決,,高砂市職員の給与に関する条例の一部を改正する条例を定めることについて,高砂市職員の給与に関する条例の一部を改正する条例を定めることについて,賛否表になし→全員賛成と推定(要:会議録確認),,異議なし(全会一致),1,R041216A
D02,R4/12,,条例議案,可決,,特別職の職員で常勤のものの給与に関する条例の一部を改正する条例を定めることについて,特別職の職員で常勤のものの給与に関する条例の一部を改正する条例を定めることについて,議員別の賛否あり,2,採決あり(電子表決、賛成多数),1,R041216A
D02,R4/12,,条例議案,可決,,議会議員の議員報酬及び費用弁償に関する条例の一部を改正する条例を定めることについて,議会議員の議員報酬及び費用弁償に関する条例の一部を改正する条例を定めることについて,議員別の賛否あり,3,採決あり(電子表決、賛成多数),1,R041216A
D02,R4/12,,条例議案,可決,,高砂市会計年度任用職員の給与等に関する条例の一部を改正する条例を定めることについて,高砂市会計年度任用職員の給与等に関する条例の一部を改正する条例を定めることについて,賛否表になし→全員賛成と推定(要:会議録確認),,異議なし(全会一致),1,R041216A
D02,R4/12,,条例議案,可決,,高砂市個人情報の保護に関する条例を定めることについて,高砂市個人情報の保護に関する条例を定めることについて,議員別の賛否あり,4,採決あり(電子表決、賛成多数),1,R041216A
D02,R4/12,,条例議案,可決,,高砂市文化会館条例の一部を改正する条例を定めることについて,高砂市文化会館条例の一部を改正する条例を定めることについて,賛否表になし→全員賛成と推定(要:会議録確認),,異議なし(全会一致),1,R041216A
D02,R4/12,,補正予算,可決,,第6回令和4年度高砂市一般会計,第6回令和4年度高砂市一般会計,議員別の賛否あり,5,判定不能/採決あり(電子表決、賛成多数),2,R041207A|R041216A
D02,R4/12,,補正予算,可決,,第2回令和4年度高砂市国民健康保険事業特別会計,第2回令和4年度高砂市国民健康保険事業特別会計,賛否表になし→全員賛成と推定(要:会議録確認),,異議なし(全会一致),1,R041216A
D02,R4/12,,補正予算,可決,,第2回令和4年度高砂市後期高齢者医療事業特別会計,第2回令和4年度高砂市後期高齢者医療事業特別会計,賛否表になし→全員賛成と推定(要:会議録確認),,異議なし(全会一致),1,R041216A
D02,R4/12,,補正予算,可決,,第2回令和4年度高砂市介護保険事業特別会計,第2回令和4年度高砂市介護保険事業特別会計,賛否表になし→全員賛成と推定(要:会議録確認),,異議なし(全会一致),1,R041216A
D02,R4/12,,補正予算,可決,,第3回令和4年度高砂市広域ごみ処理事業特別会計,第3回令和4年度高砂市広域ごみ処理事業特別会計,賛否表になし→全員賛成と推定(要:会議録確認),,異議なし(全会一致),1,R041216A
D02,R4/12,,補正予算,可決,,第3回令和4年度高砂市水道事業会計,第3回令和4年度高砂市水道事業会計,議員別の賛否あり,6,採決あり(電子表決、賛成多数),1,R041216A
D02,R4/12,,補正予算,可決,,第2回令和4年度高砂市工業用水道事業会計,第2回令和4年度高砂市工業用水道事業会計,賛否表になし→全員賛成と推定(要:会議録確認),,異議なし(全会一致),1,R041216A
D02,R4/12,,補正予算,可決,,第2回令和4年度高砂市下水道事業会計,第2回令和4年度高砂市下水道事業会計,賛否表になし→全員賛成と推定(要:会議録確認),,異議なし(全会一致),1,R041216A
D02,R4/12,,補正予算,可決,,第2回令和4年度高砂市病院事業会計,第2回令和4年度高砂市病院事業会計,賛否表になし→全員賛成と推定(要:会議録確認),,異議なし(全会一致),2,R041207A|R041216A
D02,R4/12,,補正予算,可決,,第7回令和4年度高砂市一般会計,第7回令和4年度高砂市一般会計,賛否表になし→全員賛成と推定(要:会議録確認),,異議なし(全会一致),1,R041216A
D02,R4/12,,陳情,不採択,,高砂市議会から厚生労働省に潜在看護師を活用する意見書を提出することに関する陳情書,高砂市議会から厚生労働省に潜在看護師を活用する意見書を提出することに関する陳情書,賛否表になし→全員賛成と推定(要:会議録確認),,,0,
D02,R4/12,,陳情,不採択,,小・中学校の全児童・生徒の給食費を無償化することを求める陳情書,小・中学校の全児童・生徒の給食費を無償化することを求める陳情書,議員別の賛否あり,8,,0,
D02,R4/12,,陳情,継続審議,,「高砂市野球場スコアボードの電光掲示板への改修」に関する陳情書,高砂市野球場スコアボードの電光掲示板への改修に関する陳情書,議員別の賛否あり,7,,0,
D02,R4/12,,陳情,継続審議,,高砂市民病院を公立の総合病院として、存続と充実を求める陳情書,高砂市民病院を公立の総合病院として存続と充実を求める陳情書,継続審議(採決なし),,,0,
D02,R4/12,,陳情,継続審議,,はりきゅうマッサージ指定施術所利用券の縮小廃止方針の撤廃を求める陳情,はりきゅうマッサージ指定施術所利用券の縮小廃止方針の撤廃を求める陳情,議員別の賛否あり,9,,0,
D02,R4/12,,陳情,継続審議,,沖縄を「捨て石」にしない安全保障政策を求める意見書の提出を求める陳情,沖縄を捨て石にしない安全保障政策を求める意見書の提出を求める陳情,議員別の賛否あり,10,,0,
D02,R4/12,,陳情,継続審議,,加齢性難聴者の補聴器購入に対する公的補助を求める陳情,加齢性難聴者の補聴器購入に対する公的補助を求める陳情,議員別の賛否あり,11,,0,
D03,R5/3,,事件議案,可決,,市道路線の認定について,市道路線の認定について,賛否表になし→全員賛成と推定(要:会議録確認),,異議なし(全会一致),1,R050327A
D03,R5/3,,事件議案,可決,,市道路線の変更について,市道路線の変更について,賛否表になし→全員賛成と推定(要:会議録確認),,異議なし(全会一致),1,R050327A
D03,R5/3,,事件議案,可決,,姫路市道認定に関し承諾することについて,姫路市道認定に関し承諾することについて,賛否表になし→全員賛成と推定(要:会議録確認),,異議なし(全会一致),1,R050327A
D03,R5/3,,条例議案,可決,,高砂市庁舎建設基金条例を廃止する条例を定めることについて,高砂市庁舎建設基金条例を廃止する条例を定めることについて,賛否表になし→全員賛成と推定(要:会議録確認),,異議なし(全会一致),1,R050302A
D03,R5/3,,条例議案,可決,,高砂市市営住宅条例の一部を改正する条例を定めることについて,高砂市市営住宅条例の一部を改正する条例を定めることについて,賛否表になし→全員賛成と推定(要:会議録確認),,異議なし(全会一致),1,R050302A
D03,R5/3,,条例議案,可決,,高砂市民病院将来構想検討委員会条例を定めることについて,高砂市民病院将来構想検討委員会条例を定めることについて,議員別の賛否あり,5,採決あり(電子表決、賛成多数),1,R050327A
D03,R5/3,,条例議案,可決,,高砂市職員の定年等に関する条例の一部を改正する条例を定めることについて,高砂市職員の定年等に関する条例の一部を改正する条例を定めることについて,賛否表になし→全員賛成と推定(要:会議録確認),,異議なし(全会一致),1,R050327A
D03,R5/3,,条例議案,可決,,高砂市見守りカメラの設置及び運用に関する条例を定めることについて,高砂市見守りカメラの設置及び運用に関する条例を定めることについて,議員別の賛否あり,6,採決あり(電子表決、賛成多数),1,R050327A
D03,R5/3,,条例議案,可決,,高砂市医療費助成条例の一部を改正する条例を定めることについて,高砂市医療費助成条例の一部を改正する条例を定めることについて,賛否表になし→全員賛成と推定(要:会議録確認),,異議なし(全会一致),1,R050327A
D03,R5/3,,条例議案,可決,,高砂市国民健康保険条例の一部を改正する条例を定めることについて,高砂市国民健康保険条例の一部を改正する条例を定めることについて,議員別の賛否あり,7,採決あり(電子表決、賛成多数),1,R050327A
D03,R5/3,,条例議案,可決,,高砂市保育所条例等の一部を改正する条例を定めることについて,高砂市保育所条例等の一部を改正する条例を定めることについて,議員別の賛否あり,8,採決あり(電子表決、賛成多数),1,R050327A
D03,R5/3,,条例議案,可決,,高砂市特別会計条例の一部を改正する条例を定めることについて,高砂市特別会計条例の一部を改正する条例を定めることについて,賛否表になし→全員賛成と推定(要:会議録確認),,異議なし(全会一致),1,R050327A
D03,R5/3,,条例議案,可決,,高砂市手数料条例の一部を改正する条例を定めることについて,高砂市手数料条例の一部を改正する条例を定めることについて,賛否表になし→全員賛成と推定(要:会議録確認),,異議なし(全会一致),1,R050327A
D03,R5/3,,条例議案,可決,,高砂市建築手数料条例の一部を改正する条例を定めることについて,高砂市建築手数料条例の一部を改正する条例を定めることについて,賛否表になし→全員賛成と推定(要:会議録確認),,異議なし(全会一致),1,R050327A
D03,R5/3,,条例議案,可決,,高砂市水道事業給水条例及び高砂市水道を加古川市米田町地域へ市外給水をすることに関する条例の一部を改正する条例を定めることについて,高砂市水道事業給水条例及び高砂市水道を加古川市米田町地域へ市外給水をすることに関する条例の一部を改正する条例を定めることについて,議員別の賛否あり,9,採決あり(電子表決、賛成多数),1,R050327A
D03,R5/3,,条例議案,可決,,高砂市消防団員の定員、任用、給与及び服務等に関する条例の一部を改正する条例を定めることについて,高砂市消防団員の定員任用給与及び服務等に関する条例の一部を改正する条例を定めることについて,賛否表になし→全員賛成と推定(要:会議録確認),,異議なし(全会一致),1,R050327A
D03,R5/3,,条例議案,可決,,高砂市議会個人情報の保護に関する条例を定めることについて,高砂市議会個人情報の保護に関する条例を定めることについて,議員別の賛否あり,22,採決あり(電子表決、賛成多数),1,R050327A
D03,R5/3,,補正予算,可決,,第8回令和4年度高砂市一般会計,第8回令和4年度高砂市一般会計,議員別の賛否あり,1,判定不能/採決あり(電子表決、賛成多数),2,R050227A|R050302A
D03,R5/3,,補正予算,可決,,第3回令和4年度高砂市国民健康保険事業特別会計,第3回令和4年度高砂市国民健康保険事業特別会計,議員別の賛否あり,2,採決あり(電子表決、賛成多数),1,R050302A
D03,R5/3,,補正予算,可決,,第3回令和4年度高砂市後期高齢者医療事業特別会計,第3回令和4年度高砂市後期高齢者医療事業特別会計,議員別の賛否あり,3,採決あり(電子表決、賛成多数),1,R050302A
D03,R5/3,,補正予算,可決,,第3回令和4年度高砂市介護保険事業特別会計,第3回令和4年度高砂市介護保険事業特別会計,議員別の賛否あり,4,採決あり(電子表決、賛成多数),1,R050302A
D03,R5/3,,補正予算,可決,,第4回令和4年度高砂市広域ごみ処理事業特別会計,第4回令和4年度高砂市広域ごみ処理事業特別会計,賛否表になし→全員賛成と推定(要:会議録確認),,異議なし(全会一致),1,R050302A
D03,R5/3,,補正予算,可決,,第4回令和4年度高砂市水道事業会計,第4回令和4年度高砂市水道事業会計,賛否表になし→全員賛成と推定(要:会議録確認),,異議なし(全会一致),1,R050302A
D03,R5/3,,補正予算,可決,,第3回令和4年度高砂市下水道事業会計,第3回令和4年度高砂市下水道事業会計,賛否表になし→全員賛成と推定(要:会議録確認),,異議なし(全会一致),1,R050302A
D03,R5/3,,補正予算,可決,,第3回令和4年度高砂市病院事業会計,第3回令和4年度高砂市病院事業会計,賛否表になし→全員賛成と推定(要:会議録確認),,異議なし(全会一致),1,R050302A
D03,R5/3,,予算,可決,,令和5年度高砂市一般会計,令和5年度高砂市一般会計,議員別の賛否あり,10,採決あり(電子表決)/採決あり(電子表決、賛成多数)/異議なし(全会一致),4,R050309A|R050310A|R050313A|R050327A
D03,R5/3,,予算,可決,,令和5年度高砂市国民健康保険事業特別会計,令和5年度高砂市国民健康保険事業特別会計,議員別の賛否あり,11,採決あり(電子表決、賛成多数),1,R050327A
D03,R5/3,,予算,可決,,令和5年度高砂市後期高齢者医療事業特別会計,令和5年度高砂市後期高齢者医療事業特別会計,議員別の賛否あり,12,採決あり(電子表決、賛成多数),1,R050327A
D03,R5/3,,予算,可決,,令和5年度高砂市介護保険事業特別会計,令和5年度高砂市介護保険事業特別会計,議員別の賛否あり,13,採決あり(電子表決、賛成多数),1,R050327A
D03,R5/3,,予算,可決,,令和5年度高砂市水道事業会計,令和5年度高砂市水道事業会計,議員別の賛否あり,14,採決あり(電子表決、賛成多数),1,R050327A
D03,R5/3,,予算,可決,,令和5年度高砂市工業用水道事業会計,令和5年度高砂市工業用水道事業会計,賛否表になし→全員賛成と推定(要:会議録確認),,異議なし(全会一致),1,R050327A
D03,R5/3,,予算,可決,,令和5年度高砂市下水道事業会計,令和5年度高砂市下水道事業会計,賛否表になし→全員賛成と推定(要:会議録確認),,異議なし(全会一致),1,R050327A
D03,R5/3,,予算,可決,,令和5年度高砂市病院事業会計,令和5年度高砂市病院事業会計,議員別の賛否あり,15,採決あり(電子表決、賛成多数),1,R050327A
D03,R5/3,,陳情,採択,,消費者被害を防止、救済するため特定商取引法の抜本的法改正を求める陳情書,消費者被害を防止救済するため特定商取引法の抜本的法改正を求める陳情書,賛否表になし→全員賛成と推定(要:会議録確認),,,0,
D03,R5/3,,陳情,採択,,外国にルーツのある児童生徒の日本語学習支援について予算化を求める陳情書,外国にルーツのある児童生徒の日本語学習支援について予算化を求める陳情書,賛否表になし→全員賛成と推定(要:会議録確認),,,0,
D03,R5/3,,陳情,趣旨採択,,庁舎内における職員への政党機関紙の勧誘・配達・集金を自粛するよう求める陳情,庁舎内における職員への政党機関紙の勧誘・配達・集金を自粛するよう求める陳情,議員別の賛否あり,16,,0,
D03,R5/3,,陳情,不採択,,小・中学校の全児童・生徒の給食費を無償化することを求める陳情書,小・中学校の全児童・生徒の給食費を無償化することを求める陳情書,議員別の賛否あり,17,,0,
D03,R5/3,,陳情,不採択,,高砂市民病院を市直営の総合病院として存続させ、地域医療を守る役割を果たすことを求める陳情書,高砂市民病院を市直営の総合病院として存続させ地域医療を守る役割を果たすことを求める陳情書,議員別の賛否あり,18,,0,
D03,R5/3,,陳情,不採択,,沖縄を「捨て石」にしない安全保障政策を求める意見書の提出を求める陳情,沖縄を捨て石にしない安全保障政策を求める意見書の提出を求める陳情,議員別の賛否あり,19,,0,
D03,R5/3,,陳情,不採択,,高砂市民病院を公立の総合病院として、存続と充実を求める陳情書,高砂市民病院を公立の総合病院として存続と充実を求める陳情書,議員別の賛否あり,20,,0,
D03,R5/3,,陳情,不採択,,はりきゅうマッサージ指定施術所利用券の縮小廃止方針の撤廃を求める陳情,はりきゅうマッサージ指定施術所利用券の縮小廃止方針の撤廃を求める陳情,議員別の賛否あり,21,,0,
D03,R5/3,,陳情,継続審議,,日本全体で解決すべき問題として、普天間基地周辺の子どもたちを取り巻く空・水・土の安全の保障を求める陳情,日本全体で解決すべき問題として普天間基地周辺の子どもたちを取り巻く空・水・土の安全の保障を求める陳情,議員別の賛否あり,23,,0,
D03,R5/3,,陳情,継続審議,,加齢性難聴者の補聴器購入に対する公的補助を求める陳情,加齢性難聴者の補聴器購入に対する公的補助を求める陳情,議員別の賛否あり,24,,0,
D03,R5/3,,陳情,継続審議,,「高砂市野球場スコアボードの電光掲示板への改修」に関する陳情書,高砂市野球場スコアボードの電光掲示板への改修に関する陳情書,議員別の賛否あり,25,,0,
D04,R5/6,第1回臨時会,事件議案,可決,,工事請負契約を締結することについて,工事請負契約を締結することについて,議員別の賛否あり,1,採決あり(電子表決、賛成多数),1,R050630A
D04,R5/6,第1回臨時会,事件議案,可決,,製造請負契約を締結することについて,製造請負契約を締結することについて,議員別の賛否あり,2,異議なし(全会一致),1,R050522A
D04,R5/6,第1回臨時会,条例議案,可決,,高砂市市税条例の一部を改正する条例を定めることについて,高砂市市税条例の一部を改正する条例を定めることについて,議員別の賛否あり,3,異議なし(全会一致),1,R050522A
D04,R5/6,第1回臨時会,補正予算,可決,,第1回令和5年度高砂市一般会計,第1回令和5年度高砂市一般会計,議員別の賛否あり,4,異議なし(全会一致),1,R050522A
D04,R5/6,6月定例会,事件議案,可決,,工事請負契約を締結することについて,工事請負契約を締結することについて,議員別の賛否あり,1,採決あり(電子表決、賛成多数),1,R050630A
D04,R5/6,6月定例会,条例議案,可決,,高砂市特別職報酬等審議会条例の一部を改正する条例を定めることについて,高砂市特別職報酬等審議会条例の一部を改正する条例を定めることについて,賛否表になし→全員賛成と推定(要:会議録確認),,異議なし(全会一致),1,R050630A
D04,R5/6,6月定例会,条例議案,可決,,高砂市新型コロナウイルス対策基金条例を廃止する条例を定めることについて,高砂市新型コロナウイルス対策基金条例を廃止する条例を定めることについて,賛否表になし→全員賛成と推定(要:会議録確認),,異議なし(全会一致),1,R050630A
D04,R5/6,6月定例会,条例議案,可決,,高砂市生石体育センター条例を廃止する条例を定めることについて,高砂市生石体育センター条例を廃止する条例を定めることについて,賛否表になし→全員賛成と推定(要:会議録確認),,異議なし(全会一致),1,R050630A
D04,R5/6,6月定例会,条例議案,可決,,高砂市総合運動公園体育施設管理条例の一部を改正する条例を定めることについて,高砂市総合運動公園体育施設管理条例の一部を改正する条例を定めることについて,賛否表になし→全員賛成と推定(要:会議録確認),,異議なし(全会一致),1,R050630A
D04,R5/6,6月定例会,条例議案,可決,,高砂市火災予防条例の一部を改正する条例を定めることについて,高砂市火災予防条例の一部を改正する条例を定めることについて,賛否表になし→全員賛成と推定(要:会議録確認),,異議なし(全会一致),1,R050630A
D04,R5/6,6月定例会,補正予算,可決,,第2回令和5年度高砂市一般会計,第2回令和5年度高砂市一般会計,賛否表になし→全員賛成と推定(要:会議録確認),,判定不能/採決あり(起立)/異議なし(全会一致),3,R050620A|R050621A|R050630A
D04,R5/6,6月定例会,補正予算,可決,,第2回令和5年度高砂市水道事業会計,第2回令和5年度高砂市水道事業会計,賛否表になし→全員賛成と推定(要:会議録確認),,異議なし(全会一致),1,R050630A
D04,R5/6,6月定例会,補正予算,可決,,第1回令和5年度高砂市病院事業会計,第1回令和5年度高砂市病院事業会計,賛否表になし→全員賛成と推定(要:会議録確認),,異議なし(全会一致),2,R050621A|R050630A
D04,R5/6,6月定例会,陳情,採択,,子どものために保育士の配置基準を引き上げるよう、国に対して、意見書の提出を求める陳情書,子どものために保育士の配置基準を引き上げるよう国に対して意見書の提出を求める陳情書,賛否表になし→全員賛成と推定(要:会議録確認),,,0,
D04,R5/6,6月定例会,陳情,採択,,「高砂市野球場の改修」に関する陳情書,高砂市野球場の改修に関する陳情書,賛否表になし→全員賛成と推定(要:会議録確認),,,0,
D04,R5/6,6月定例会,陳情,採択,,少人数学級・教職員定数の改善及び義務教育費国庫負担制度2分の1復元に関する件,少人数学級・教職員定数の改善及び義務教育費国庫負担制度2分の1復元に関する件,賛否表になし→全員賛成と推定(要:会議録確認),,,0,
D04,R5/6,6月定例会,陳情,採択,,手話・要約筆記の費用を公費で負担することに関する陳情書,手話・要約筆記の費用を公費で負担することに関する陳情書,賛否表になし→全員賛成と推定(要:会議録確認),,,0,
D04,R5/6,6月定例会,陳情,採択,,「高砂市野球場スコアボードの電光掲示板への改修」に関する陳情書,高砂市野球場スコアボードの電光掲示板への改修に関する陳情書,賛否表になし→全員賛成と推定(要:会議録確認),,,0,
D04,R5/6,6月定例会,陳情,不採択,,国に対し、適格請求書等保存方式（インボイス制度）の延期・見直しを求める陳情書,国に対し適格請求書等保存方式(インボイス制度)の延期・見直しを求める陳情書,議員別の賛否あり,6,,0,
D04,R5/6,6月定例会,陳情,不採択,,消費税インボイス制度（適格請求書等保存方式）の実施延期を求める陳情書,消費税インボイス制度(適格請求書等保存方式)の実施延期を求める陳情書,議員別の賛否あり,7,,0,
D04,R5/6,6月定例会,陳情,不採択,,日本全体で解決すべき問題として、普天間基地周辺の子どもたちを取り巻く空・水・土の安全の保障を求める陳情,日本全体で解決すべき問題として普天間基地周辺の子どもたちを取り巻く空・水・土の安全の保障を求める陳情,議員別の賛否あり,8,,0,
D04,R5/6,6月定例会,陳情,継続審議,,加齢性難聴者の補聴器購入に対する公的補助を求める陳情,加齢性難聴者の補聴器購入に対する公的補助を求める陳情,議員別の賛否あり,9,,0,
D05,R5/9,,事件議案,可決,,損害賠償の額を定めることについて,損害賠償の額を定めることについて,賛否表になし→全員賛成と推定(要:会議録確認),,異議なし(全会一致),1,R050914A
D05,R5/9,,条例議案,可決,,高砂市印鑑条例の一部を改正する条例を定めることについて,高砂市印鑑条例の一部を改正する条例を定めることについて,議員別の賛否あり,1,採決あり(電子表決、賛成多数),1,R050927A
D05,R5/9,,条例議案,可決,,高砂市廃棄物の処理及び清掃に関する条例の一部を改正する条例を定めることについて,高砂市廃棄物の処理及び清掃に関する条例の一部を改正する条例を定めることについて,議員別の賛否あり,2,採決あり(電子表決、賛成多数),1,R050927A
D05,R5/9,,条例議案,可決,,高砂市火災予防条例の一部を改正する条例を定めることについて,高砂市火災予防条例の一部を改正する条例を定めることについて,賛否表になし→全員賛成と推定(要:会議録確認),,異議なし(全会一致),1,R050927A
D05,R5/9,,補正予算,可決,,第3回令和5年度高砂市一般会計,第3回令和5年度高砂市一般会計,議員別の賛否あり,3,判定不能/採決あり(起立)/採決あり(電子表決、賛成多数),3,R050914A|R050915A|R050927A
D05,R5/9,,補正予算,可決,,第1回令和5年度高砂市国民健康保険事業特別会計,第1回令和5年度高砂市国民健康保険事業特別会計,賛否表になし→全員賛成と推定(要:会議録確認),,異議なし(全会一致),1,R050927A
D05,R5/9,,補正予算,可決,,第1回令和5年度高砂市後期高齢者医療事業特別会計,第1回令和5年度高砂市後期高齢者医療事業特別会計,議員別の賛否あり,4,採決あり(電子表決、賛成多数),1,R050927A
D05,R5/9,,補正予算,可決,,第1回令和5年度高砂市介護保険事業特別会計,第1回令和5年度高砂市介護保険事業特別会計,議員別の賛否あり,5,採決あり(電子表決、賛成多数),1,R050927A
D05,R5/9,,補正予算,可決,,第3回令和5年度高砂市水道事業会計,第3回令和5年度高砂市水道事業会計,賛否表になし→全員賛成と推定(要:会議録確認),,異議なし(全会一致),1,R050927A
D05,R5/9,,補正予算,可決,,第1回令和5年度高砂市工業用水道事業会計,第1回令和5年度高砂市工業用水道事業会計,賛否表になし→全員賛成と推定(要:会議録確認),,異議なし(全会一致),1,R050927A
D05,R5/9,,補正予算,可決,,第1回令和5年度高砂市下水道事業会計,第1回令和5年度高砂市下水道事業会計,賛否表になし→全員賛成と推定(要:会議録確認),,異議なし(全会一致),2,R050915A|R050927A
D05,R5/9,,補正予算,可決,,第4回令和5年度高砂市一般会計,第4回令和5年度高砂市一般会計,賛否表になし→全員賛成と推定(要:会議録確認),,異議なし(全会一致),1,R050927A
D05,R5/9,,陳情,継続審議,,高砂市教育センター駐車場の拡張を求める陳情書,高砂市教育センター駐車場の拡張を求める陳情書,議員別の賛否あり,6,,0,
D05,R5/9,,陳情,継続審議,,加齢性難聴者の補聴器購入に対する公的補助を求める陳情,加齢性難聴者の補聴器購入に対する公的補助を求める陳情,議員別の賛否あり,7,,0,
D06,R5/12,,事件議案,可決,,指定管理者の指定について（高砂市文化会館）,指定管理者の指定について(高砂市文化会館),議員別の賛否あり,1,判定不能/採決あり(電子表決、賛成多数)/異議なし(全会一致),8,R051206A|R051218A
D06,R5/12,,事件議案,可決,,指定管理者の指定について（高砂市民プール）,指定管理者の指定について(高砂市民プール),議員別の賛否あり,2,判定不能/採決あり(電子表決、賛成多数)/異議なし(全会一致),8,R051206A|R051218A
D06,R5/12,,事件議案,可決,,指定管理者の指定について（高砂市総合運動公園体育施設）,指定管理者の指定について(高砂市総合運動公園体育施設),賛否表になし→全員賛成と推定(要:会議録確認),,判定不能/採決あり(電子表決、賛成多数)/異議なし(全会一致),8,R051206A|R051218A
D06,R5/12,,事件議案,可決,,指定管理者の指定について（高砂市ユーアイ福祉交流センター）,指定管理者の指定について(高砂市ユーアイ福祉交流センター),議員別の賛否あり,3,判定不能/採決あり(電子表決、賛成多数)/異議なし(全会一致),8,R051206A|R051218A
D06,R5/12,,事件議案,可決,,指定管理者の指定について（高砂市都市公園（高砂市総合運動公園））,指定管理者の指定について(高砂市都市公園(高砂市総合運動公園)),賛否表になし→全員賛成と推定(要:会議録確認),,判定不能/採決あり(電子表決、賛成多数)/異議なし(全会一致),8,R051206A|R051218A
D06,R5/12,,事件議案,可決,,指定管理者の指定について（高砂市都市公園（松原公園外78公園））,指定管理者の指定について(高砂市都市公園(松原公園外78公園)),賛否表になし→全員賛成と推定(要:会議録確認),,判定不能/採決あり(電子表決、賛成多数)/異議なし(全会一致),8,R051206A|R051218A
D06,R5/12,,事件議案,可決,,指定管理者の指定について（高砂市市ノ池公園キャンプ場）,指定管理者の指定について(高砂市市ノ池公園キャンプ場),賛否表になし→全員賛成と推定(要:会議録確認),,判定不能/採決あり(電子表決、賛成多数)/異議なし(全会一致),8,R051206A|R051218A
D06,R5/12,,事件議案,可決,,損害賠償の額を定めることについて,損害賠償の額を定めることについて,賛否表になし→全員賛成と推定(要:会議録確認),,異議なし(全会一致),1,R051219A
D06,R5/12,,条例議案,可決,,高砂市職員の給与に関する条例の一部を改正する条例を定めることについて,高砂市職員の給与に関する条例の一部を改正する条例を定めることについて,賛否表になし→全員賛成と推定(要:会議録確認),,採決あり(電子表決、賛成多数),1,R051218A
D06,R5/12,,条例議案,可決,,特別職の職員で常勤のものの給与に関する条例の一部を改正する条例を定めることについて,特別職の職員で常勤のものの給与に関する条例の一部を改正する条例を定めることについて,賛否表になし→全員賛成と推定(要:会議録確認),,,0,
D06,R5/12,,条例議案,可決,,高砂市会計年度任用職員の給与等に関する条例の一部を改正する条例を定めることについて,高砂市会計年度任用職員の給与等に関する条例の一部を改正する条例を定めることについて,議員別の賛否あり,4,異議なし(全会一致),1,R051218A
D06,R5/12,,条例議案,可決,,高砂市減債基金条例の一部を改正する条例を定めることについて,高砂市減債基金条例の一部を改正する条例を定めることについて,賛否表になし→全員賛成と推定(要:会議録確認),,,0,
D06,R5/12,,条例議案,可決,,高砂市地域交流センター条例を定めることについて,高砂市地域交流センター条例を定めることについて,議員別の賛否あり,5,採決あり(電子表決、賛成多数),1,R051218A
D06,R5/12,,条例議案,可決,,高砂市市民サービスコーナー及び市民コーナー設置条例の一部を改正する条例を定めることについて,高砂市市民サービスコーナー及び市民コーナー設置条例の一部を改正する条例を定めることについて,議員別の賛否あり,6,採決あり(電子表決、賛成多数),1,R051218A
D06,R5/12,,条例議案,可決,,高砂市子育て支援センター条例の一部を改正する条例を定めることについて,高砂市子育て支援センター条例の一部を改正する条例を定めることについて,賛否表になし→全員賛成と推定(要:会議録確認),,異議なし(全会一致),1,R051218A
D06,R5/12,,条例議案,可決,,高砂市立幼保連携型認定こども園条例の一部を改正する等の条例を定めることについて,高砂市立幼保連携型認定こども園条例の一部を改正する等の条例を定めることについて,議員別の賛否あり,7,採決あり(電子表決、賛成多数),1,R051218A
D06,R5/12,,条例議案,可決,,高砂市文化会館条例の一部を改正する条例を定めることについて,高砂市文化会館条例の一部を改正する条例を定めることについて,賛否表になし→全員賛成と推定(要:会議録確認),,,0,
D06,R5/12,,条例議案,可決,,高砂市福祉総合相談センター条例を定めることについて,高砂市福祉総合相談センター条例を定めることについて,議員別の賛否あり,8,採決あり(電子表決、賛成多数),1,R051218A
D06,R5/12,,条例議案,可決,,高砂市駐車場条例を廃止する条例を定めることについて,高砂市駐車場条例を廃止する条例を定めることについて,賛否表になし→全員賛成と推定(要:会議録確認),,異議なし(全会一致),1,R051218A
D06,R5/12,,条例議案,可決,,高砂市緑丘二丁目地区再開発等促進区地区計画に係る公園整備基金条例の一部を改正する条例を定めることについて,高砂市緑丘二丁目地区再開発等促進区地区計画に係る公園整備基金条例の一部を改正する条例を定めることについて,賛否表になし→全員賛成と推定(要:会議録確認),,異議なし(全会一致),1,R051218A
D06,R5/12,,条例議案,可決,,高砂市手数料条例の一部を改正する条例を定めることについて,高砂市手数料条例の一部を改正する条例を定めることについて,賛否表になし→全員賛成と推定(要:会議録確認),,異議なし(全会一致),1,R051218A
D06,R5/12,,条例議案,可決,,高砂市建築手数料条例の一部を改正する条例を定めることについて,高砂市建築手数料条例の一部を改正する条例を定めることについて,賛否表になし→全員賛成と推定(要:会議録確認),,異議なし(全会一致),1,R051218A
D06,R5/12,,条例議案,可決,,高砂市空家等の適正な管理に関する条例の一部を改正する条例を定めることについて,高砂市空家等の適正な管理に関する条例の一部を改正する条例を定めることについて,賛否表になし→全員賛成と推定(要:会議録確認),,異議なし(全会一致),1,R051218A
D06,R5/12,,条例議案,可決,,高砂市立公民館条例を廃止する条例を定めることについて,高砂市立公民館条例を廃止する条例を定めることについて,議員別の賛否あり,9,採決あり(電子表決、賛成多数),1,R051218A
D06,R5/12,,条例議案,可決,,高砂市水道事業給水条例の一部を改正する条例を定めることについて,高砂市水道事業給水条例の一部を改正する条例を定めることについて,議員別の賛否あり,10,採決あり(電子表決、賛成多数),1,R051218A
D06,R5/12,,条例議案,可決,,高砂市国民健康保険条例の一部を改正する条例を定めることについて,高砂市国民健康保険条例の一部を改正する条例を定めることについて,賛否表になし→全員賛成と推定(要:会議録確認),,異議なし(全会一致),1,R051219A
D06,R5/12,,補正予算,可決,,第7回令和5年度高砂市一般会計,第7回令和5年度高砂市一般会計,議員別の賛否あり,11,採決あり(電子表決、賛成多数),1,R051218A
D06,R5/12,,補正予算,可決,,第2回令和5年度高砂市国民健康保険事業特別会計,第2回令和5年度高砂市国民健康保険事業特別会計,議員別の賛否あり,12,採決あり(電子表決、賛成多数),1,R051218A
D06,R5/12,,補正予算,可決,,第2回令和5年度高砂市後期高齢者医療事業特別会計,第2回令和5年度高砂市後期高齢者医療事業特別会計,議員別の賛否あり,13,採決あり(電子表決、賛成多数),1,R051218A
D06,R5/12,,補正予算,可決,,第2回令和5年度高砂市介護保険事業特別会計,第2回令和5年度高砂市介護保険事業特別会計,議員別の賛否あり,14,採決あり(電子表決、賛成多数),1,R051218A
D06,R5/12,,補正予算,可決,,第4回令和5年度高砂市水道事業会計,第4回令和5年度高砂市水道事業会計,賛否表になし→全員賛成と推定(要:会議録確認),,異議なし(全会一致),1,R051218A
D06,R5/12,,補正予算,可決,,第2回令和5年度高砂市工業用水道事業会計,第2回令和5年度高砂市工業用水道事業会計,賛否表になし→全員賛成と推定(要:会議録確認),,異議なし(全会一致),1,R051218A
D06,R5/12,,補正予算,可決,,第2回令和5年度高砂市下水道事業会計,第2回令和5年度高砂市下水道事業会計,賛否表になし→全員賛成と推定(要:会議録確認),,異議なし(全会一致),1,R051218A
D06,R5/12,,補正予算,可決,,第2回令和5年度高砂市病院事業会計,第2回令和5年度高砂市病院事業会計,議員別の賛否あり,15,採決あり(電子表決、賛成多数),1,R051218A
D06,R5/12,,補正予算,可決,,第8回令和5年度高砂市一般会計,第8回令和5年度高砂市一般会計,賛否表になし→全員賛成と推定(要:会議録確認),,異議なし(全会一致),1,R051219A
D06,R5/12,,補正予算,可決,,第3回令和5年度高砂市国民健康保険事業特別会計,第3回令和5年度高砂市国民健康保険事業特別会計,賛否表になし→全員賛成と推定(要:会議録確認),,異議なし(全会一致),1,R051219A
D06,R5/12,,陳情,採択,,高砂市教育センター駐車場の拡張を求める陳情書,高砂市教育センター駐車場の拡張を求める陳情書,賛否表になし→全員賛成と推定(要:会議録確認),,,0,
D06,R5/12,,陳情,不採択,,高砂市民病院を市直営の総合病院として存続させ地域医療を守る役割を果たすことを求める陳情書,高砂市民病院を市直営の総合病院として存続させ地域医療を守る役割を果たすことを求める陳情書,議員別の賛否あり,16,,0,
D06,R5/12,,陳情,継続審議,,年金制度における外国人への脱退一時金の是正を求める意見書の採択を求める陳情書,年金制度における外国人への脱退一時金の是正を求める意見書の採択を求める陳情書,議員別の賛否あり,17,,0,
D06,R5/12,,陳情,継続審議,,加齢性難聴者の補聴器購入に対する公的補助を求める陳情書,加齢性難聴者の補聴器購入に対する公的補助を求める陳情書,議員別の賛否あり,18,,0,
D07,R6/3,第1回臨時会,補正予算,可決,,第9回令和5年度高砂市一般会計,第9回令和5年度高砂市一般会計,議員別の賛否あり,1,異議なし(全会一致),1,R060205A
D07,R6/3,3月定例会,事件議案,可決,,市道路線の認定について,市道路線の認定について,賛否表になし→全員賛成と推定(要:会議録確認),,異議なし(全会一致),1,R060313A
D07,R6/3,3月定例会,事件議案,可決,,市道路線の変更について,市道路線の変更について,賛否表になし→全員賛成と推定(要:会議録確認),,異議なし(全会一致),1,R060313A
D07,R6/3,3月定例会,事件議案,可決,,兵庫県市町村職員退職手当組合を組織する地方公共団体の数の増減及び規約の変更について,兵庫県市町村職員退職手当組合を組織する地方公共団体の数の増減及び規約の変更について,賛否表になし→全員賛成と推定(要:会議録確認),,異議なし(全会一致),1,R060313A
D07,R6/3,3月定例会,事件議案,可決,,損害賠償の額を定めることについて,損害賠償の額を定めることについて,賛否表になし→全員賛成と推定(要:会議録確認),,異議なし(全会一致),1,R060313A
D07,R6/3,3月定例会,条例議案,可決,,高砂市手数料条例の一部を改正する条例を定めることについて,高砂市手数料条例の一部を改正する条例を定めることについて,賛否表になし→全員賛成と推定(要:会議録確認),,異議なし(全会一致),2,R060226A|R060313A
D07,R6/3,3月定例会,条例議案,可決,,高砂市市営住宅条例の一部を改正する条例を定めることについて,高砂市市営住宅条例の一部を改正する条例を定めることについて,賛否表になし→全員賛成と推定(要:会議録確認),,異議なし(全会一致),2,R060301A|R060313A
D07,R6/3,3月定例会,条例議案,可決,,行政手続における特定の個人を識別するための番号の利用等に関する法律に基づく個人番号の利用及び特定個人情報の提供に関する条例の一部を改正する条例を定めることについて,行政手続における特定の個人を識別するための番号の利用等に関する法律に基づく個人番号の利用及び特定個人情報の提供に関する条例の一部を改正する条例を定めることについて,賛否表になし→全員賛成と推定(要:会議録確認),,異議なし(全会一致),1,R060313A
D07,R6/3,3月定例会,条例議案,可決,,高砂市公益的法人等への職員の派遣等に関する条例の一部を改正する条例を定めることについて,高砂市公益的法人等への職員の派遣等に関する条例の一部を改正する条例を定めることについて,賛否表になし→全員賛成と推定(要:会議録確認),,異議なし(全会一致),1,R060313A
D07,R6/3,3月定例会,条例議案,可決,,高砂市会計年度任用職員の給与等に関する条例及び高砂市企業職員の給与に関する条例の一部を改正する条例を定めることについて,高砂市会計年度任用職員の給与等に関する条例及び高砂市企業職員の給与に関する条例の一部を改正する条例を定めることについて,賛否表になし→全員賛成と推定(要:会議録確認),,異議なし(全会一致),1,R060313A
D07,R6/3,3月定例会,条例議案,可決,,高砂市手数料条例の一部を改正する条例を定めることについて,高砂市手数料条例の一部を改正する条例を定めることについて,賛否表になし→全員賛成と推定(要:会議録確認),,異議なし(全会一致),2,R060226A|R060313A
D07,R6/3,3月定例会,条例議案,可決,,高砂市国民健康保険条例の一部を改正する条例を定めることについて,高砂市国民健康保険条例の一部を改正する条例を定めることについて,議員別の賛否あり,4,採決あり(電子表決、賛成多数),1,R060313A
D07,R6/3,3月定例会,条例議案,可決,,高砂市介護保険条例の一部を改正する条例を定めることについて,高砂市介護保険条例の一部を改正する条例を定めることについて,議員別の賛否あり,5,,0,
D07,R6/3,3月定例会,条例議案,可決,,高砂市指定地域密着型サービスの事業に関する基準等を定める条例等の一部を改正する条例を定めることについて,高砂市指定地域密着型サービスの事業に関する基準等を定める条例等の一部を改正する条例を定めることについて,賛否表になし→全員賛成と推定(要:会議録確認),,異議なし(全会一致),1,R060313A
D07,R6/3,3月定例会,条例議案,可決,,高砂市立高砂児童学園条例の一部を改正する条例を定めることについて,高砂市立高砂児童学園条例の一部を改正する条例を定めることについて,賛否表になし→全員賛成と推定(要:会議録確認),,,0,
D07,R6/3,3月定例会,条例議案,可決,,高砂市市営住宅条例の一部を改正する条例を定めることについて,高砂市市営住宅条例の一部を改正する条例を定めることについて,賛否表になし→全員賛成と推定(要:会議録確認),,異議なし(全会一致),2,R060301A|R060313A
D07,R6/3,3月定例会,条例議案,可決,,高砂市水道事業及び工業用水道事業並びに下水道事業の設置等に関する条例の一部を改正する条例を定めることについて,高砂市水道事業及び工業用水道事業並びに下水道事業の設置等に関する条例の一部を改正する条例を定めることについて,賛否表になし→全員賛成と推定(要:会議録確認),,異議なし(全会一致),1,R060313A
D07,R6/3,3月定例会,条例議案,可決,,高砂市病院事業の設置等に関する条例の一部を改正する条例を定めることについて,高砂市病院事業の設置等に関する条例の一部を改正する条例を定めることについて,賛否表になし→全員賛成と推定(要:会議録確認),,異議なし(全会一致),1,R060313A
D07,R6/3,3月定例会,条例議案,可決,,高砂市消防団員等公務災害補償条例の一部を改正する条例を定めることについて,高砂市消防団員等公務災害補償条例の一部を改正する条例を定めることについて,賛否表になし→全員賛成と推定(要:会議録確認),,異議なし(全会一致),1,R060313A
D07,R6/3,3月定例会,条例議案,可決,,高砂市消防手数料条例の一部を改正する条例を定めることについて,高砂市消防手数料条例の一部を改正する条例を定めることについて,賛否表になし→全員賛成と推定(要:会議録確認),,,0,
D07,R6/3,3月定例会,条例議案,可決,,高砂市市税条例の一部を改正する条例を定めることについて,高砂市市税条例の一部を改正する条例を定めることについて,賛否表になし→全員賛成と推定(要:会議録確認),,異議なし(全会一致),1,R060313A
D07,R6/3,3月定例会,補正予算,可決,,第10回令和5年度高砂市一般会計,第10回令和5年度高砂市一般会計,議員別の賛否あり,2,採決あり(電子表決、賛成多数),1,R060301A
D07,R6/3,3月定例会,補正予算,可決,,第4回令和5年度高砂市国民健康保険事業特別会計,第4回令和5年度高砂市国民健康保険事業特別会計,賛否表になし→全員賛成と推定(要:会議録確認),,異議なし(全会一致),1,R060301A
D07,R6/3,3月定例会,補正予算,可決,,第3回令和5年度高砂市後期高齢者医療事業特別会計,第3回令和5年度高砂市後期高齢者医療事業特別会計,賛否表になし→全員賛成と推定(要:会議録確認),,異議なし(全会一致),1,R060301A
D07,R6/3,3月定例会,補正予算,可決,,第3回令和5年度高砂市介護保険事業特別会計,第3回令和5年度高砂市介護保険事業特別会計,賛否表になし→全員賛成と推定(要:会議録確認),,異議なし(全会一致),1,R060301A
D07,R6/3,3月定例会,補正予算,可決,,第5回令和5年度高砂市水道事業会計,第5回令和5年度高砂市水道事業会計,議員別の賛否あり,3,採決あり(電子表決、賛成多数),1,R060301A
D07,R6/3,3月定例会,補正予算,可決,,第3回令和5年度高砂市下水道事業会計,第3回令和5年度高砂市下水道事業会計,賛否表になし→全員賛成と推定(要:会議録確認),,異議なし(全会一致),1,R060301A
D07,R6/3,3月定例会,補正予算,可決,,第3回令和5年度高砂市病院事業会計,第3回令和5年度高砂市病院事業会計,賛否表になし→全員賛成と推定(要:会議録確認),,異議なし(全会一致),1,R060301A
D07,R6/3,3月定例会,補正予算,可決,,第11回令和5年度高砂市一般会計,第11回令和5年度高砂市一般会計,賛否表になし→全員賛成と推定(要:会議録確認),,判定不能/異議なし(全会一致),2,R060313A
D07,R6/3,3月定例会,予算,可決,,令和6年度高砂市一般会計,令和6年度高砂市一般会計,議員別の賛否あり,6,判定不能/採決あり(電子表決、賛成多数)/異議なし(全会一致),3,R060305A|R060306A|R060313A
D07,R6/3,3月定例会,予算,可決,,令和6年度高砂市国民健康保険事業特別会計,令和6年度高砂市国民健康保険事業特別会計,議員別の賛否あり,7,採決あり(電子表決、賛成多数),1,R060313A
D07,R6/3,3月定例会,予算,可決,,令和6年度高砂市後期高齢者医療事業特別会計,令和6年度高砂市後期高齢者医療事業特別会計,議員別の賛否あり,8,採決あり(電子表決、賛成多数),1,R060313A
D07,R6/3,3月定例会,予算,可決,,令和6年度高砂市介護保険事業特別会計,令和6年度高砂市介護保険事業特別会計,議員別の賛否あり,9,採決あり(電子表決、賛成多数),1,R060313A
D07,R6/3,3月定例会,予算,可決,,令和6年度高砂市水道事業会計,令和6年度高砂市水道事業会計,賛否表になし→全員賛成と推定(要:会議録確認),,異議なし(全会一致),1,R060313A
D07,R6/3,3月定例会,予算,可決,,令和6年度高砂市工業用水道事業会計,令和6年度高砂市工業用水道事業会計,賛否表になし→全員賛成と推定(要:会議録確認),,異議なし(全会一致),1,R060313A
D07,R6/3,3月定例会,予算,可決,,令和6年度高砂市下水道事業会計,令和6年度高砂市下水道事業会計,賛否表になし→全員賛成と推定(要:会議録確認),,異議なし(全会一致),1,R060313A
D07,R6/3,3月定例会,予算,可決,,令和6年度高砂市病院事業会計,令和6年度高砂市病院事業会計,賛否表になし→全員賛成と推定(要:会議録確認),,異議なし(全会一致),1,R060313A
D07,R6/3,3月定例会,予算,可決,,陳 情,陳情,賛否表になし→全員賛成と推定(要:会議録確認),,,0,
D07,R6/3,3月定例会,予算,可決,,【趣旨採択】,【趣旨採択】,賛否表になし→全員賛成と推定(要:会議録確認),,,0,
D07,R6/3,3月定例会,予算,可決,,小・中学校の全児童・生徒の給食費を無償化することを求める陳情書,小・中学校の全児童・生徒の給食費を無償化することを求める陳情書,賛否表になし→全員賛成と推定(要:会議録確認),,,0,
D07,R6/3,3月定例会,予算,可決,,【継続審議】,【継続審議】,賛否表になし→全員賛成と推定(要:会議録確認),,,0,
D07,R6/3,3月定例会,予算,可決,,加齢性難聴者の補聴器購入に対する公的補助を求める陳情,加齢性難聴者の補聴器購入に対する公的補助を求める陳情,議員別の賛否あり,10,,0,
D07,R6/3,3月定例会,予算,可決,,年金制度における外国人への脱退一時金の是正を求める意見書の採択を求める陳情,年金制度における外国人への脱退一時金の是正を求める意見書の採択を求める陳情,議員別の賛否あり,11,,0,
D07,R6/3,3月定例会,予算,可決,,令和6年度高砂市一般会計予算の議決にあたっての附帯決議,令和6年度高砂市一般会計予算の議決にあたっての附帯決議,賛否表になし→全員賛成と推定(要:会議録確認),,判定不能/採決あり(電子表決、賛成多数)/異議なし(全会一致),3,R060305A|R060306A|R060313A
D07,R6/3,3月定例会,予算,可決,高予第9号,令和6年度高砂市一般会計予算、3款民生費 1項社会福祉費 2目障害者援助費のうち、障害者相談支援事業における消費税額の補填については、障害者相談支援事業の社会福祉法上の取扱いが明確に周知されていなかったこと、また、本事業が2006年度から始まり17年が経過しており、その間、国としても指導を怠ってきたことから、受託法人に過失はない。よって、今事案において受託法人に新たな負担が掛からないよう、誠心誠意取り組むこと。 加えて、国において周知・徹底の機会を看過してきた責任に鑑み、国に対して、早急に延滞税、過少申告加算税の取り扱いについて統一見解を示すよう、強く要望する。,令和6年度高砂市一般会計予算3款民生費1項社会福祉費2目障害者援助費のうち障害者相談支援事業における消費税額の補填については障害者相談支援事業の社会福祉法上の取扱いが明確に周知されていなかったことまた本事業が2006年度から始まり17年が経過しておりその間国としても指導を怠ってきたことから受託法人に過失はないよって今事案において受託法人に新たな負担が掛からないよう誠心誠意取り組むこと加えて国において周知・徹底の機会を看過してきた責任に鑑み国に対して早急に延滞税過少申告加算税の取り扱いについて統一見解を示すよう強く要望する,賛否表になし→全員賛成と推定(要:会議録確認),,判定不能/採決あり(電子表決、賛成多数)/異議なし(全会一致),3,R060305A|R060306A|R060313A
D07,R6/3,3月定例会,予算,可決,,以上、決議する。,以上決議する,賛否表になし→全員賛成と推定(要:会議録確認),,,0,
D07,R6/3,3月定例会,予算,可決,,2024年（令和6年）3月13日 高 砂 市 議 会,2024年(令和6年)3月13日高砂市議会,賛否表になし→全員賛成と推定(要:会議録確認),,,0,
D08,R6/6,6月定例会,事件議案,可決,,委託基本協定を締結することについて,委託基本協定を締結することについて,賛否表になし→全員賛成と推定(要:会議録確認),,判定不能/異議なし(全会一致),2,R060606A|R060618A
D08,R6/6,6月定例会,事件議案,可決,,指定管理者の指定期間の延長について,指定管理者の指定期間の延長について,賛否表になし→全員賛成と推定(要:会議録確認),,異議なし(全会一致),1,R060618A
D08,R6/6,6月定例会,事件議案,可決,,兵庫県市町村職員退職手当組合規約の変更について,兵庫県市町村職員退職手当組合規約の変更について,賛否表になし→全員賛成と推定(要:会議録確認),,異議なし(全会一致),1,R060618A
D08,R6/6,6月定例会,事件議案,可決,,兵庫県後期高齢者医療広域連合規約の変更について,兵庫県後期高齢者医療広域連合規約の変更について,議員別の賛否あり,1,採決あり(電子表決、賛成多数),1,R060618A
D08,R6/6,6月定例会,事件議案,可決,,工事請負契約を締結することについて,工事請負契約を締結することについて,賛否表になし→全員賛成と推定(要:会議録確認),,異議なし(全会一致),1,R060618A
D08,R6/6,6月定例会,事件議案,可決,,業務委託契約を締結することについて,業務委託契約を締結することについて,賛否表になし→全員賛成と推定(要:会議録確認),,異議なし(全会一致),1,R060618A
D08,R6/6,6月定例会,条例議案,可決,,高砂市工楽松右衛門旧宅条例の一部を改正する条例を定めることについて,高砂市工楽松右衛門旧宅条例の一部を改正する条例を定めることについて,賛否表になし→全員賛成と推定(要:会議録確認),,異議なし(全会一致),1,R060618A
D08,R6/6,6月定例会,条例議案,可決,,高砂市コミュニティ基金条例を廃止する条例を定めることについて,高砂市コミュニティ基金条例を廃止する条例を定めることについて,賛否表になし→全員賛成と推定(要:会議録確認),,異議なし(全会一致),1,R060618A
D08,R6/6,6月定例会,条例議案,可決,,高砂市医療費助成条例の一部を改正する条例を定めることについて,高砂市医療費助成条例の一部を改正する条例を定めることについて,賛否表になし→全員賛成と推定(要:会議録確認),,異議なし(全会一致),1,R060618A
D08,R6/6,6月定例会,条例議案,可決,,高砂市勤労者総合福祉センター条例を廃止する条例を定めることについて,高砂市勤労者総合福祉センター条例を廃止する条例を定めることについて,賛否表になし→全員賛成と推定(要:会議録確認),,異議なし(全会一致),1,R060618A
D08,R6/6,6月定例会,条例議案,可決,,高砂市空家等の適正な管理に関する条例の一部を改正する条例を定めることについて,高砂市空家等の適正な管理に関する条例の一部を改正する条例を定めることについて,賛否表になし→全員賛成と推定(要:会議録確認),,,0,
D08,R6/6,6月定例会,条例議案,可決,,高砂市新たな学校づくり推進審議会条例を定めることについて,高砂市新たな学校づくり推進審議会条例を定めることについて,議員別の賛否あり,2,判定不能/採決あり(電子表決、賛成多数),2,R060606A|R060618A
D08,R6/6,6月定例会,条例議案,可決,,高砂市いじめ問題調査委員会条例を定めることについて,高砂市いじめ問題調査委員会条例を定めることについて,賛否表になし→全員賛成と推定(要:会議録確認),,,0,
D08,R6/6,6月定例会,条例議案,可決,,特別職の職員で非常勤のものの報酬及び費用弁償に関する条例の一部を改正する条例を定めることについて,特別職の職員で非常勤のものの報酬及び費用弁償に関する条例の一部を改正する条例を定めることについて,議員別の賛否あり,3,判定不能/採決あり(電子表決、賛成多数),2,R060607A|R060618A
D08,R6/6,6月定例会,条例議案,可決,,高砂市下水道条例の一部を改正する条例を定めることについて,高砂市下水道条例の一部を改正する条例を定めることについて,賛否表になし→全員賛成と推定(要:会議録確認),,異議なし(全会一致),1,R060618A
D08,R6/6,6月定例会,補正予算,可決,,第1回令和6年度高砂市一般会計,第1回令和6年度高砂市一般会計,議員別の賛否あり,4,判定不能/採決あり(起立)/採決あり(電子表決、賛成多数),3,R060607A|R060610A|R060618A
D08,R6/6,6月定例会,補正予算,可決,,第1回令和6年度高砂市水道事業会計,第1回令和6年度高砂市水道事業会計,賛否表になし→全員賛成と推定(要:会議録確認),,異議なし(全会一致),1,R060618A
D08,R6/6,6月定例会,陳情,採択,,ガザ地区の人命保護および即時停戦を求める決議を求める陳情,ガザ地区の人命保護および即時停戦を求める決議を求める陳情,賛否表になし→全員賛成と推定(要:会議録確認),,,0,
D08,R6/6,6月定例会,陳情,採択,,少人数学級・教職員定数の改善及び義務教育費国庫負担制度2分の1復元に関する件,少人数学級・教職員定数の改善及び義務教育費国庫負担制度2分の1復元に関する件,賛否表になし→全員賛成と推定(要:会議録確認),,,0,
D08,R6/6,6月定例会,陳情,趣旨採択,,日本政府にミャンマー軍が実施した徴兵制に対し、在留ミャンマー人、ならびに日本への避難を希望する若者たちの安全を確保するよう求める意見書の提出を求める陳情書,日本政府にミャンマー軍が実施した徴兵制に対し在留ミャンマー人ならびに日本への避難を希望する若者たちの安全を確保するよう求める意見書の提出を求める陳情書,議員別の賛否あり,5,,0,
D08,R6/6,6月定例会,陳情,不採択,,加齢性難聴者の補聴器購入に対する公的補助を求める陳情,加齢性難聴者の補聴器購入に対する公的補助を求める陳情,議員別の賛否あり,6,,0,
D08,R6/6,6月定例会,陳情,不採択,,年金制度における外国人への脱退一時金の是正を求める意見書の採択を求める陳情,年金制度における外国人への脱退一時金の是正を求める意見書の採択を求める陳情,賛否表になし→全員賛成と推定(要:会議録確認),,,0,
D09,R6/9,,事件議案,可決,,工事請負契約を締結することについて,工事請負契約を締結することについて,賛否表になし→全員賛成と推定(要:会議録確認),,異議なし(全会一致),1,R060926A
D09,R6/9,,事件議案,可決,,財産の無償譲渡について（西畑2丁目自治会へ市有土地・建物を無償譲渡するもの）,財産の無償譲渡について(西畑2丁目自治会へ市有土地・建物を無償譲渡するもの),賛否表になし→全員賛成と推定(要:会議録確認),,異議なし(全会一致),2,R060926A
D09,R6/9,,事件議案,可決,,財産の無償譲渡について（北山自治会へ市有土地・建物を無償譲渡するもの）,財産の無償譲渡について(北山自治会へ市有土地・建物を無償譲渡するもの),賛否表になし→全員賛成と推定(要:会議録確認),,異議なし(全会一致),2,R060926A
D09,R6/9,,条例議案,可決,,高砂市国民健康保険条例の一部を改正する条例を定めることについて,高砂市国民健康保険条例の一部を改正する条例を定めることについて,議員別の賛否あり,1,採決あり(電子表決、賛成多数),1,R060926A
D09,R6/9,,条例議案,可決,,行政手続における特定の個人を識別するための番号の利用等に関する法律に基づく個人番号の利用及び特定個人情報の提供に関する条例の一部を改正する条例を定めることについて,行政手続における特定の個人を識別するための番号の利用等に関する法律に基づく個人番号の利用及び特定個人情報の提供に関する条例の一部を改正する条例を定めることについて,賛否表になし→全員賛成と推定(要:会議録確認),,異議なし(全会一致),1,R060926A
D09,R6/9,,条例議案,可決,,高砂市急傾斜地崩壊対策事業分担金徴収条例を定めることについて,高砂市急傾斜地崩壊対策事業分担金徴収条例を定めることについて,議員別の賛否あり,2,判定不能/採決あり(電子表決、賛成多数),2,R060912A|R060926A
D09,R6/9,,条例議案,可決,,高砂市立学校条例等の一部を改正する条例を定めることについて,高砂市立学校条例等の一部を改正する条例を定めることについて,議員別の賛否あり,3,判定不能/採決あり(電子表決、賛成多数),2,R060912A|R060926A
D09,R6/9,,補正予算,可決,,第2回令和6年度高砂市一般会計,第2回令和6年度高砂市一般会計,議員別の賛否あり,4,判定不能/採決あり(電子表決、賛成多数),2,R060913A|R060926A
D09,R6/9,,補正予算,可決,,第1回令和6年度高砂市国民健康保険事業特別会計,第1回令和6年度高砂市国民健康保険事業特別会計,議員別の賛否あり,5,採決あり(電子表決、賛成多数),1,R060926A
D09,R6/9,,補正予算,可決,,第1回令和6年度高砂市後期高齢者医療事業特別会計,第1回令和6年度高砂市後期高齢者医療事業特別会計,議員別の賛否あり,6,採決あり(電子表決、賛成多数),1,R060926A
D09,R6/9,,補正予算,可決,,第1回令和6年度高砂市介護保険事業特別会計,第1回令和6年度高砂市介護保険事業特別会計,議員別の賛否あり,7,採決あり(電子表決、賛成多数),1,R060926A
D09,R6/9,,補正予算,可決,,第2回令和6年度高砂市水道事業会計,第2回令和6年度高砂市水道事業会計,賛否表になし→全員賛成と推定(要:会議録確認),,異議なし(全会一致),1,R060926A
D09,R6/9,,補正予算,可決,,第1回令和6年度高砂市下水道事業会計,第1回令和6年度高砂市下水道事業会計,賛否表になし→全員賛成と推定(要:会議録確認),,採決あり(電子表決、全員賛成)/異議なし(全会一致),2,R060913A|R060926A
D09,R6/9,,陳情,不採択,,対外的情報省を設立し、食料危機に対応することを求める意見書の提出に関する陳情書,対外的情報省を設立し食料危機に対応することを求める意見書の提出に関する陳情書,賛否表になし→全員賛成と推定(要:会議録確認),,,0,
D10,R6/12,12月定例会,事件議案,可決,,指定管理者の指定について（高砂市工楽松右衛門旧宅）,指定管理者の指定について(高砂市工楽松右衛門旧宅),議員別の賛否あり,1,採決あり(電子表決、賛成多数),2,R061213A
D10,R6/12,12月定例会,事件議案,可決,,指定管理者の指定について（高砂市立図書館）,指定管理者の指定について(高砂市立図書館),議員別の賛否あり,2,採決あり(電子表決、賛成多数),2,R061213A
D10,R6/12,12月定例会,事件議案,可決,,姫路市及び高砂市における連携中枢都市圏形成に係る連携協約の一部を変更する連携協約の締結について,姫路市及び高砂市における連携中枢都市圏形成に係る連携協約の一部を変更する連携協約の締結について,議員別の賛否あり,3,採決あり(電子表決、賛成多数),1,R061213A
D10,R6/12,12月定例会,条例議案,可決,,高砂市建築手数料条例の一部を改正する条例を定めることについて,高砂市建築手数料条例の一部を改正する条例を定めることについて,賛否表になし→全員賛成と推定(要:会議録確認),,異議なし(全会一致),1,R061213A
D10,R6/12,12月定例会,条例議案,可決,,高砂市職員の給与に関する条例の一部を改正する条例を定めることについて,高砂市職員の給与に関する条例の一部を改正する条例を定めることについて,賛否表になし→全員賛成と推定(要:会議録確認),,異議なし(全会一致),1,R061216A
D10,R6/12,12月定例会,条例議案,可決,,特別職の職員で常勤のものの給与に関する条例の一部を改正する条例を定めることについて,特別職の職員で常勤のものの給与に関する条例の一部を改正する条例を定めることについて,議員別の賛否あり,4,採決あり(電子表決、賛成多数),1,R061216A
D10,R6/12,12月定例会,条例議案,可決,,議会議員の議員報酬及び費用弁償に関する条例の一部を改正する条例を定めることについて,議会議員の議員報酬及び費用弁償に関する条例の一部を改正する条例を定めることについて,議員別の賛否あり,5,採決あり(電子表決、賛成多数),1,R061216A
D10,R6/12,12月定例会,条例議案,可決,,高砂市会計年度任用職員の給与等に関する条例の一部を改正する条例を定めることについて,高砂市会計年度任用職員の給与等に関する条例の一部を改正する条例を定めることについて,賛否表になし→全員賛成と推定(要:会議録確認),,異議なし(全会一致),1,R061216A
D10,R6/12,12月定例会,補正予算,可決,,第6回令和6年度高砂市一般会計,第6回令和6年度高砂市一般会計,議員別の賛否あり,6,判定不能/採決あり(起立、賛成多数)/採決あり(電子表決、賛成多数),3,R061204A|R061205A|R061213A
D10,R6/12,12月定例会,補正予算,可決,,第2回令和6年度高砂市介護保険事業特別会計,第2回令和6年度高砂市介護保険事業特別会計,賛否表になし→全員賛成と推定(要:会議録確認),,異議なし(全会一致),1,R061213A
D10,R6/12,12月定例会,補正予算,可決,,第3回令和6年度高砂市水道事業会計,第3回令和6年度高砂市水道事業会計,賛否表になし→全員賛成と推定(要:会議録確認),,異議なし(全会一致),1,R061213A
D10,R6/12,12月定例会,補正予算,可決,,第2回令和6年度高砂市下水道事業会計,第2回令和6年度高砂市下水道事業会計,賛否表になし→全員賛成と推定(要:会議録確認),,異議なし(全会一致),2,R061205A|R061213A
D10,R6/12,12月定例会,補正予算,可決,,第1回令和6年度高砂市病院事業会計,第1回令和6年度高砂市病院事業会計,賛否表になし→全員賛成と推定(要:会議録確認),,,0,
D10,R6/12,12月定例会,補正予算,可決,,第7回令和6年度高砂市一般会計,第7回令和6年度高砂市一般会計,議員別の賛否あり,7,採決あり(電子表決、賛成多数),1,R061216A
D10,R6/12,12月定例会,補正予算,可決,,第2回令和6年度高砂市国民健康保険事業特別会計,第2回令和6年度高砂市国民健康保険事業特別会計,賛否表になし→全員賛成と推定(要:会議録確認),,異議なし(全会一致),1,R061216A
D10,R6/12,12月定例会,補正予算,可決,,第2回令和6年度高砂市後期高齢者医療事業特別会計,第2回令和6年度高砂市後期高齢者医療事業特別会計,賛否表になし→全員賛成と推定(要:会議録確認),,異議なし(全会一致),1,R061216A
D10,R6/12,12月定例会,補正予算,可決,,第3回令和6年度高砂市介護保険事業特別会計,第3回令和6年度高砂市介護保険事業特別会計,賛否表になし→全員賛成と推定(要:会議録確認),,異議なし(全会一致),1,R061216A
D10,R6/12,12月定例会,補正予算,可決,,第4回令和6年度高砂市水道事業会計,第4回令和6年度高砂市水道事業会計,議員別の賛否あり,8,採決あり(電子表決、賛成多数),1,R061216A
D10,R6/12,12月定例会,補正予算,可決,,第1回令和6年度高砂市工業用水道事業会計,第1回令和6年度高砂市工業用水道事業会計,賛否表になし→全員賛成と推定(要:会議録確認),,異議なし(全会一致),1,R061216A
D10,R6/12,12月定例会,補正予算,可決,,第3回令和6年度高砂市下水道事業会計,第3回令和6年度高砂市下水道事業会計,賛否表になし→全員賛成と推定(要:会議録確認),,異議なし(全会一致),1,R061216A
D10,R6/12,12月定例会,補正予算,可決,,第2回令和6年度高砂市病院事業会計,第2回令和6年度高砂市病院事業会計,議員別の賛否あり,9,採決あり(電子表決、賛成多数),1,R061216A
D10,R6/12,12月定例会,陳情,継続審議,,臓器移植に関わる不正取引、非人道性が疑われる国への渡航移植等を防止するための法整備等を求める意見書提出の陳情,臓器移植に関わる不正取引非人道性が疑われる国への渡航移植等を防止するための法整備等を求める意見書提出の陳情,議員別の賛否あり,10,,0,
D11,R7/3,第1回臨時会,補正予算,可決,,第8回令和6年度高砂市一般会計,第8回令和6年度高砂市一般会計,議員別の賛否あり,1,異議なし(全会一致),1,R070121A
D11,R7/3,3月定例会,事件議案,可決,,財産の無償譲渡について,財産の無償譲渡について,賛否表になし→全員賛成と推定(要:会議録確認),,異議なし(全会一致),1,R070304A
D11,R7/3,3月定例会,事件議案,可決,,権利の放棄について,権利の放棄について,賛否表になし→全員賛成と推定(要:会議録確認),,異議なし(全会一致),1,R070304A
D11,R7/3,3月定例会,事件議案,可決,,市道路線の認定について,市道路線の認定について,賛否表になし→全員賛成と推定(要:会議録確認),,異議なし(全会一致),1,R070327A
D11,R7/3,3月定例会,事件議案,可決,,市道路線の変更について,市道路線の変更について,賛否表になし→全員賛成と推定(要:会議録確認),,異議なし(全会一致),1,R070327A
D11,R7/3,3月定例会,事件議案,可決,,動産の買入れについて,動産の買入れについて,賛否表になし→全員賛成と推定(要:会議録確認),,異議なし(全会一致),1,R070327A
D11,R7/3,3月定例会,条例議案,可決,,高砂市市営住宅条例の一部を改正する条例を定めることについて,高砂市市営住宅条例の一部を改正する条例を定めることについて,賛否表になし→全員賛成と推定(要:会議録確認),,異議なし(全会一致),1,R070304A
D11,R7/3,3月定例会,条例議案,可決,,行政手続における特定の個人を識別するための番号の利用等に関する法律に基づく個人番号の利用及び特定個人情報の提供に関する条例の一部を改正する条例を定めることについて,行政手続における特定の個人を識別するための番号の利用等に関する法律に基づく個人番号の利用及び特定個人情報の提供に関する条例の一部を改正する条例を定めることについて,議員別の賛否あり,3,採決あり(電子表決、賛成多数),1,R070327A
D11,R7/3,3月定例会,条例議案,可決,,刑法等の一部を改正する法律の施行に伴う関係条例の整理に関する条例を定めることについて,刑法等の一部を改正する法律の施行に伴う関係条例の整理に関する条例を定めることについて,議員別の賛否あり,4,採決あり(電子表決、賛成多数),1,R070327A
D11,R7/3,3月定例会,条例議案,可決,,高砂市職員の給与に関する条例等の一部を改正する条例を定めることについて,高砂市職員の給与に関する条例等の一部を改正する条例を定めることについて,賛否表になし→全員賛成と推定(要:会議録確認),,異議なし(全会一致),1,R070327A
D11,R7/3,3月定例会,条例議案,可決,,高砂市職員の勤務時間その他の勤務条件に関する条例及び高砂市職員の育児休業等に関する条例の一部を改正する条例を定めることについて,高砂市職員の勤務時間その他の勤務条件に関する条例及び高砂市職員の育児休業等に関する条例の一部を改正する条例を定めることについて,賛否表になし→全員賛成と推定(要:会議録確認),,異議なし(全会一致),1,R070327A
D11,R7/3,3月定例会,条例議案,可決,,高砂市地域交流センター条例の一部を改正する条例を定めることについて,高砂市地域交流センター条例の一部を改正する条例を定めることについて,賛否表になし→全員賛成と推定(要:会議録確認),,判定不能/異議なし(全会一致),2,R070307A|R070327A
D11,R7/3,3月定例会,条例議案,可決,,高砂市国民健康保険条例の一部を改正する条例を定めることについて,高砂市国民健康保険条例の一部を改正する条例を定めることについて,議員別の賛否あり,5,採決あり(電子表決、賛成多数),1,R070327A
D11,R7/3,3月定例会,条例議案,可決,,高砂市自転車等の放置の防止に関する条例の一部を改正する条例を定めることについて,高砂市自転車等の放置の防止に関する条例の一部を改正する条例を定めることについて,賛否表になし→全員賛成と推定(要:会議録確認),,異議なし(全会一致),1,R070327A
D11,R7/3,3月定例会,条例議案,可決,,高砂市手数料条例の一部を改正する条例を定めることについて,高砂市手数料条例の一部を改正する条例を定めることについて,賛否表になし→全員賛成と推定(要:会議録確認),,異議なし(全会一致),1,R070327A
D11,R7/3,3月定例会,条例議案,可決,,高砂市建築手数料条例の一部を改正する条例を定めることについて,高砂市建築手数料条例の一部を改正する条例を定めることについて,賛否表になし→全員賛成と推定(要:会議録確認),,異議なし(全会一致),1,R070327A
D11,R7/3,3月定例会,条例議案,可決,,高砂市消防団員退職報償金に関する条例の一部を改正する条例を定めることについて,高砂市消防団員退職報償金に関する条例の一部を改正する条例を定めることについて,賛否表になし→全員賛成と推定(要:会議録確認),,異議なし(全会一致),1,R070327A
D11,R7/3,3月定例会,条例議案,可決,,高砂市消防団員等公務災害補償条例の一部を改正する条例を定めることについて,高砂市消防団員等公務災害補償条例の一部を改正する条例を定めることについて,賛否表になし→全員賛成と推定(要:会議録確認),,異議なし(全会一致),1,R070327A
D11,R7/3,3月定例会,条例議案,可決,,高砂市議会個人情報の保護に関する条例の一部を改正する条例を定めることについて,高砂市議会個人情報の保護に関する条例の一部を改正する条例を定めることについて,議員別の賛否あり,11,採決あり(電子表決、賛成多数),1,R070327A
D11,R7/3,3月定例会,補正予算,可決,,第10回令和6年度高砂市一般会計,第10回令和6年度高砂市一般会計,議員別の賛否あり,2,採決あり(電子表決、賛成多数),1,R070304A
D11,R7/3,3月定例会,補正予算,可決,,第3回令和6年度高砂市国民健康保険事業特別会計,第3回令和6年度高砂市国民健康保険事業特別会計,賛否表になし→全員賛成と推定(要:会議録確認),,異議なし(全会一致),1,R070304A
D11,R7/3,3月定例会,補正予算,可決,,第3回令和6年度高砂市後期高齢者医療事業特別会計,第3回令和6年度高砂市後期高齢者医療事業特別会計,賛否表になし→全員賛成と推定(要:会議録確認),,異議なし(全会一致),1,R070304A
D11,R7/3,3月定例会,補正予算,可決,,第4回令和6年度高砂市介護保険事業特別会計,第4回令和6年度高砂市介護保険事業特別会計,賛否表になし→全員賛成と推定(要:会議録確認),,異議なし(全会一致),1,R070304A
D11,R7/3,3月定例会,補正予算,可決,,第5回令和6年度高砂市水道事業会計,第5回令和6年度高砂市水道事業会計,賛否表になし→全員賛成と推定(要:会議録確認),,異議なし(全会一致),1,R070304A
D11,R7/3,3月定例会,補正予算,可決,,第4回令和6年度高砂市下水道事業会計,第4回令和6年度高砂市下水道事業会計,賛否表になし→全員賛成と推定(要:会議録確認),,異議なし(全会一致),1,R070304A
D11,R7/3,3月定例会,補正予算,可決,,第3回令和6年度高砂市病院事業会計,第3回令和6年度高砂市病院事業会計,賛否表になし→全員賛成と推定(要:会議録確認),,異議なし(全会一致),1,R070304A
D11,R7/3,3月定例会,予算,可決,,令和7年度高砂市一般会計,令和7年度高砂市一般会計,議員別の賛否あり,6,判定不能/採決あり(電子表決、賛成多数)/異議なし(全会一致),3,R070312A|R070314A|R070327A
D11,R7/3,3月定例会,予算,可決,,令和7年度高砂市国民健康保険事業特別会計,令和7年度高砂市国民健康保険事業特別会計,議員別の賛否あり,7,採決あり(電子表決、賛成多数),1,R070327A
D11,R7/3,3月定例会,予算,可決,,令和7年度高砂市後期高齢者医療事業特別会計,令和7年度高砂市後期高齢者医療事業特別会計,議員別の賛否あり,8,採決あり(電子表決、賛成多数),1,R070327A
D11,R7/3,3月定例会,予算,可決,,令和7年度高砂市介護保険事業特別会計,令和7年度高砂市介護保険事業特別会計,議員別の賛否あり,9,採決あり(電子表決、賛成多数),1,R070327A
D11,R7/3,3月定例会,予算,可決,,令和7年度高砂市水道事業会計,令和7年度高砂市水道事業会計,賛否表になし→全員賛成と推定(要:会議録確認),,異議なし(全会一致),1,R070327A
D11,R7/3,3月定例会,予算,可決,,令和7年度高砂市工業用水道事業会計,令和7年度高砂市工業用水道事業会計,賛否表になし→全員賛成と推定(要:会議録確認),,異議なし(全会一致),1,R070327A
D11,R7/3,3月定例会,予算,可決,,令和7年度高砂市下水道事業会計,令和7年度高砂市下水道事業会計,賛否表になし→全員賛成と推定(要:会議録確認),,異議なし(全会一致),1,R070327A
D11,R7/3,3月定例会,予算,可決,,令和7年度高砂市病院事業会計,令和7年度高砂市病院事業会計,賛否表になし→全員賛成と推定(要:会議録確認),,異議なし(全会一致),1,R070327A
D11,R7/3,3月定例会,予算,可決,,陳 情,陳情,賛否表になし→全員賛成と推定(要:会議録確認),,,0,
D11,R7/3,3月定例会,予算,可決,,【採択】,【採択】,賛否表になし→全員賛成と推定(要:会議録確認),,,0,
D11,R7/3,3月定例会,予算,可決,,臓器移植に関わる不正取引、非人道性が疑われる国への渡航移植等を防止するための法整備等を求める意見書提出の陳情,臓器移植に関わる不正取引非人道性が疑われる国への渡航移植等を防止するための法整備等を求める意見書提出の陳情,議員別の賛否あり,10,,0,
D11,R7/3,3月定例会,予算,可決,,実施される主な事業,実施される主な事業,賛否表になし→全員賛成と推定(要:会議録確認),,,0,
D11,R7/3,3月定例会,予算,可決,,市民病院将来構想推進事業（高砂市民病院将来構想に基づく将来予測支援業務委託）,市民病院将来構想推進事業(高砂市民病院将来構想に基づく将来予測支援業務委託),賛否表になし→全員賛成と推定(要:会議録確認),,,0,
D11,R7/3,3月定例会,予算,可決,,JR曽根駅周辺整備事業（JR曽根駅自由通路等設計工事委託、JR曽根駅周辺道路整備工事等）,JR曽根駅周辺整備事業(JR曽根駅自由通路等設計工事委託JR曽根駅周辺道路整備工事等),賛否表になし→全員賛成と推定(要:会議録確認),,,0,
D11,R7/3,3月定例会,予算,可決,,公立認定こども園建設事業（阿弥陀こども園）,公立認定こども園建設事業(阿弥陀こども園),賛否表になし→全員賛成と推定(要:会議録確認),,,0,
D11,R7/3,3月定例会,予算,可決,,特別支援教育推進事業（介助員・スクールアシスタントの増員）,特別支援教育推進事業(介助員・スクールアシスタントの増員),賛否表になし→全員賛成と推定(要:会議録確認),,,0,
D11,R7/3,3月定例会,予算,可決,,小中学校運営管理事業（体育館空調設備整備）,小中学校運営管理事業(体育館空調設備整備),賛否表になし→全員賛成と推定(要:会議録確認),,,0,
D11,R7/3,3月定例会,予算,可決,,予防接種事業（帯状疱疹ワクチンの助成）,予防接種事業(帯状疱疹ワクチンの助成),賛否表になし→全員賛成と推定(要:会議録確認),,,0,
D11,R7/3,3月定例会,予算,可決,,自動車道等整備事業（自転車専用通行帯、矢羽根型路面標示の整備）,自動車道等整備事業(自転車専用通行帯矢羽根型路面標示の整備),賛否表になし→全員賛成と推定(要:会議録確認),,,0,
D11,R7/3,3月定例会,予算,可決,,コミュニティバス運行事業（市ノ池・高御位山観光ルートの試験運行）,コミュニティバス運行事業(市ノ池・高御位山観光ルートの試験運行),賛否表になし→全員賛成と推定(要:会議録確認),,,0,
D11,R7/3,3月定例会,予算,可決,,市内消費活性化事業（プレミアム付デジタル商品券事業）,市内消費活性化事業(プレミアム付デジタル商品券事業),賛否表になし→全員賛成と推定(要:会議録確認),,,0,
D11,R7/3,3月定例会,予算,可決,,地球温暖化対策推進事業（家庭用蓄電池システム等設置補助、環境配慮型トラック導入促進補助等）,地球温暖化対策推進事業(家庭用蓄電池システム等設置補助環境配慮型トラック導入促進補助等),賛否表になし→全員賛成と推定(要:会議録確認),,,0,
D11,R7/3,3月定例会,予算,可決,,教育振興事業（部活動地域移行推進事業）,教育振興事業(部活動地域移行推進事業),賛否表になし→全員賛成と推定(要:会議録確認),,,0,
D11,R7/3,3月定例会,予算,可決,,体育施設整備事業（高砂市野球場改修工事）,体育施設整備事業(高砂市野球場改修工事),賛否表になし→全員賛成と推定(要:会議録確認),,,0,
D11,R7/3,3月定例会,予算,可決,,斎場整備事業（斎場火葬炉設備更新工事）,斎場整備事業(斎場火葬炉設備更新工事),賛否表になし→全員賛成と推定(要:会議録確認),,,0,
D11,R7/3,3月定例会,予算,可決,,浄水場施設整備事業（米田水源地浄水施設更新工事）,浄水場施設整備事業(米田水源地浄水施設更新工事),賛否表になし→全員賛成と推定(要:会議録確認),,,0,
D12,R7/6,6月定例会,事件議案,可決,,工事請負契約を締結することについて（伊保地域交流センター改修工事）,工事請負契約を締結することについて(伊保地域交流センター改修工事),議員別の賛否あり,1,異議なし(全会一致),4,R070625A
D12,R7/6,6月定例会,事件議案,可決,,工事請負契約を締結することについて（野球場改修工事）,工事請負契約を締結することについて(野球場改修工事),議員別の賛否あり,2,異議なし(全会一致),4,R070625A
D12,R7/6,6月定例会,事件議案,可決,,工事請負契約を締結することについて（旧入江家住宅主屋等保存修理工事）,工事請負契約を締結することについて(旧入江家住宅主屋等保存修理工事),議員別の賛否あり,3,異議なし(全会一致),4,R070625A
D12,R7/6,6月定例会,事件議案,可決,,工事請負契約を締結することについて（鹿島排水機場等解体工事）,工事請負契約を締結することについて(鹿島排水機場等解体工事),議員別の賛否あり,4,異議なし(全会一致),4,R070625A
D12,R7/6,6月定例会,事件議案,可決,,市有土地の売却について,市有土地の売却について,議員別の賛否あり,5,異議なし(全会一致),1,R070625A
D12,R7/6,6月定例会,事件議案,可決,,動産の買入れについて,動産の買入れについて,議員別の賛否あり,13,異議なし(全会一致),1,R070625A
D12,R7/6,6月定例会,補正予算,可決,,第1回令和7年度高砂市一般会計,第1回令和7年度高砂市一般会計,議員別の賛否あり,8,異議なし(全会一致),1,R070612A
D12,R7/6,6月定例会,補正予算,可決,,第2回令和7年度高砂市一般会計,第2回令和7年度高砂市一般会計,議員別の賛否あり,9,判定不能/採決あり(起立)/異議なし(全会一致),3,R070613A|R070616A|R070625A
D12,R7/6,6月定例会,補正予算,可決,,第1回令和7年度高砂市国民健康保険事業特別会計,第1回令和7年度高砂市国民健康保険事業特別会計,議員別の賛否あり,10,異議なし(全会一致),1,R070625A
D12,R7/6,6月定例会,補正予算,可決,,第1回令和7年度高砂市介護保険事業特別会計,第1回令和7年度高砂市介護保険事業特別会計,議員別の賛否あり,11,異議なし(全会一致),2,R070616A|R070625A
D12,R7/6,6月定例会,補正予算,可決,,第3回令和7年度高砂市一般会計,第3回令和7年度高砂市一般会計,議員別の賛否あり,14,異議なし(全会一致),1,R070625A
D12,R7/6,6月定例会,条例議案,可決,,高砂市市税条例の一部を改正する条例を定めることについて,高砂市市税条例の一部を改正する条例を定めることについて,議員別の賛否あり,6,異議なし(全会一致),2,R070613A|R070625A
D12,R7/6,6月定例会,条例議案,可決,,高砂市医療費助成条例の一部を改正する条例を定めることについて,高砂市医療費助成条例の一部を改正する条例を定めることについて,議員別の賛否あり,7,異議なし(全会一致),1,R070625A
D12,R7/6,6月定例会,条例議案,可決,,陳 情,陳情,賛否表になし→全員賛成と推定(要:会議録確認),,,0,
D12,R7/6,6月定例会,条例議案,可決,,【採択】,【採択】,賛否表になし→全員賛成と推定(要:会議録確認),,,0,
D12,R7/6,6月定例会,条例議案,可決,,少人数学級・教職員定数の改善及び義務教育費国庫負担制度2分の1復元に関する件,少人数学級・教職員定数の改善及び義務教育費国庫負担制度2分の1復元に関する件,議員別の賛否あり,12,,0,
D13,R7/9,第2回臨時会,事件議案,可決,,動産の買入れについて（学習用タブレット（児童生徒用））,動産の買入れについて(学習用タブレット(児童生徒用)),賛否表になし→全員賛成と推定(要:会議録確認),,異議なし(全会一致),2,R070717A|R070926A
D13,R7/9,9月定例会,事件議案,可決,,動産の買入れについて,動産の買入れについて,賛否表になし→全員賛成と推定(要:会議録確認),,異議なし(全会一致),2,R070717A|R070926A
D13,R7/9,9月定例会,条例議案,可決,,高砂市議会ハラスメント防止条例を定めることについて,高砂市議会ハラスメント防止条例を定めることについて,賛否表になし→全員賛成と推定(要:会議録確認),,異議なし(全会一致),1,R070909A
D13,R7/9,9月定例会,条例議案,可決,,高砂市議会議員政治倫理条例の一部を改正する条例を定めることについて,高砂市議会議員政治倫理条例の一部を改正する条例を定めることについて,賛否表になし→全員賛成と推定(要:会議録確認),,異議なし(全会一致),1,R070909A
D13,R7/9,9月定例会,条例議案,可決,,高砂市職員等のハラスメントの防止等に関する条例を定めることについて,高砂市職員等のハラスメントの防止等に関する条例を定めることについて,賛否表になし→全員賛成と推定(要:会議録確認),,異議なし(全会一致),1,R070909A
D13,R7/9,9月定例会,条例議案,可決,,高砂市職員の勤務時間その他の勤務条件に関する条例の一部を改正する条例を定めることについて,高砂市職員の勤務時間その他の勤務条件に関する条例の一部を改正する条例を定めることについて,賛否表になし→全員賛成と推定(要:会議録確認),,異議なし(全会一致),1,R070926A
D13,R7/9,9月定例会,条例議案,可決,,高砂市職員の育児休業等に関する条例及び高砂市企業職員の給与に関する条例の一部を改正する条例を定めることについて,高砂市職員の育児休業等に関する条例及び高砂市企業職員の給与に関する条例の一部を改正する条例を定めることについて,賛否表になし→全員賛成と推定(要:会議録確認),,異議なし(全会一致),1,R070926A
D13,R7/9,9月定例会,条例議案,可決,,高砂市議会議員及び高砂市長の選挙における選挙運動用自動車の使用並びに選挙運動用ビラ及び選挙運動用ポスターの作成の公営に関する条例の一部を改正する条例を定めることについて,高砂市議会議員及び高砂市長の選挙における選挙運動用自動車の使用並びに選挙運動用ビラ及び選挙運動用ポスターの作成の公営に関する条例の一部を改正する条例を定めることについて,賛否表になし→全員賛成と推定(要:会議録確認),,異議なし(全会一致),1,R070926A
D13,R7/9,9月定例会,条例議案,可決,,高砂市水道事業給水条例の一部を改正する条例を定めることについて,高砂市水道事業給水条例の一部を改正する条例を定めることについて,賛否表になし→全員賛成と推定(要:会議録確認),,異議なし(全会一致),1,R070926A
D13,R7/9,9月定例会,条例議案,可決,,高砂市下水道条例の一部を改正する条例を定めることについて,高砂市下水道条例の一部を改正する条例を定めることについて,賛否表になし→全員賛成と推定(要:会議録確認),,異議なし(全会一致),1,R070926A
D13,R7/9,9月定例会,条例議案,継続審議と,,高砂市部設置条例の一部を改正する条例を定めることについて,高砂市部設置条例の一部を改正する条例を定めることについて,議員別の賛否あり,1,採決あり(電子表決、賛成多数),1,R070926A
D13,R7/9,9月定例会,補正予算,可決,,第5回令和7年度高砂市一般会計,第5回令和7年度高砂市一般会計,議員別の賛否あり,2,判定不能/採決あり(電子表決、賛成多数),2,R070912A|R070926A
D13,R7/9,9月定例会,補正予算,可決,,第2回令和7年度高砂市国民健康保険事業特別会計,第2回令和7年度高砂市国民健康保険事業特別会計,議員別の賛否あり,3,採決あり(電子表決、賛成多数),1,R070926A
D13,R7/9,9月定例会,補正予算,可決,,第1回令和7年度高砂市後期高齢者医療事業特別会計,第1回令和7年度高砂市後期高齢者医療事業特別会計,議員別の賛否あり,4,採決あり(電子表決、賛成多数),1,R070926A
D13,R7/9,9月定例会,補正予算,可決,,第2回令和7年度高砂市介護保険事業特別会計,第2回令和7年度高砂市介護保険事業特別会計,議員別の賛否あり,5,採決あり(電子表決、賛成多数),1,R070926A
D13,R7/9,9月定例会,補正予算,可決,,第1回令和7年度高砂市水道事業会計,第1回令和7年度高砂市水道事業会計,賛否表になし→全員賛成と推定(要:会議録確認),,異議なし(全会一致),1,R070926A
D13,R7/9,9月定例会,補正予算,可決,,第1回令和7年度高砂市下水道事業会計,第1回令和7年度高砂市下水道事業会計,賛否表になし→全員賛成と推定(要:会議録確認),,異議なし(全会一致),1,R070926A
D13,R7/9,9月定例会,補正予算,可決,,第1回令和7年度高砂市病院事業会計,第1回令和7年度高砂市病院事業会計,賛否表になし→全員賛成と推定(要:会議録確認),,採決あり(電子表決、賛成多数、全員賛成)/異議なし(全会一致),2,R070912A|R070926A
D13,R7/9,9月定例会,陳情,採択,,不登校児童生徒に対しての支援の請願書,不登校児童生徒に対しての支援の請願書,賛否表になし→全員賛成と推定(要:会議録確認),,,0,
D13,R7/9,9月定例会,陳情,趣旨採択,,高砂商工会議所会館建替支援に関する陳情書,高砂商工会議所会館建替支援に関する陳情書,議員別の賛否あり,6,,0,
D13,R7/9,9月定例会,陳情,趣旨採択,,高砂市の独自予算で小・中学校の全児童・生徒の給食費を無償化することを求める陳情書,高砂市の独自予算で小・中学校の全児童・生徒の給食費を無償化することを求める陳情書,賛否表になし→全員賛成と推定(要:会議録確認),,,0,
D13,R7/9,9月定例会,陳情,不採択,,「消費税減税を求める意見書」の国への送付を求める陳情書,消費税減税を求める意見書の国への送付を求める陳情書,議員別の賛否あり,7,,0,
D13,R7/9,9月定例会,陳情,不採択,,インボイス制度の廃止をめざし、事業者の負担を軽減する経過措置を継続するよう求める意見書を国に送付することを求める陳情書,インボイス制度の廃止をめざし事業者の負担を軽減する経過措置を継続するよう求める意見書を国に送付することを求める陳情書,議員別の賛否あり,8,,0,
D13,R7/9,9月定例会,陳情,不採択,,高砂市民病院を市直営の公立病院として存続を求める陳情書,高砂市民病院を市直営の公立病院として存続を求める陳情書,議員別の賛否あり,9,,0,
D14,R7/12,,事件議案,可決,,高砂市市民税減免基準等の廃止について,高砂市市民税減免基準等の廃止について,議員別の賛否あり,1,採決あり(電子表決、賛成多数),1,R071218A
D14,R7/12,,事件議案,可決,,加古川市外2市共有公会堂事務組合の解散について,加古川市外2市共有公会堂事務組合の解散について,賛否表になし→全員賛成と推定(要:会議録確認),,異議なし(全会一致),1,R071218A
D14,R7/12,,事件議案,可決,,加古川市外2市共有公会堂事務組合の解散に伴う財産処分について,加古川市外2市共有公会堂事務組合の解散に伴う財産処分について,賛否表になし→全員賛成と推定(要:会議録確認),,異議なし(全会一致),1,R071218A
D14,R7/12,,事件議案,可決,,加古川市外2市共有公会堂事務組合規約の一部を変更する規約を定めることについて,加古川市外2市共有公会堂事務組合規約の一部を変更する規約を定めることについて,賛否表になし→全員賛成と推定(要:会議録確認),,異議なし(全会一致),1,R071218A
D14,R7/12,,条例議案,可決,,高砂市職員の給与に関する条例の一部を改正する条例を定めることについて,高砂市職員の給与に関する条例の一部を改正する条例を定めることについて,議員別の賛否あり,2,採決あり(電子表決、賛成多数)/異議なし(全会一致),2,R071218A|R071222A
D14,R7/12,,条例議案,可決,,特別職の職員で常勤のものの給与に関する条例の一部を改正する条例を定めることについて,特別職の職員で常勤のものの給与に関する条例の一部を改正する条例を定めることについて,議員別の賛否あり,3,判定不能/採決あり(電子表決、賛成多数、全員賛成、否決語あり)/異議なし(全会一致),4,R071208A|R071218A|R071219A|R071222A
D14,R7/12,,条例議案,可決,,議会議員の議員報酬及び費用弁償に関する条例の一部を改正する条例を定めることについて,議会議員の議員報酬及び費用弁償に関する条例の一部を改正する条例を定めることについて,議員別の賛否あり,4,採決あり(電子表決、賛成多数、否決語あり),1,R071218A
D14,R7/12,,条例議案,可決,,高砂市会計年度任用職員の給与等に関する条例の一部を改正する条例を定めることについて,高砂市会計年度任用職員の給与等に関する条例の一部を改正する条例を定めることについて,賛否表になし→全員賛成と推定(要:会議録確認),,異議なし(全会一致),1,R071218A
D14,R7/12,,条例議案,可決,,高砂市職員等の旅費に関する条例の一部を改正する条例を定めることについて,高砂市職員等の旅費に関する条例の一部を改正する条例を定めることについて,賛否表になし→全員賛成と推定(要:会議録確認),,異議なし(全会一致),1,R071218A
D14,R7/12,,条例議案,可決,,高砂市市税条例の一部を改正する条例を定めることについて,高砂市市税条例の一部を改正する条例を定めることについて,議員別の賛否あり,5,採決あり(電子表決、賛成多数),1,R071218A
D14,R7/12,,条例議案,可決,,高砂市総合運動公園体育施設管理条例の一部を改正する条例を定めることについて,高砂市総合運動公園体育施設管理条例の一部を改正する条例を定めることについて,賛否表になし→全員賛成と推定(要:会議録確認),,異議なし(全会一致),1,R071218A
D14,R7/12,,条例議案,可決,,高砂市民プール条例を廃止する条例を定めることについて,高砂市民プール条例を廃止する条例を定めることについて,議員別の賛否あり,6,採決あり(電子表決、賛成多数),1,R071218A
D14,R7/12,,条例議案,可決,,高砂市乳児等通園支援事業の設備及び運営に関する基準を定める条例を定めることについて,高砂市乳児等通園支援事業の設備及び運営に関する基準を定める条例を定めることについて,議員別の賛否あり,7,採決あり(電子表決、賛成多数),1,R071218A
D14,R7/12,,条例議案,可決,,高砂市特定乳児等通園支援事業の運営に関する基準を定める条例を定めることについて,高砂市特定乳児等通園支援事業の運営に関する基準を定める条例を定めることについて,賛否表になし→全員賛成と推定(要:会議録確認),,採決あり(電子表決、賛成多数),1,R071218A
D14,R7/12,,条例議案,可決,,高砂市部設置条例の一部を改正する条例を定めることについて,高砂市部設置条例の一部を改正する条例を定めることについて,賛否表になし→全員賛成と推定(要:会議録確認),,,0,
D14,R7/12,,条例議案,可決,,高砂市病院事業の設置等に関する条例の一部を改正する等の条例を定めることについて,高砂市病院事業の設置等に関する条例の一部を改正する等の条例を定めることについて,議員別の賛否あり,8,採決あり(、否決語あり)/採決あり(電子表決、賛成多数),2,R071219A|R071222A
D14,R7/12,,条例議案,可決,,高砂市職員の給与に関する条例の一部を改正する条例を定めることについて,高砂市職員の給与に関する条例の一部を改正する条例を定めることについて,賛否表になし→全員賛成と推定(要:会議録確認),,採決あり(電子表決、賛成多数)/異議なし(全会一致),2,R071218A|R071222A
D14,R7/12,,条例議案,可決,,特別職の職員で常勤のものの給与に関する条例の一部を改正する条例を定めることについて,特別職の職員で常勤のものの給与に関する条例の一部を改正する条例を定めることについて,賛否表になし→全員賛成と推定(要:会議録確認),,判定不能/採決あり(電子表決、賛成多数、全員賛成、否決語あり)/異議なし(全会一致),4,R071208A|R071218A|R071219A|R071222A
D14,R7/12,,補正予算,可決,,第6回令和7年度高砂市一般会計,第6回令和7年度高砂市一般会計,議員別の賛否あり,9,採決あり(起立)/採決あり(電子表決、賛成多数),2,R071209A|R071218A
D14,R7/12,,補正予算,可決,,第3回令和7年度高砂市国民健康保険事業特別会計,第3回令和7年度高砂市国民健康保険事業特別会計,賛否表になし→全員賛成と推定(要:会議録確認),,異議なし(全会一致),1,R071218A
D14,R7/12,,補正予算,可決,,第2回令和7年度高砂市後期高齢者医療事業特別会計,第2回令和7年度高砂市後期高齢者医療事業特別会計,賛否表になし→全員賛成と推定(要:会議録確認),,異議なし(全会一致),1,R071218A
D14,R7/12,,補正予算,可決,,第3回令和7年度高砂市介護保険事業特別会計,第3回令和7年度高砂市介護保険事業特別会計,賛否表になし→全員賛成と推定(要:会議録確認),,異議なし(全会一致),1,R071218A
D14,R7/12,,補正予算,可決,,第2回令和7年度高砂市水道事業会計,第2回令和7年度高砂市水道事業会計,賛否表になし→全員賛成と推定(要:会議録確認),,異議なし(全会一致),1,R071218A
D14,R7/12,,補正予算,可決,,第1回令和7年度高砂市工業用水道事業会計,第1回令和7年度高砂市工業用水道事業会計,賛否表になし→全員賛成と推定(要:会議録確認),,異議なし(全会一致),1,R071218A
D14,R7/12,,補正予算,可決,,第2回令和7年度高砂市下水道事業会計,第2回令和7年度高砂市下水道事業会計,賛否表になし→全員賛成と推定(要:会議録確認),,異議なし(全会一致),1,R071218A
D14,R7/12,,補正予算,可決,,第2回令和7年度高砂市病院事業会計,第2回令和7年度高砂市病院事業会計,賛否表になし→全員賛成と推定(要:会議録確認),,異議なし(全会一致),1,R071218A
D14,R7/12,,補正予算,可決,,第7回令和7年度高砂市一般会計,第7回令和7年度高砂市一般会計,賛否表になし→全員賛成と推定(要:会議録確認),,異議なし(全会一致),1,R071222A
D14,R7/12,,補正予算,可決,,第3回令和7年度高砂市病院事業会計,第3回令和7年度高砂市病院事業会計,賛否表になし→全員賛成と推定(要:会議録確認),,異議なし(全会一致),1,R071222A
D14,R7/12,,陳情,採択,,臓器移植に関わる不正な臓器取引や移植目的の渡航等を防止し、国民が知らずに犯罪に巻き込まれることを防ぐための環境整備等を求める意見書提出の陳情,臓器移植に関わる不正な臓器取引や移植目的の渡航等を防止し国民が知らずに犯罪に巻き込まれることを防ぐための環境整備等を求める意見書提出の陳情,議員別の賛否あり,10,,0,
D14,R7/12,,陳情,不採択,,庁舎内における政党機関紙勧誘に伴う「心理的圧力」の調査結果を踏まえ、議員による勧誘禁止の確認と職員を心理的圧力から保護する為の措置を求める陳情,庁舎内における政党機関紙勧誘に伴う心理的圧力の調査結果を踏まえ議員による勧誘禁止の確認と職員を心理的圧力から保護する為の措置を求める陳情,賛否表になし→全員賛成と推定(要:会議録確認),,,0,
D15,R8/3,3月定例会,事件議案・条例議案,可決,高議第1号,野球場改修工事請負契約の一部を変更することについて,野球場改修工事請負契約の一部を変更することについて,議員別の賛否あり(グループ表示),3,異議なし(全会一致),1,R080303A
D15,R8/3,3月定例会,事件議案・条例議案,可決,高議第2号,製造請負契約を締結することについて,製造請負契約を締結することについて,賛否表になし→全員賛成と推定(要:会議録確認),,異議なし(全会一致),1,R080303A
D15,R8/3,3月定例会,事件議案・条例議案,可決,高議第3号,財産の無償譲渡について,財産の無償譲渡について,賛否表になし→全員賛成と推定(要:会議録確認),,異議なし(全会一致),1,R080303A
D15,R8/3,3月定例会,事件議案・条例議案,可決,高議第4号,高砂市市営住宅条例の一部を改正する条例を定めることについて,高砂市市営住宅条例の一部を改正する条例を定めることについて,議員別の賛否あり(グループ表示),3,異議なし(全会一致),1,R080303A
D15,R8/3,3月定例会,事件議案・条例議案,可決,高議第5号,高砂市基本構想及び高砂市基本計画の一部を変更することについて,高砂市基本構想及び高砂市基本計画の一部を変更することについて,議員別の賛否あり(グループ表示),4,採決あり(電子表決、賛成多数),1,R080326A
D15,R8/3,3月定例会,事件議案・条例議案,可決,高議第6号,市道路線の認定について,市道路線の認定について,議員別の賛否あり(グループ表示),3,異議なし(全会一致),1,R080326A
D15,R8/3,3月定例会,事件議案・条例議案,可決,高議第7号,市道路線の変更について,市道路線の変更について,議員別の賛否あり(グループ表示),3,異議なし(全会一致),1,R080326A
D15,R8/3,3月定例会,事件議案・条例議案,可決,高議第8号,高砂市職員の給与に関する条例等の一部を改正する条例を定めることについて,高砂市職員の給与に関する条例等の一部を改正する条例を定めることについて,議員別の賛否あり(グループ表示),4,採決あり(電子表決、賛成多数),1,R080326A
D15,R8/3,3月定例会,事件議案・条例議案,可決,高議第9号,高砂市印鑑条例の一部を改正する条例を定めることについて,高砂市印鑑条例の一部を改正する条例を定めることについて,議員別の賛否あり(グループ表示),4,採決あり(電子表決、賛成多数),1,R080326A
D15,R8/3,3月定例会,事件議案・条例議案,可決,高議第10号,高砂市地域交流センター条例の一部を改正する条例を定めることについて,高砂市地域交流センター条例の一部を改正する条例を定めることについて,議員別の賛否あり(グループ表示),3,異議なし(全会一致),1,R080326A
D15,R8/3,3月定例会,事件議案・条例議案,可決,高議第11号,高砂市医療費助成条例の一部を改正する条例を定めることについて,高砂市医療費助成条例の一部を改正する条例を定めることについて,議員別の賛否あり(グループ表示),3,異議なし(全会一致),1,R080326A
D15,R8/3,3月定例会,事件議案・条例議案,可決,高議第12号,高砂市国民健康保険条例の一部を改正する条例を定めることについて,高砂市国民健康保険条例の一部を改正する条例を定めることについて,議員別の賛否あり(グループ表示),4,採決あり(電子表決、賛成多数),1,R080326A
D15,R8/3,3月定例会,事件議案・条例議案,可決,高議第13号,高砂市介護保険条例の一部を改正する条例を定めることについて,高砂市介護保険条例の一部を改正する条例を定めることについて,議員別の賛否あり(グループ表示),3,異議なし(全会一致),1,R080326A
D15,R8/3,3月定例会,事件議案・条例議案,可決,高議第14号,高砂市ユーアイ福祉交流センター条例の一部を改正する条例を定めることについて,高砂市ユーアイ福祉交流センター条例の一部を改正する条例を定めることについて,賛否表になし→全員賛成と推定(要:会議録確認),,異議なし(全会一致),1,R080326A
D15,R8/3,3月定例会,事件議案・条例議案,可決,高議第15号,高砂市手数料条例の一部を改正する条例を定めることについて,高砂市手数料条例の一部を改正する条例を定めることについて,賛否表になし→全員賛成と推定(要:会議録確認),,異議なし(全会一致),1,R080326A
D15,R8/3,3月定例会,事件議案・条例議案,可決,高議第16号,高砂市消防団員等公務災害補償条例の一部を改正する条例を定めることについて,高砂市消防団員等公務災害補償条例の一部を改正する条例を定めることについて,賛否表になし→全員賛成と推定(要:会議録確認),,異議なし(全会一致),1,R080326A
D15,R8/3,3月定例会,事件議案・条例議案,可決,高議第17号,高砂市火災予防条例の一部を改正する条例を定めることについて,高砂市火災予防条例の一部を改正する条例を定めることについて,賛否表になし→全員賛成と推定(要:会議録確認),,異議なし(全会一致),1,R080326A
D15,R8/3,3月定例会,事件議案・条例議案,可決,高議第18号,高砂市議会委員会条例の一部を改正する条例を定めることについて,高砂市議会委員会条例の一部を改正する条例を定めることについて,賛否表になし→全員賛成と推定(要:会議録確認),,異議なし(全会一致),1,R080306A
D15,R8/3,3月定例会,事件議案・条例議案,可決,高議第19号,高砂市職員等のハラスメントの防止等に関する条例の一部を改正する条例を定めることについて,高砂市職員等のハラスメントの防止等に関する条例の一部を改正する条例を定めることについて,議員別の賛否あり(グループ表示),3,異議なし(全会一致),1,R080326A
D15,R8/3,3月定例会,予算議案,可決,高予第3号,第10回令和7年度高砂市一般会計補正予算,第10回令和7年度高砂市一般会計補正予算,議員別の賛否あり(グループ表示),4,採決あり(電子表決、賛成多数),1,R080303A
D15,R8/3,3月定例会,予算議案,可決,高予第4号,第4回令和7年度高砂市国民健康保険事業特別会計補正予算,第4回令和7年度高砂市国民健康保険事業特別会計補正予算,賛否表になし→全員賛成と推定(要:会議録確認),,採決あり(電子表決、賛成多数),1,R080303A
D15,R8/3,3月定例会,予算議案,可決,高予第5号,第3回令和7年度高砂市後期高齢者医療事業特別会計補正予算,第3回令和7年度高砂市後期高齢者医療事業特別会計補正予算,議員別の賛否あり(グループ表示),4,採決あり(電子表決、賛成多数),1,R080303A
D15,R8/3,3月定例会,予算議案,可決,高予第6号,第4回令和7年度高砂市介護保険事業特別会計補正予算,第4回令和7年度高砂市介護保険事業特別会計補正予算,議員別の賛否あり(グループ表示),3,異議なし(全会一致),1,R080303A
D15,R8/3,3月定例会,予算議案,可決,高予第7号,第4回令和7年度高砂市水道事業会計補正予算,第4回令和7年度高砂市水道事業会計補正予算,議員別の賛否あり(グループ表示),2,異議なし(全会一致),1,R080303A
D15,R8/3,3月定例会,予算議案,可決,高予第8号,第3回令和7年度高砂市下水道事業会計補正予算,第3回令和7年度高砂市下水道事業会計補正予算,議員別の賛否あり(グループ表示),1,異議なし(全会一致),1,R080303A
D15,R8/3,3月定例会,予算議案,可決,高予第9号,第4回令和7年度高砂市病院事業会計補正予算,第4回令和7年度高砂市病院事業会計補正予算,議員別の賛否あり(グループ表示),3,判定不能/異議なし(全会一致),2,R080226A|R080303A
D15,R8/3,3月定例会,予算議案,可決,高予第10号,令和8年度高砂市一般会計予算,令和8年度高砂市一般会計予算,議員別の賛否あり(グループ表示),4,採決あり(起立)/採決あり(電子表決、賛成多数)/異議なし(全会一致),5,R080309A|R080310A|R080311A|R080312A|R080326A
D15,R8/3,3月定例会,予算議案,可決,高予第11号,令和8年度高砂市国民健康保険事業特別会計予算,令和8年度高砂市国民健康保険事業特別会計予算,賛否表になし→全員賛成と推定(要:会議録確認),,採決あり(電子表決、賛成多数),1,R080326A
D15,R8/3,3月定例会,予算議案,可決,高予第12号,令和8年度高砂市後期高齢者医療事業特別会計予算,令和8年度高砂市後期高齢者医療事業特別会計予算,賛否表になし→全員賛成と推定(要:会議録確認),,採決あり(電子表決、賛成多数),1,R080326A
D15,R8/3,3月定例会,予算議案,可決,高予第13号,令和8年度高砂市介護保険事業特別会計予算,令和8年度高砂市介護保険事業特別会計予算,賛否表になし→全員賛成と推定(要:会議録確認),,採決あり(電子表決、賛成多数),1,R080326A
D15,R8/3,3月定例会,予算議案,可決,高予第14号,令和8年度高砂市水道事業会計予算,令和8年度高砂市水道事業会計予算,議員別の賛否あり(グループ表示),4,採決あり(電子表決、賛成多数),1,R080326A
D15,R8/3,3月定例会,予算議案,可決,高予第15号,令和8年度高砂市工業用水道事業会計予算,令和8年度高砂市工業用水道事業会計予算,議員別の賛否あり(グループ表示),3,異議なし(全会一致),1,R080326A
D15,R8/3,3月定例会,予算議案,可決,高予第16号,令和8年度高砂市下水道事業会計予算,令和8年度高砂市下水道事業会計予算,賛否表になし→全員賛成と推定(要:会議録確認),,異議なし(全会一致),1,R080326A
D15,R8/3,3月定例会,予算議案,可決,高予第17号,令和8年度高砂市病院事業会計予算,令和8年度高砂市病院事業会計予算,賛否表になし→全員賛成と推定(要:会議録確認),,判定不能/異議なし(全会一致),2,R080312A|R080326A
D15,R8/3,3月定例会,予算議案,可決,高予第18号,第11回令和7年度高砂市一般会計補正予算,第11回令和7年度高砂市一般会計補正予算,議員別の賛否あり(グループ表示),3,異議なし(全会一致),1,R080304A
D15,R8/3,3月定例会,陳情,不採択,,国に国民の主食である米の価格を統制することを求める意見書の提出に関する陳情書,国に国民の主食である米の価格を統制することを求める意見書の提出に関する陳情書,議員別の賛否あり,5,,0,
D16,R8/6,第2回臨時会,事件議案,可決,高議第22号,指定管理者の指定について,指定管理者の指定について,議員別の賛否あり(グループ表示),2,採決あり(、否決語あり)/採決あり(電子表決、賛成多数),2,R080519A|R080520A
D16,R8/6,第2回臨時会,条例議案,可決,高議第23号,高砂市病院事業の設置等に関する条例の一部を改正する条例を定めることについて,高砂市病院事業の設置等に関する条例の一部を改正する条例を定めることについて,議員別の賛否あり(グループ表示),3,採決あり(電子表決、賛成多数)/異議なし(全会一致),2,R080520A|R080622A
D16,R8/6,第2回臨時会,予算議案,可決,高予第19号,第1回令和8年度高砂市一般会計補正,第1回令和8年度高砂市一般会計補正,議員別の賛否あり(グループ表示),1,異議なし(全会一致),1,R080520A
D16,R8/6,第2回臨時会,予算議案,可決,高予第20号,第1回令和8年度高砂市水道事業会計補正,第1回令和8年度高砂市水道事業会計補正,議員別の賛否あり(グループ表示),1,異議なし(全会一致),1,R080520A
D16,R8/6,第2回臨時会,予算議案,可決,高予第21号,第1回令和8年度高砂市病院事業会計補正,第1回令和8年度高砂市病院事業会計補正,議員別の賛否あり(グループ表示),4,採決あり(電子表決、賛成多数),1,R080520A
D16,R8/6,6月定例会,事件議案,可決,高議第29号,工事請負契約を締結することについて,工事請負契約を締結することについて,議員別の賛否あり(グループ表示),5,異議なし(全会一致),1,R080622A
D16,R8/6,6月定例会,条例議案,可決,高議第24号,高砂市市税条例の一部を改正する条例を定めることについて,高砂市市税条例の一部を改正する条例を定めることについて,議員別の賛否あり(グループ表示),5,異議なし(全会一致),2,R080519A|R080622A
D16,R8/6,6月定例会,条例議案,可決,高議第25号,高砂市医療費助成条例の一部を改正する条例を定めることについて,高砂市医療費助成条例の一部を改正する条例を定めることについて,賛否表になし→全員賛成と推定(要:会議録確認),,異議なし(全会一致),1,R080622A
D16,R8/6,6月定例会,条例議案,可決,高議第26号,高砂市水道事業及び工業用水道事業並びに下水道事業の設置等に関する条例の一部を改正する条例を定めることについて,高砂市水道事業及び工業用水道事業並びに下水道事業の設置等に関する条例の一部を改正する条例を定めることについて,賛否表になし→全員賛成と推定(要:会議録確認),,異議なし(全会一致),1,R080622A
D16,R8/6,6月定例会,条例議案,可決,高議第27号,高砂市病院事業の設置等に関する条例の一部を改正する条例を定めることについて,高砂市病院事業の設置等に関する条例の一部を改正する条例を定めることについて,賛否表になし→全員賛成と推定(要:会議録確認),,採決あり(電子表決、賛成多数)/異議なし(全会一致),2,R080520A|R080622A
D16,R8/6,6月定例会,条例議案,可決,高議第28号,高砂市消防団員等公務災害補償条例の一部を改正する条例を定めることについて,高砂市消防団員等公務災害補償条例の一部を改正する条例を定めることについて,賛否表になし→全員賛成と推定(要:会議録確認),,異議なし(全会一致),1,R080622A
D16,R8/6,6月定例会,条例議案,可決,高議第32号,高砂市議会議員政治倫理条例の一部を改正する条例を定めることについて,高砂市議会議員政治倫理条例の一部を改正する条例を定めることについて,議員別の賛否あり(グループ表示),5,異議なし(全会一致),1,R080622A
D16,R8/6,6月定例会,予算議案,可決,高予第22号,第2回令和8年度高砂市一般会計補正,第2回令和8年度高砂市一般会計補正,議員別の賛否あり(グループ表示),6,採決あり(起立)/採決あり(電子表決、賛成多数),2,R080610A|R080622A
D16,R8/6,6月定例会,予算議案,可決,高予第23号,第2回令和8年度高砂市水道事業会計補正,第2回令和8年度高砂市水道事業会計補正,議員別の賛否あり(グループ表示),5,異議なし(全会一致),2,R080610A|R080622A
D16,R8/6,6月定例会,予算議案,可決,高予第24号,第3回令和8年度高砂市一般会計補正,第3回令和8年度高砂市一般会計補正,賛否表になし→全員賛成と推定(要:会議録確認),,異議なし(全会一致),1,R080622A
D16,R8/6,6月定例会,予算議案,可決,高予第25号,第3回令和8年度高砂市水道事業会計補正,第3回令和8年度高砂市水道事業会計補正,議員別の賛否あり(グループ表示),5,異議なし(全会一致),1,R080622A
D16,R8/6,6月定例会,陳情,採択,,子どものゆたかな学びと育ちを保障するための2027 年度政府予算に係る件,子どものゆたかな学びと育ちを保障するための2027年度政府予算に係る件,議員別の賛否あり,8,,0,
D16,R8/6,6月定例会,陳情,不採択,,mRNA ワクチン（レプリコンワクチンを含む）接種事業中止の意見書提出を求める陳情書,mRNAワクチン(レプリコンワクチンを含む)接種事業中止の意見書提出を求める陳情書,議員別の賛否あり,7,,0,
D16,R8/6,6月定例会,陳情,不採択,,高すぎる国民健康保険料の引き下げ、抜本的改善を求める陳情,高すぎる国民健康保険料の引き下げ抜本的改善を求める陳情,議員別の賛否あり,9,,0,
