fileName,順番,議席,議員ID,氏名,会派,開始No,終了No,本人の発言数,冒頭40字
R050306A,1,9,M006,川端宏明,,2,1,0,
R050306A,2,13,M009,迫川高行,,2,1,0,
R050306A,4,19,M007,北野誠一郎,,2,1,0,
R050306A,5,4,M018,山田光昭,,2,1,0,
R050306A,1,9,M006,川端宏明,新政会,2,29,7,おはようございます。新政会の川端宏明でございます。どうぞよろしくお願いをいたしま
R050306A,2,13,M009,迫川高行,公明党,30,56,3,公明党の迫川高行です。公明党高砂市議団としての代表質問を行います。 ロシアによる
R050306A,4,19,M007,北野誠一郎,,57,73,4,未来ネットを代表し、令和５年度施政方針について総括質問を行います。 激動の時代を
R050306A,5,4,M018,山田光昭,,74,88,4,こんにちは、民主クラブ山田光昭でございます。 会派を代表しまして市長の施政方針並
R060605A,1,12,M003,今竹大祐,,2,1,0,
R060605A,2,17,M013,鷹尾治久,,2,1,0,
R060605A,3,13,M009,迫川高行,,2,1,0,
R060605A,4,2,M016,松野優也,,2,1,0,
R060605A,5,8,M007,北野誠一郎,,2,1,0,
R060605A,1,12,M003,今竹大祐,新政会,2,11,2,おはようございます。新政会の今竹大祐です。都倉市長２期目の施政方針並びに市政運営
R060605A,2,17,M013,鷹尾治久,,12,26,4,明風会を代表して質問をさせていただきます。よろしくお願いいたします。 都倉市長、
R060605A,3,13,M009,迫川高行,公明党,27,42,4,公明党の迫川高行です。公明党高砂市議団としての代表質問を行います。 まず、４月１
R060605A,4,2,M016,松野優也,民主クラブ,43,61,5,皆様、こんにちは。２番、民主クラブの松野優也です。通告に従いまして、都倉市長の施
R060605A,5,8,M007,北野誠一郎,,62,78,4,未来ネットを代表し、都倉市長２期目の所信表明、施政方針に対する総括質問を行います
R070306A,2,14,M014,春増勝利,,2,1,0,
R070306A,3,7,M013,鷹尾治久,,2,1,0,
R070306A,4,19,M007,北野誠一郎,,2,1,0,
R070306A,5,2,M018,山田光昭,,2,23,0,
R070306A,2,14,M014,春増勝利,公明党,24,36,3,公明党の春増勝利です。公明党高砂市議団を代表して質問をさせていただきます。ありが
R070306A,3,7,M013,鷹尾治久,,37,52,4,明風会を代表して会派代表質問をさせていただきます。よろしくお願いいたします。 さ
R070306A,4,19,M007,北野誠一郎,,53,79,6,未来ネットを代表し、総括質問を行います。今回は、令和７年度の施政方針について、時
R070306A,5,2,M018,山田光昭,民主クラブ,80,96,4,こんにちは。民主クラブの山田光昭でございます。会派を代表しまして、市長の施政方針
R080305A,1,11,M011,島津明香,,2,1,0,
R080305A,2,18,M013,鷹尾治久,,2,1,0,
R080305A,3,13,M009,迫川高行,,2,1,0,
R080305A,4,2,M018,山田光昭,,2,1,0,
R080305A,5,8,M007,北野誠一郎,,2,1,0,
R080305A,1,11,M011,島津明香,,2,27,7,新政会を代表し、代表質問を行います。通告順に基づき、順次質問を行います。今回は、
R080305A,2,18,M013,鷹尾治久,,28,51,6,それでは、明風会を代表して質問をさせていただきます。鷹尾治久です。よろしくお願い
R080305A,3,13,M009,迫川高行,公明党,52,67,4,公明党の迫川高行です。公明党高砂市議団としての代表質問を行います。 まず、予防医
R080305A,4,2,M018,山田光昭,,68,78,3,皆さん、こんにちは。民主クラブ、山田光昭でございます。会派を代表いたしまして、令
R080305A,5,8,M007,北野誠一郎,未来ネット,79,93,4,未来ネットの北野誠一郎です。会派を代表し、市長の施政方針に対する総括質問を行いた
