議員ID,氏名,現れ方,日数,最初のファイル,最後のファイル
M001,石崎徹,呼び出し・指名,22,R040920A,R080616A
M001,石崎徹,議員として発言,225,R040927A,R080616A
M001,石崎徹,副議長,603,R050920A,R060911A
M002,入江啓太,呼び出し・指名,30,R040920A,R080622A
M002,入江啓太,議員として発言,177,R040927A,R080615A
M003,今竹大祐,議員として発言,200,R040920A,R080616A
M003,今竹大祐,議長,3910,R040920A,R050913A
M003,今竹大祐,呼び出し・指名,16,R050913A,R080616A
M004,岩見明,議員として発言,691,R040926A,R080622A
M004,岩見明,呼び出し・指名,32,R040929A,R080615A
M005,大西由紀,議員として発言,890,R040926A,R080622A
M005,大西由紀,呼び出し・指名,29,R040930A,R080615A
M006,川端宏明,議員として発言,189,R040926A,R070910A
M006,川端宏明,呼び出し・指名,19,R040929A,R070618A
M006,川端宏明,議長,3611,R070910A,R080622A
M007,北野誠一郎,呼び出し・指名,31,R040920A,R080616A
M007,北野誠一郎,議員として発言,704,R040926A,R080622A
M008,坂本まり,呼び出し・指名,32,R040920A,R080615A
M008,坂本まり,議員として発言,290,R040927A,R080615A
M009,迫川高行,議員として発言,239,R040926A,R080622A
M009,迫川高行,呼び出し・指名,24,R040929A,R080615A
M009,迫川高行,議長,3402,R060911A,R070910A
M010,芝本鎮彰,議員として発言,544,R040927A,R080615A
M010,芝本鎮彰,呼び出し・指名,32,R040929A,R080616A
M011,島津明香,議員として発言,489,R040926A,R080622A
M011,島津明香,呼び出し・指名,27,R040929A,R080616A
M011,島津明香,副議長,585,R060918A,R070910A
M011,島津明香,議長,1,R070619A,R070619A
M012,鈴木利信,議員として発言,471,R040926A,R080622A
M012,鈴木利信,呼び出し・指名,28,R040930A,R080616A
M013,鷹尾治久,議員として発言,232,R040920A,R080616A
M013,鷹尾治久,呼び出し・指名,26,R040927A,R080616A
M013,鷹尾治久,副議長,624,R040929A,R050913A
M014,春増勝利,議員として発言,193,R040929A,R080616A
M014,春増勝利,呼び出し・指名,31,R040929A,R080616A
M015,藤森誠,議員として発言,80,R040926A,R080311A
M015,藤森誠,呼び出し・指名,15,R040930A,R080519A
M015,藤森誠,議長,3616,R050913A,R060911A
M016,松野優也,呼び出し・指名,29,R040926A,R080616A
M016,松野優也,議員として発言,215,R040930A,R080615A
M017,森秀樹,議員として発言,93,R040926A,R080610A
M017,森秀樹,呼び出し・指名,18,R041205A,R080610A
M017,森秀樹,副議長,645,R070917A,R080616A
M018,山田光昭,議員として発言,353,R040926A,R080622A
M018,山田光昭,呼び出し・指名,27,R040926A,R080622A
M019,横田英樹,議員として発言,334,R040926A,R080616A
M019,横田英樹,呼び出し・指名,29,R040929A,R080616A
