blockID,開催日,議員名,確信度,注意
R041212A-12,令和 4年12月12日,松野,0.05,議席表の名前と呼び出しの名前が違う ; 名簿にない名前 ; 本人の発言が見つからない
R050306A-01,令和 5年 3月 6日,川端宏明,0.55,本人の発言が見つからない
R050306A-02,令和 5年 3月 6日,迫川高行,0.55,本人の発言が見つからない
R050306A-04,令和 5年 3月 6日,北野誠一郎,0.55,本人の発言が見つからない
R050306A-05,令和 5年 3月 6日,山田光昭,0.55,本人の発言が見つからない
R060605A-01,令和 6年 6月 5日,今竹大祐,0.55,本人の発言が見つからない
R060605A-02,令和 6年 6月 5日,鷹尾治久,0.55,本人の発言が見つからない
R060605A-03,令和 6年 6月 5日,迫川高行,0.55,本人の発言が見つからない
R060605A-04,令和 6年 6月 5日,松野優也,0.55,本人の発言が見つからない
R060605A-05,令和 6年 6月 5日,北野誠一郎,0.55,本人の発言が見つからない
R060918A-02,令和 6年 9月18日,石崎徹,0.55,本人の発言が見つからない
R070306A-02,令和 7年 3月 6日,春増勝利,0.55,本人の発言が見つからない
R070306A-03,令和 7年 3月 6日,鷹尾治久,0.55,本人の発言が見つからない
R070306A-04,令和 7年 3月 6日,北野誠一郎,0.55,本人の発言が見つからない
R070306A-05,令和 7年 3月 6日,山田光昭,0.55,本人の発言が見つからない
R080305A-01,令和 8年 3月 5日,島津明香,0.55,本人の発言が見つからない
R080305A-02,令和 8年 3月 5日,鷹尾治久,0.55,本人の発言が見つからない
R080305A-03,令和 8年 3月 5日,迫川高行,0.55,本人の発言が見つからない
R080305A-04,令和 8年 3月 5日,山田光昭,0.55,本人の発言が見つからない
R080305A-05,令和 8年 3月 5日,北野誠一郎,0.55,本人の発言が見つからない
R080615A-03,令和 8年 6月15日,入江,0.05,議席表の名前と呼び出しの名前が違う ; 名簿にない名前 ; 本人の発言が見つからない
