fileName,開催日,種別,日程の想定数,抽出数,判定
R040929A,令和 4年 9月29日,一般質問,6,6,OK
R040930A,令和 4年 9月30日,一般質問,5,5,OK
R041209A,令和 4年12月 9日,一般質問,6,6,OK
R041212A,令和 4年12月12日,一般質問,6,6,OK
R050306A,令和 5年 3月 6日,代表質問(会議録上は総括質問),8,8,OK
R050315A,令和 5年 3月15日,一般質問,6,6,OK
R050316A,令和 5年 3月16日,一般質問,2,2,OK
R050623A,令和 5年 6月23日,一般質問,7,7,OK
R050626A,令和 5年 6月26日,一般質問,5,5,OK
R050920A,令和 5年 9月20日,一般質問,8,8,OK
R050921A,令和 5年 9月21日,一般質問,5,5,OK
R051211A,令和 5年12月11日,一般質問,6,6,OK
R051218A,令和 5年12月18日,一般質問,6,6,OK
R060307A,令和 6年 3月 7日,一般質問,8,8,OK
R060308A,令和 6年 3月 8日,一般質問,3,3,OK
R060605A,令和 6年 6月 5日,代表質問(会議録上は総括質問),10,10,OK
R060611A,令和 6年 6月11日,一般質問,7,7,OK
R060612A,令和 6年 6月12日,一般質問,2,2,OK
R060918A,令和 6年 9月18日,一般質問,8,8,OK
R060919A,令和 6年 9月19日,一般質問,5,5,OK
R061209A,令和 6年12月 9日,一般質問,6,6,OK
R061210A,令和 6年12月10日,一般質問,6,6,OK
R070306A,令和 7年 3月 6日,代表質問(会議録上は総括質問),8,8,OK
R070317A,令和 7年 3月17日,一般質問,5,5,OK
R070318A,令和 7年 3月18日,一般質問,1,1,OK
R070618A,令和 7年 6月18日,一般質問,7,7,OK
R070619A,令和 7年 6月19日,一般質問,4,4,OK
R070917A,令和 7年 9月17日,一般質問,7,7,OK
R070918A,令和 7年 9月18日,一般質問,5,5,OK
R071211A,令和 7年12月11日,一般質問,7,7,OK
R071212A,令和 7年12月12日,一般質問,6,6,OK
R080305A,令和 8年 3月 5日,代表質問(会議録上は総括質問),10,10,OK
R080316A,令和 8年 3月16日,一般質問,5,5,OK
R080317A,令和 8年 3月17日,一般質問,2,2,OK
R080615A,令和 8年 6月15日,一般質問,7,7,OK
R080616A,令和 8年 6月16日,一般質問,7,7,OK
