期,委員会,議員ID,議員,役職(最多),役職の内訳,出席日数,その期の開催日数
第1期(2022年9月〜2023年9月),建設環境経済常任委員会,M002,入江啓太,委員,委員13,13,13
第1期(2022年9月〜2023年9月),建設環境経済常任委員会,M007,北野誠一郎,委員,委員13,13,13
第1期(2022年9月〜2023年9月),建設環境経済常任委員会,M008,坂本まり,委員,委員13,13,13
第1期(2022年9月〜2023年9月),建設環境経済常任委員会,M010,芝本鎮彰,副委員長,副委員長13,13,13
第1期(2022年9月〜2023年9月),建設環境経済常任委員会,M015,藤森誠,委員,委員13,13,13
第1期(2022年9月〜2023年9月),建設環境経済常任委員会,M016,松野優也,委員,委員13,13,13
第1期(2022年9月〜2023年9月),建設環境経済常任委員会,M017,森秀樹,委員長,委員長13,13,13
第1期(2022年9月〜2023年9月),文教厚生常任委員会,M001,石崎徹,委員長,委員長12,12,12
第1期(2022年9月〜2023年9月),文教厚生常任委員会,M003,今竹大祐,委員,委員12,12,12
第1期(2022年9月〜2023年9月),文教厚生常任委員会,M004,岩見明,副委員長,副委員長12,12,12
第1期(2022年9月〜2023年9月),文教厚生常任委員会,M005,大西由紀,委員,委員12,12,12
第1期(2022年9月〜2023年9月),文教厚生常任委員会,M012,鈴木利信,委員,委員10,10,12
第1期(2022年9月〜2023年9月),文教厚生常任委員会,M014,春増勝利,委員,委員12,12,12
第1期(2022年9月〜2023年9月),総務常任委員会,M006,川端宏明,委員,委員14,14,14
第1期(2022年9月〜2023年9月),総務常任委員会,M009,迫川高行,委員,委員14,14,14
第1期(2022年9月〜2023年9月),総務常任委員会,M011,島津明香,委員長,委員長14,14,14
第1期(2022年9月〜2023年9月),総務常任委員会,M013,鷹尾治久,委員,委員14,14,14
第1期(2022年9月〜2023年9月),総務常任委員会,M018,山田光昭,副委員長,副委員長14,14,14
第1期(2022年9月〜2023年9月),総務常任委員会,M019,横田英樹,委員,委員14,14,14
第1期(2022年9月〜2023年9月),議会運営委員会,M001,石崎徹,委員,委員17,17,17
第1期(2022年9月〜2023年9月),議会運営委員会,M003,今竹大祐,議長,議長17,17,17
第1期(2022年9月〜2023年9月),議会運営委員会,M005,大西由紀,委員,委員16,16,17
第1期(2022年9月〜2023年9月),議会運営委員会,M006,川端宏明,委員,委員17,17,17
第1期(2022年9月〜2023年9月),議会運営委員会,M007,北野誠一郎,委員,委員17,17,17
第1期(2022年9月〜2023年9月),議会運営委員会,M009,迫川高行,委員長,委員長17,17,17
第1期(2022年9月〜2023年9月),議会運営委員会,M011,島津明香,副委員長,副委員長17,17,17
第1期(2022年9月〜2023年9月),議会運営委員会,M013,鷹尾治久,副議長,副議長17,17,17
第1期(2022年9月〜2023年9月),議会運営委員会,M018,山田光昭,委員,委員17,17,17
第1期(2022年9月〜2023年9月),議会運営委員会,M019,横田英樹,委員,委員1,1,17
第1期(2022年9月〜2023年9月),高砂市民病院経営改善対策特別委員会,M003,今竹大祐,議長,議長2,2,9
第1期(2022年9月〜2023年9月),高砂市民病院経営改善対策特別委員会,M004,岩見明,副委員長,副委員長9,9,9
第1期(2022年9月〜2023年9月),高砂市民病院経営改善対策特別委員会,M005,大西由紀,委員,委員9,9,9
第1期(2022年9月〜2023年9月),高砂市民病院経営改善対策特別委員会,M008,坂本まり,委員,委員9,9,9
第1期(2022年9月〜2023年9月),高砂市民病院経営改善対策特別委員会,M010,芝本鎮彰,委員,委員9,9,9
第1期(2022年9月〜2023年9月),高砂市民病院経営改善対策特別委員会,M012,鈴木利信,委員長,委員長9,9,9
第1期(2022年9月〜2023年9月),高砂市民病院経営改善対策特別委員会,M016,松野優也,委員,委員9,9,9
第1期(2022年9月〜2023年9月),高砂市民病院経営改善対策特別委員会,M017,森秀樹,委員,委員9,9,9
第2期(2023年9月〜2024年9月),建設環境経済常任委員会,M003,今竹大祐,委員,委員22,22,22
第2期(2023年9月〜2024年9月),建設環境経済常任委員会,M006,川端宏明,委員,委員22,22,22
第2期(2023年9月〜2024年9月),建設環境経済常任委員会,M008,坂本まり,副委員長,副委員長22,22,22
第2期(2023年9月〜2024年9月),建設環境経済常任委員会,M010,芝本鎮彰,委員長,委員長22,22,22
第2期(2023年9月〜2024年9月),建設環境経済常任委員会,M012,鈴木利信,委員,委員22,22,22
第2期(2023年9月〜2024年9月),建設環境経済常任委員会,M015,藤森誠,議長,議長1,1,22
第2期(2023年9月〜2024年9月),建設環境経済常任委員会,M017,森秀樹,委員,委員22,22,22
第2期(2023年9月〜2024年9月),建設環境経済常任委員会・総務常任委員会合同委員会,,?,委員,委員3,3,1
第2期(2023年9月〜2024年9月),建設環境経済常任委員会・総務常任委員会合同委員会,M001,石崎徹,委員,委員1,1,1
第2期(2023年9月〜2024年9月),建設環境経済常任委員会・総務常任委員会合同委員会,M002,入江啓太,副委員長,副委員長1,1,1
第2期(2023年9月〜2024年9月),建設環境経済常任委員会・総務常任委員会合同委員会,M003,今竹大祐,委員,委員1,1,1
第2期(2023年9月〜2024年9月),建設環境経済常任委員会・総務常任委員会合同委員会,M004,岩見明,委員長,委員長1,1,1
第2期(2023年9月〜2024年9月),建設環境経済常任委員会・総務常任委員会合同委員会,M006,川端宏明,委員,委員1,1,1
第2期(2023年9月〜2024年9月),建設環境経済常任委員会・総務常任委員会合同委員会,M008,坂本まり,副委員長,副委員長1,1,1
第2期(2023年9月〜2024年9月),建設環境経済常任委員会・総務常任委員会合同委員会,M009,迫川高行,委員,委員1,1,1
第2期(2023年9月〜2024年9月),建設環境経済常任委員会・総務常任委員会合同委員会,M010,芝本鎮彰,委員長,委員長1,1,1
第2期(2023年9月〜2024年9月),建設環境経済常任委員会・総務常任委員会合同委員会,M012,鈴木利信,委員,委員1,1,1
第2期(2023年9月〜2024年9月),建設環境経済常任委員会・総務常任委員会合同委員会,M016,松野優也,委員,委員1,1,1
第2期(2023年9月〜2024年9月),建設環境経済常任委員会・総務常任委員会合同委員会,M019,横田英樹,委員,委員1,1,1
第2期(2023年9月〜2024年9月),文教厚生常任委員会,M005,大西由紀,委員,委員30,30,30
第2期(2023年9月〜2024年9月),文教厚生常任委員会,M007,北野誠一郎,委員,委員30,30,30
第2期(2023年9月〜2024年9月),文教厚生常任委員会,M011,島津明香,委員,委員28,28,30
第2期(2023年9月〜2024年9月),文教厚生常任委員会,M013,鷹尾治久,委員,委員30,30,30
第2期(2023年9月〜2024年9月),文教厚生常任委員会,M014,春増勝利,副委員長,副委員長29,29,30
第2期(2023年9月〜2024年9月),文教厚生常任委員会,M015,藤森誠,委員,委員30,30,30
第2期(2023年9月〜2024年9月),文教厚生常任委員会,M018,山田光昭,委員長,委員長30,30,30
第2期(2023年9月〜2024年9月),決算特別委員会,M001,石崎徹,委員,委員12,12,12
第2期(2023年9月〜2024年9月),決算特別委員会,M002,入江啓太,委員,委員12,12,12
第2期(2023年9月〜2024年9月),決算特別委員会,M005,大西由紀,委員,委員12,12,12
第2期(2023年9月〜2024年9月),決算特別委員会,M008,坂本まり,委員長,委員長12,12,12
第2期(2023年9月〜2024年9月),決算特別委員会,M009,迫川高行,副委員長,副委員長12,12,12
第2期(2023年9月〜2024年9月),決算特別委員会,M012,鈴木利信,委員,委員11,11,12
第2期(2023年9月〜2024年9月),決算特別委員会,M015,藤森誠,議長,議長2,2,12
第2期(2023年9月〜2024年9月),総務常任委員会,M001,石崎徹,委員,委員26,26,26
第2期(2023年9月〜2024年9月),総務常任委員会,M002,入江啓太,副委員長,副委員長25,25,26
第2期(2023年9月〜2024年9月),総務常任委員会,M004,岩見明,委員長,委員長26,26,26
第2期(2023年9月〜2024年9月),総務常任委員会,M009,迫川高行,委員,委員26,26,26
第2期(2023年9月〜2024年9月),総務常任委員会,M016,松野優也,委員,委員26,26,26
第2期(2023年9月〜2024年9月),総務常任委員会,M019,横田英樹,委員,委員26,26,26
第2期(2023年9月〜2024年9月),議会運営委員会,M001,石崎徹,副議長,委員1/副議長29,30,30
第2期(2023年9月〜2024年9月),議会運営委員会,M003,今竹大祐,委員,議長1/委員29,30,30
第2期(2023年9月〜2024年9月),議会運営委員会,M005,大西由紀,委員,委員1,1,30
第2期(2023年9月〜2024年9月),議会運営委員会,M006,川端宏明,副委員長,委員1/副委員長29,30,30
第2期(2023年9月〜2024年9月),議会運営委員会,M007,北野誠一郎,委員,委員29,29,30
第2期(2023年9月〜2024年9月),議会運営委員会,M009,迫川高行,委員長,委員長1,1,30
第2期(2023年9月〜2024年9月),議会運営委員会,M011,島津明香,副委員長,副委員長1,1,30
第2期(2023年9月〜2024年9月),議会運営委員会,M012,鈴木利信,委員,委員1,1,30
第2期(2023年9月〜2024年9月),議会運営委員会,M013,鷹尾治久,委員,副議長1/委員29,30,30
第2期(2023年9月〜2024年9月),議会運営委員会,M015,藤森誠,議長,議長29,29,30
第2期(2023年9月〜2024年9月),議会運営委員会,M017,森秀樹,委員長,委員長29,29,30
第2期(2023年9月〜2024年9月),議会運営委員会,M018,山田光昭,委員,委員30,30,30
第2期(2023年9月〜2024年9月),議会運営委員会,M019,横田英樹,委員,委員29,29,30
第2期(2023年9月〜2024年9月),高砂市民病院経営改善対策特別委員会,M004,岩見明,副委員長,副委員長13,13,13
第2期(2023年9月〜2024年9月),高砂市民病院経営改善対策特別委員会,M005,大西由紀,委員,委員13,13,13
第2期(2023年9月〜2024年9月),高砂市民病院経営改善対策特別委員会,M008,坂本まり,委員,委員13,13,13
第2期(2023年9月〜2024年9月),高砂市民病院経営改善対策特別委員会,M010,芝本鎮彰,委員,委員13,13,13
第2期(2023年9月〜2024年9月),高砂市民病院経営改善対策特別委員会,M012,鈴木利信,委員長,委員長12,12,13
第2期(2023年9月〜2024年9月),高砂市民病院経営改善対策特別委員会,M014,春増勝利,委員,委員13,13,13
第2期(2023年9月〜2024年9月),高砂市民病院経営改善対策特別委員会,M015,藤森誠,議長,議長1,1,13
第2期(2023年9月〜2024年9月),高砂市民病院経営改善対策特別委員会,M016,松野優也,委員,委員13,13,13
第3期(2024年9月〜2025年9月),建設環境経済常任委員会,M001,石崎徹,委員,委員20,20,20
第3期(2024年9月〜2025年9月),建設環境経済常任委員会,M002,入江啓太,副委員長,副委員長20,20,20
第3期(2024年9月〜2025年9月),建設環境経済常任委員会,M006,川端宏明,委員,委員20,20,20
第3期(2024年9月〜2025年9月),建設環境経済常任委員会,M017,森秀樹,委員,委員20,20,20
第3期(2024年9月〜2025年9月),建設環境経済常任委員会,M018,山田光昭,委員長,委員長20,20,20
第3期(2024年9月〜2025年9月),建設環境経済常任委員会,M019,横田英樹,委員,委員20,20,20
第3期(2024年9月〜2025年9月),文教厚生常任委員会,M003,今竹大祐,委員,委員26,26,26
第3期(2024年9月〜2025年9月),文教厚生常任委員会,M004,岩見明,委員長,委員長26,26,26
第3期(2024年9月〜2025年9月),文教厚生常任委員会,M005,大西由紀,委員,委員26,26,26
第3期(2024年9月〜2025年9月),文教厚生常任委員会,M009,迫川高行,委員,委員26,26,26
第3期(2024年9月〜2025年9月),文教厚生常任委員会,M012,鈴木利信,委員,委員26,26,26
第3期(2024年9月〜2025年9月),文教厚生常任委員会,M013,鷹尾治久,委員,委員26,26,26
第3期(2024年9月〜2025年9月),文教厚生常任委員会,M016,松野優也,副委員長,副委員長26,26,26
第3期(2024年9月〜2025年9月),決算特別委員会,M004,岩見明,委員,委員12,12,12
第3期(2024年9月〜2025年9月),決算特別委員会,M006,川端宏明,委員,委員12,12,12
第3期(2024年9月〜2025年9月),決算特別委員会,M009,迫川高行,議長,議長2,2,12
第3期(2024年9月〜2025年9月),決算特別委員会,M013,鷹尾治久,委員,委員12,12,12
第3期(2024年9月〜2025年9月),決算特別委員会,M016,松野優也,副委員長,副委員長12,12,12
第3期(2024年9月〜2025年9月),決算特別委員会,M017,森秀樹,委員長,委員長12,12,12
第3期(2024年9月〜2025年9月),決算特別委員会,M019,横田英樹,委員,委員12,12,12
第3期(2024年9月〜2025年9月),総務常任委員会,M007,北野誠一郎,委員,委員27,27,27
第3期(2024年9月〜2025年9月),総務常任委員会,M008,坂本まり,委員,委員27,27,27
第3期(2024年9月〜2025年9月),総務常任委員会,M010,芝本鎮彰,委員長,委員長27,27,27
第3期(2024年9月〜2025年9月),総務常任委員会,M011,島津明香,委員,委員27,27,27
第3期(2024年9月〜2025年9月),総務常任委員会,M014,春増勝利,副委員長,副委員長27,27,27
第3期(2024年9月〜2025年9月),総務常任委員会,M015,藤森誠,委員,委員27,27,27
第3期(2024年9月〜2025年9月),行政課題等調査検討特別委員会,M001,石崎徹,委員,委員16,16,16
第3期(2024年9月〜2025年9月),行政課題等調査検討特別委員会,M003,今竹大祐,委員,委員16,16,16
第3期(2024年9月〜2025年9月),行政課題等調査検討特別委員会,M007,北野誠一郎,委員長,委員長16,16,16
第3期(2024年9月〜2025年9月),行政課題等調査検討特別委員会,M008,坂本まり,委員,委員16,16,16
第3期(2024年9月〜2025年9月),行政課題等調査検討特別委員会,M009,迫川高行,議長,議長1,1,16
第3期(2024年9月〜2025年9月),行政課題等調査検討特別委員会,M015,藤森誠,副委員長,副委員長16,16,16
第3期(2024年9月〜2025年9月),行政課題等調査検討特別委員会,M016,松野優也,委員,委員15,15,16
第3期(2024年9月〜2025年9月),行政課題等調査検討特別委員会,M017,森秀樹,委員,委員16,16,16
第3期(2024年9月〜2025年9月),議会運営委員会,M001,石崎徹,副議長,副議長1,1,37
第3期(2024年9月〜2025年9月),議会運営委員会,M003,今竹大祐,委員,委員1,1,37
第3期(2024年9月〜2025年9月),議会運営委員会,M004,岩見明,委員,委員36,36,37
第3期(2024年9月〜2025年9月),議会運営委員会,M005,大西由紀,委員,委員36,36,37
第3期(2024年9月〜2025年9月),議会運営委員会,M006,川端宏明,副委員長,副委員長37,37,37
第3期(2024年9月〜2025年9月),議会運営委員会,M007,北野誠一郎,委員,委員36,36,37
第3期(2024年9月〜2025年9月),議会運営委員会,M009,迫川高行,議長,議長36,36,37
第3期(2024年9月〜2025年9月),議会運営委員会,M011,島津明香,副議長,副議長36,36,37
第3期(2024年9月〜2025年9月),議会運営委員会,M012,鈴木利信,委員,委員1,1,37
第3期(2024年9月〜2025年9月),議会運営委員会,M013,鷹尾治久,委員長,委員1/委員長36,37,37
第3期(2024年9月〜2025年9月),議会運営委員会,M014,春増勝利,委員,委員35,35,37
第3期(2024年9月〜2025年9月),議会運営委員会,M015,藤森誠,議長,議長1,1,37
第3期(2024年9月〜2025年9月),議会運営委員会,M016,松野優也,委員,委員1,1,37
第3期(2024年9月〜2025年9月),議会運営委員会,M017,森秀樹,委員長,委員長1/委員1,2,37
第3期(2024年9月〜2025年9月),議会運営委員会,M018,山田光昭,委員,委員36,36,37
第3期(2024年9月〜2025年9月),議会運営委員会,M019,横田英樹,委員,委員1,1,37
第4期(2025年9月〜2026年9月),建設環境経済常任委員会,M001,石崎徹,委員,委員12,12,12
第4期(2025年9月〜2026年9月),建設環境経済常任委員会,M006,川端宏明,委員,委員12,12,12
第4期(2025年9月〜2026年9月),建設環境経済常任委員会,M014,春増勝利,副委員長,副委員長12,12,12
第4期(2025年9月〜2026年9月),建設環境経済常任委員会,M015,藤森誠,委員,委員12,12,12
第4期(2025年9月〜2026年9月),建設環境経済常任委員会,M018,山田光昭,委員長,委員長12,12,12
第4期(2025年9月〜2026年9月),建設環境経済常任委員会,M019,横田英樹,委員,委員12,12,12
第4期(2025年9月〜2026年9月),文教厚生常任委員会,M002,入江啓太,副委員長,副委員長20,20,20
第4期(2025年9月〜2026年9月),文教厚生常任委員会,M005,大西由紀,委員,委員20,20,20
第4期(2025年9月〜2026年9月),文教厚生常任委員会,M009,迫川高行,委員長,委員長20,20,20
第4期(2025年9月〜2026年9月),文教厚生常任委員会,M011,島津明香,委員,委員20,20,20
第4期(2025年9月〜2026年9月),文教厚生常任委員会,M012,鈴木利信,委員,委員20,20,20
第4期(2025年9月〜2026年9月),文教厚生常任委員会,M013,鷹尾治久,委員,委員20,20,20
第4期(2025年9月〜2026年9月),決算特別委員会,M002,入江啓太,委員長,委員長12,12,12
第4期(2025年9月〜2026年9月),決算特別委員会,M007,北野誠一郎,委員,委員12,12,12
第4期(2025年9月〜2026年9月),決算特別委員会,M008,坂本まり,委員,委員12,12,12
第4期(2025年9月〜2026年9月),決算特別委員会,M010,芝本鎮彰,委員,委員12,12,12
第4期(2025年9月〜2026年9月),決算特別委員会,M011,島津明香,委員,委員12,12,12
第4期(2025年9月〜2026年9月),決算特別委員会,M014,春増勝利,副委員長,副委員長12,12,12
第4期(2025年9月〜2026年9月),決算特別委員会,M018,山田光昭,委員,委員12,12,12
第4期(2025年9月〜2026年9月),総務常任委員会,M003,今竹大祐,委員,委員13,13,13
第4期(2025年9月〜2026年9月),総務常任委員会,M004,岩見明,委員長,委員長13,13,13
第4期(2025年9月〜2026年9月),総務常任委員会,M007,北野誠一郎,委員,委員13,13,13
第4期(2025年9月〜2026年9月),総務常任委員会,M008,坂本まり,委員,委員13,13,13
第4期(2025年9月〜2026年9月),総務常任委員会,M010,芝本鎮彰,委員,委員13,13,13
第4期(2025年9月〜2026年9月),総務常任委員会,M016,松野優也,副委員長,副委員長8/委員4,12,13
第4期(2025年9月〜2026年9月),総務常任委員会,M017,森秀樹,委員,委員8/副委員長5,13,13
第4期(2025年9月〜2026年9月),行政課題等調査検討特別委員会,M001,石崎徹,委員,委員7,7,7
第4期(2025年9月〜2026年9月),行政課題等調査検討特別委員会,M003,今竹大祐,委員,委員7,7,7
第4期(2025年9月〜2026年9月),行政課題等調査検討特別委員会,M007,北野誠一郎,委員長,委員長7,7,7
第4期(2025年9月〜2026年9月),行政課題等調査検討特別委員会,M008,坂本まり,委員,委員7,7,7
第4期(2025年9月〜2026年9月),行政課題等調査検討特別委員会,M015,藤森誠,副委員長,副委員長7,7,7
第4期(2025年9月〜2026年9月),行政課題等調査検討特別委員会,M016,松野優也,委員,委員6,6,7
第4期(2025年9月〜2026年9月),行政課題等調査検討特別委員会,M017,森秀樹,委員,委員7,7,7
第4期(2025年9月〜2026年9月),議会運営委員会,M003,今竹大祐,委員,委員34,34,36
第4期(2025年9月〜2026年9月),議会運営委員会,M004,岩見明,委員,委員2,2,36
第4期(2025年9月〜2026年9月),議会運営委員会,M005,大西由紀,委員,委員1,1,36
第4期(2025年9月〜2026年9月),議会運営委員会,M006,川端宏明,議長,副委員長1/議長35,36,36
第4期(2025年9月〜2026年9月),議会運営委員会,M007,北野誠一郎,委員,委員36,36,36
第4期(2025年9月〜2026年9月),議会運営委員会,M008,坂本まり,委員,委員34,34,36
第4期(2025年9月〜2026年9月),議会運営委員会,M009,迫川高行,委員,議長1/委員35,36,36
第4期(2025年9月〜2026年9月),議会運営委員会,M011,島津明香,委員長,副議長1/委員長35,36,36
第4期(2025年9月〜2026年9月),議会運営委員会,M013,鷹尾治久,委員,委員長1/委員35,36,36
第4期(2025年9月〜2026年9月),議会運営委員会,M014,春増勝利,委員,委員1,1,36
第4期(2025年9月〜2026年9月),議会運営委員会,M017,森秀樹,副議長,副議長35,35,36
第4期(2025年9月〜2026年9月),議会運営委員会,M018,山田光昭,副委員長,委員1/副委員長35,36,36
第4期(2025年9月〜2026年9月),議会運営委員会,M019,横田英樹,委員,委員1,1,36
