fileName,開催日,会議名,議事日程(先頭200字),質問の種別,質問のまとまり数,議席表の人数,発言数
R040920A,令和 4年 9月20日,令和 4年 9月定例会（第 1日 9月20日）,議席の決定(仮議席) 会議録署名議員の決定 会期の決定 高議第34号 議長の選挙について 高議第35号 副議長の選挙について 議席の決定 高議第36号 常任委員会委員の選任について 高議第37号 議会運営委員会委員の定数及び選任について,,0,18,37
R040922A,令和 4年 9月22日,令和 4年 9月定例会（第 2日 9月22日）,会議録署名議員の決定 諸報告(被爆77周年長崎原爆犠牲者慰霊平和祈念式典について) 市長の提案理由の説明,,0,19,4
R040926A,令和 4年 9月26日,令和 4年 9月定例会（第 3日 9月26日）,会議録署名議員の決定 高報第 8号 専決処分をしたものにつき承認を求めることについて 高報第 9号 健全化判断比率及び資金不足比率の報告について 高議第38号 財産の無償譲渡について 高議第39号 財産の無償譲渡について 高議第40号 市有土地の売却について 高議第41号 高砂市職員の定年等に関する条例等の一部を改正する等の条 高議第42号 高砂市職員の高齢者部分休業に関する条例を定めることにつ ,,0,19,379
R040927A,令和 4年 9月27日,令和 4年 9月定例会（第 4日 9月27日）,会議録署名議員の決定 高予第25号 第3回令和4年度高砂市一般会計補正予算 高予第26号 第1回令和4年度高砂市国民健康保険事業特別会計補正予算 高予第27号 第1回令和4年度高砂市後期高齢者医療事業特別会計補正予 高予第28号 第1回令和4年度高砂市介護保険事業特別会計補正予算 高予第29号 第2回令和4年度高砂市広域ごみ処理事業特別会計補正予算 高予第30号 第2回令和4年度高砂市水道事業会計,,0,19,339
R040929A,令和 4年 9月29日,令和 4年 9月定例会（第 5日 9月29日）,会議録署名議員の決定 一般質問,一般質問,7,19,164
R040930A,令和 4年 9月30日,令和 4年 9月定例会（第 6日 9月30日）,会議録署名議員の決定 一般質問,一般質問,6,19,142
R041005A,令和 4年10月 5日,令和 4年 9月定例会（第 7日10月 5日）,会議録署名議員の決定 高議第38号 財産の無償譲渡について 高議第39号 財産の無償譲渡について 高議第40号 市有土地の売却について 高議第41号 高砂市職員の定年等に関する条例等の一部を改正する等の条 高議第42号 高砂市職員の高齢者部分休業に関する条例を定めることにつ 高議第43号 高砂市職員の育児休業等に関する条例の一部を改正する条例 高議第44号 東播臨海広域クリーンセンター運営基金条例,,0,19,551
R041205A,令和 4年12月 5日,令和 4年12月定例会（第 1日12月 5日）,会議録署名議員の決定 会期の決定 市長の提案理由の説明,,0,19,5
R041206A,令和 4年12月 6日,令和 4年12月定例会（第 2日12月 6日）,会議録署名議員の決定 高報第10号 専決処分をしたものにつき承認を求めることについて 高報第11号 専決処分をしたものにつき承認を求めることについて 高議第60号 財産の無償譲渡について 高議第61号 指定管理者の指定について 高議第62号 姫路市及び高砂市における連携中枢都市圏形成に係る連携協 高議第63号 高砂市職員の給与に関する条例の一部を改正する条例を定め 高議第64号 特別職の職員で常勤,,0,19,418
R041207A,令和 4年12月 7日,令和 4年12月定例会（第 3日12月 7日）,会議録署名議員の決定 高予第35号 第6回令和4年度高砂市一般会計補正予算 高予第36号 第2回令和4年度高砂市国民健康保険事業特別会計補正予算 高予第37号 第2回令和4年度高砂市後期高齢者医療事業特別会計補正予 高予第38号 第2回令和4年度高砂市介護保険事業特別会計補正予算 高予第39号 第3回令和4年度高砂市広域ごみ処理事業特別会計補正予算 高予第40号 第3回令和4年度高砂市水道事業会計,,0,19,418
R041209A,令和 4年12月 9日,令和 4年12月定例会（第 4日12月 9日）,会議録署名議員の決定 一般質問,一般質問,8,19,212
R041212A,令和 4年12月12日,令和 4年12月定例会（第 5日12月12日）,会議録署名議員の決定 一般質問,一般質問,6,19,153
R041216A,令和 4年12月16日,令和 4年12月定例会（第 6日12月16日）,会議録署名議員の決定 高議第60号 財産の無償譲渡について 高議第61号 指定管理者の指定について 高議第62号 姫路市及び高砂市における連携中枢都市圏形成に係る連携協 高議第63号 高砂市職員の給与に関する条例の一部を改正する条例を定め 高議第64号 特別職の職員で常勤のものの給与に関する条例の一部を改正 高議第65号 議会議員の議員報酬及び費用弁償に関する条例の一部を改正 高議第66号 高砂市,,0,19,417
R050222A,令和 5年 2月22日,令和 5年 3月定例会（第 1日 2月22日）,会議録署名議員の決定 会期の決定 市長の施政方針並びに提案理由の説明,,0,19,5
R050224A,令和 5年 2月24日,令和 5年 3月定例会（第 2日 2月24日）,会議録署名議員の決定 高報第 1号 審査請求の却下について 高議第 1号 高砂市庁舎建設基金条例を廃止する条例を定めることについ 高議第 2号 高砂市市営住宅条例の一部を改正する条例を定めることにつ 高予第 1号 第8回令和4年度高砂市一般会計補正予算,,0,19,420
R050227A,令和 5年 2月27日,令和 5年 3月定例会（第 3日 2月27日）,会議録署名議員の決定 高予第 1号 第8回令和4年度高砂市一般会計補正予算 高予第 2号 第3回令和4年度高砂市国民健康保険事業特別会計補正予算 高予第 3号 第3回令和4年度高砂市後期高齢者医療事業特別会計補正予 高予第 4号 第3回令和4年度高砂市介護保険事業特別会計補正予算 高予第 5号 第4回令和4年度高砂市広域ごみ処理事業特別会計補正予算 高予第 6号 第4回令和4年度高砂市水道事業会計,,0,19,194
R050302A,令和 5年 3月 2日,令和 5年 3月定例会（第 4日 3月 2日）,会議録署名議員の決定 高議第 1号 高砂市庁舎建設基金条例を廃止する条例を定めることについ 高議第 2号 高砂市市営住宅条例の一部を改正する条例を定めることにつ 高予第 1号 第8回令和4年度高砂市一般会計補正予算 高予第 2号 第3回令和4年度高砂市国民健康保険事業特別会計補正予算 高予第 3号 第3回令和4年度高砂市後期高齢者医療事業特別会計補正予 高予第 4号 第3回令和4年度高砂市介護保険,,0,19,98
R050303A,令和 5年 3月 3日,令和 5年 3月定例会（第 5日 3月 3日）,会議録署名議員の決定 諸報告(中期財政計画について),,0,19,186
R050306A,令和 5年 3月 6日,令和 5年 3月定例会（第 6日 3月 6日）,会議録署名議員の決定 施政方針並びに提案説明に対する総括質問,代表質問(会議録上は総括質問),5,19,88
R050307A,令和 5年 3月 7日,令和 5年 3月定例会（第 7日 3月 7日）,会議録署名議員の決定 高議第 3号 市道路線の認定について 高報第 4号 市道路線の変更について 高議第 5号 姫路市道認定に関し承諾をすることについて 高議第 6号 高砂市民病院将来構想検討委員会条例を定めることについて 高議第 7号 高砂市職員の定年等に関する条例の一部を改正する条例を定 高議第 8号 高砂市見守りカメラの設置及び運用に関する条例を定めるこ 高議第 9号 高砂市医療費助成条例の,,0,19,364
R050308A,令和 5年 3月 8日,令和 5年 3月定例会（第 8日 3月 8日）,会議録署名議員の決定 高予第9号 令和5年度高砂市一般会計予算,,0,19,298
R050309A,令和 5年 3月 9日,令和 5年 3月定例会（第 9日 3月 9日）,会議録署名議員の決定 高予第9号 令和5年度高砂市一般会計予算,,0,19,265
R050310A,令和 5年 3月10日,令和 5年 3月定例会（第10日 3月10日）,会議録署名議員の決定 高予第9号 令和5年度高砂市一般会計予算,,0,19,375
R050313A,令和 5年 3月13日,令和 5年 3月定例会（第11日 3月13日）,会議録署名議員の決定 高予第9号 令和5年度高砂市一般会計予算,,0,19,440
R050314A,令和 5年 3月14日,令和 5年 3月定例会（第12日 3月14日）,会議録署名議員の決定 高予第 9号 令和5年度高砂市一般会計予算 高議第10号 高砂市国民健康保険条例の一部を改正する条例を定めること 高予第10号 令和5年度高砂市国民健康保険事業特別会計予算 高予第11号 令和5年度高砂市後期高齢者医療事業特別会計予算 高予第12号 令和5年度高砂市介護保険事業特別会計予算 高予第13号 令和5年度高砂市水道事業会計予算 高予第14号 令和5年度高砂市工業用水,,0,19,277
R050315A,令和 5年 3月15日,令和 5年 3月定例会（第13日 3月15日）,会議録署名議員の決定 一般質問,一般質問,7,19,151
R050316A,令和 5年 3月16日,令和 5年 3月定例会（第14日 3月16日）,会議録署名議員の決定 一般質問,一般質問,3,19,57
R050327A,令和 5年 3月27日,令和 5年 3月定例会（第15日 3月27日）,会議録署名議員の決定 高議第 3号 市道路線の認定について 高議第 4号 市道路線の変更について 高議第 5号 姫路市道認定に関し承諾することについて 高議第 6号 高砂市民病院将来構想検討委員会条例を定めることについて 高議第 7号 高砂市職員の定年等に関する条例の一部を改正する条例を定 高議第 8号 高砂市見守りカメラの設置及び運用に関する条例を定めるこ 高議第 9号 高砂市医療費助成条例の一,,0,19,329
R050522A,令和 5年 5月22日,令和 5年 5月臨時会（第 1日 5月22日）,会議録署名議員の決定 会期の決定 市長の提案理由の説明 高報第 2号 専決処分をしたものにつき承認を求めることについて 高報第 3号 専決処分をしたものにつき承認を求めることについて 高報第 4号 専決処分をしたものにつき承認を求めることについて 高議第21号 工事請負契約を締結することについて 高議第22号 製造請負契約を締結することについて 高議第23号 高砂市市税条例の一部を改正する条例を定,,0,19,158
R050619A,令和 5年 6月19日,令和 5年 6月定例会（第 1日 6月19日）,会議録署名議員の決定 会期の決定 諸報告(全国市議会議長会8年正副議長の表彰・永年勤続議員の表彰につい 市長の提案理由の説明 諸報告(高砂市行政経営プラン),,0,19,145
R050620A,令和 5年 6月20日,令和 5年 6月定例会（第 2日 6月20日）,会議録署名議員の決定 高報第 5号 専決処分をしたものにつき承認を求めることについて 高報第 6号 専決処分をしたものにつき承認を求めることについて 高報第 7号 令和4年度高砂市一般会計繰越明許費繰越計算書について 高報第 8号 令和4年度高砂市一般会計事故繰越し繰越計算書について 高報第 9号 令和4年度高砂市水道事業会計予算繰越計算書について 高報第10号 令和4年度高砂市下水道事業会計予算,,0,19,376
R050621A,令和 5年 6月21日,令和 5年 6月定例会（第 3日 6月21日）,会議録署名議員の決定 高予第18号 第2回令和5年度高砂市一般会計補正予算 高予第19号 第2回令和5年度高砂市水道事業会計補正予算 高予第20号 第1回令和5年度高砂市病院事業会計補正予算 陳情のこと  子どものために保育士の配置基準を引き上げるよう、国に対 陳情のこと  国に対し、適格請求書等保存方式(インボイス制度)の延期 陳情のこと  「高砂市野球場の改修」に関する陳情書 陳情のこと  少,,0,19,274
R050623A,令和 5年 6月23日,令和 5年 6月定例会（第 4日 6月23日）,会議録署名議員の決定 一般質問,一般質問,8,19,194
R050626A,令和 5年 6月26日,令和 5年 6月定例会（第 5日 6月26日）,会議録署名議員の決定 一般質問,一般質問,6,19,138
R050630A,令和 5年 6月30日,令和 5年 6月定例会（第 6日 6月30日）,会議録署名議員の決定 高議第24号 工事請負契約を締結することについて 高議第25号 高砂市特別職報酬等審議会条例の一部を改正する条例を定め 高議第26号 高砂市新型コロナウイルス対策基金条例を廃止する条例を定 高議第27号 高砂市生石体育センター条例を廃止する条例を定めることに 高議第28号 高砂市総合運動公園体育施設管理条例の一部を改正する条例 高議第29号 高砂市火災予防条例の一部を改正する,,0,19,168
R050912A,令和 5年 9月12日,令和 5年 9月定例会（第 1日 9月12日）,会議録署名議員の決定 会期の決定 諸報告(広島市原爆死没者慰霊式並びに平和祈念式について) 市長の提案理由の説明 諸報告(高砂市民病院経営改善対策特別委員会の中間報告について),,0,19,10
R050913A,令和 5年 9月13日,令和 5年 9月定例会（第 2日 9月13日）,会議録署名議員の決定 高議第46号 議長の選挙について 高議第47号 副議長の選挙について 議席の変更 高議第48号 常任委員会委員の選任について 高議第49号 議会運営委員会委員の定数及び選任について 高砂市民病院経営改善対策特別委員会委員の辞任について 高砂市民病院経営改善対策特別委員会委員の選任について 高議第50号 高砂市選挙管理委員及び補充員の選挙について 高議第51号 兵庫県後期高齢者,,0,18,55
R050914A,令和 5年 9月14日,令和 5年 9月定例会（第 3日 9月14日）,会議録署名議員の決定 高議第52号 損害賠償の額を定めることについて 高報第13号 健全化判断比率及び資金不足比率の報告について 高議第34号 高砂市印鑑条例の一部を改正する条例を定めることについて 高議第35号 高砂市廃棄物の処理及び清掃に関する条例の一部を改正する 高議第36号 高砂市火災予防条例の一部を改正する条例を定めることにつ 高予第21号 第3回令和5年度高砂市一般会計補正予算,,0,19,320
R050915A,令和 5年 9月15日,令和 5年 9月定例会（第 4日 9月15日）,会議録署名議員の決定 高予第21号 第3回令和5年度高砂市一般会計補正予算 高予第22号 第1回令和5年度高砂市国民健康保険事業特別会計補正予算 高予第23号 第1回令和5年度高砂市後期高齢者医療事業特別会計補正予 高予第24号 第1回令和5年度高砂市介護保険事業特別会計補正予算 高予第25号 第3回令和5年度高砂市水道事業会計補正予算 高予第26号 第1回令和5年度高砂市工業用水道事業会計補正予,,0,19,250
R050920A,令和 5年 9月20日,令和 5年 9月定例会（第 5日 9月20日）,会議録署名議員の決定 一般質問,一般質問,8,19,198
R050921A,令和 5年 9月21日,令和 5年 9月定例会（第 6日 9月21日）,会議録署名議員の決定 一般質問,一般質問,6,19,130
R050927A,令和 5年 9月27日,令和 5年 9月定例会（第 7日 9月27日）,会議録署名議員の決定 高議第34号 高砂市印鑑条例の一部を改正する条例を定めることについて 高議第35号 高砂市廃棄物の処理及び清掃に関する条例の一部を改正する 高議第36号 高砂市火災予防条例の一部を改正する条例を定めることにつ 高予第21号 第3回令和5年度高砂市一般会計補正予算 高予第22号 第1回令和5年度高砂市国民健康保険事業特別会計補正予算 高予第23号 第1回令和5年度高砂市後期高齢,,0,19,415
R051205A,令和 5年12月 5日,令和 5年12月定例会（第 1日12月 5日）,会議録署名議員の決定 会期の決定 市長の提案理由の説明,,0,19,6
R051206A,令和 5年12月 6日,令和 5年12月定例会（第 2日12月 6日）,会議録署名議員の決定 高報第14号 専決処分をしたものにつき承認を求めることについて 高報第15号 専決処分をしたものにつき承認を求めることについて 高議第54号 指定管理者の指定について 高議第55号 指定管理者の指定について 高議第56号 指定管理者の指定について 高議第57号 指定管理者の指定について 高議第58号 指定管理者の指定について 高議第59号 指定管理者の指定について 高議第60,,0,19,324
R051207A,令和 5年12月 7日,令和 5年12月定例会（第 3日12月 7日）,会議録署名議員の決定 高議第63号 高砂市会計年度任用職員の給与等に関する条例の一部を改正 高議第64号 高砂市減債基金条例の一部を改正する条例を定めることにつ 高議第65号 高砂市地域交流センター条例を定めることについて 高議第66号 高砂市市民サービスコーナー及び市民コーナー設置条例の一 高議第67号 高砂市子育て支援センター条例の一部を改正する条例を定め 高議第68号 高砂市立幼保連携型認定,,0,19,405
R051208A,令和 5年12月 8日,令和 5年12月定例会（第 4日12月 8日）,会議録署名議員の決定 高予第29号 第7回令和5年度高砂市一般会計補正予算 高予第30号 第2回令和5年度高砂市国民健康保険事業特別会計補正予算 高予第31号 第2回令和5年度高砂市後期高齢者医療事業特別会計補正予 高予第32号 第2回令和5年度高砂市介護保険事業特別会計補正予算 高予第33号 第4回令和5年度高砂市水道事業会計補正予算 高予第34号 第2回令和5年度高砂市工業用水道事業会計補正予,,0,19,526
R051211A,令和 5年12月11日,令和 5年12月定例会（第 5日12月11日）,会議録署名議員の決定 一般質問,一般質問,7,19,167
R051212A,令和 5年12月12日,令和 5年12月定例会（第 6日12月12日）,会議録署名議員の決定,,0,19,3
R051218A,令和 5年12月18日,令和 5年12月定例会（第 7日12月18日）,会議録署名議員の決定 一般質問 高議第54号 指定管理者の指定について 高議第55号 指定管理者の指定について 高議第56号 指定管理者の指定について 高議第57号 指定管理者の指定について 高議第58号 指定管理者の指定について 高議第59号 指定管理者の指定について 高議第60号 指定管理者の指定について 高議第61号 高砂市職員の給与に関する条例の一部を改正する条例を定め 高議第62号 特別,一般質問,6,19,450
R051219A,令和 5年12月19日,令和 5年12月定例会（第 8日12月19日）,会議録署名議員の決定 諸報告(高砂市民病院将来構想(案)) 高議第79号 損害賠償の額を定めることについて 高議第80号 高砂市国民健康保険条例の一部を改正する条例を定めること 高予第37号 第8回令和5年度高砂市一般会計補正予算 高予第38号 第3回令和5年度高砂市国民健康保険事業特別会計補正予算 閉会中の継続調査の申し出について,,0,19,232
R060205A,令和 6年 2月 5日,令和 6年 2月臨時会（第 1日 2月 5日）,会議録署名議員の決定 会期の決定 市長の提案理由の説明 高報第 1号 専決処分をしたものにつき承認を求めることについて 高予第 1号 第9回令和5年度高砂市一般会計補正予算,,0,19,68
R060226A,令和 6年 2月26日,令和 6年 3月定例会（第 1日 2月26日）,会議録署名議員の決定 会期の決定 市長の提案理由の説明 高議第 1号 高砂市手数料条例の一部を改正する条例を定めることについ,,0,19,13
R060227A,令和 6年 2月27日,令和 6年 3月定例会（第 2日 2月27日）,会議録署名議員の決定 高議第 2号 高砂市市営住宅条例の一部を改正する条例を定めることにつ 高予第 2号 第10回令和5年度高砂市一般会計補正予算 高予第 3号 第4回令和5年度高砂市国民健康保険事業特別会計補正予算 高予第 4号 第3回令和5年度高砂市後期高齢者医療事業特別会計補正予 高予第 5号 第3回令和5年度高砂市介護保険事業特別会計補正予算 高予第 6号 第5回令和5年度高砂市水道事業会,,0,19,402
R060228A,令和 6年 2月28日,令和 6年 3月定例会（第 3日 2月28日）,会議録署名議員の決定 高予第 3号 第4回令和5年度高砂市国民健康保険事業特別会計補正予算 高予第 4号 第3回令和5年度高砂市後期高齢者医療事業特別会計補正予 高予第 5号 第3回令和5年度高砂市介護保険事業特別会計補正予算 高予第 6号 第5回令和5年度高砂市水道事業会計補正予算 高予第 7号 第3回令和5年度高砂市下水道事業会計補正予算 高予第 8号 第3回令和5年度高砂市病院事業会計補正予,,0,19,34
R060301A,令和 6年 3月 1日,令和 6年 3月定例会（第 4日 3月 1日）,会議録署名議員の決定 高議第 2号 高砂市市営住宅条例の一部を改正する条例を定めることにつ 高予第 2号 第10回令和5年度高砂市一般会計補正予算 高予第 3号 第4回令和5年度高砂市国民健康保険事業特別会計補正予算 高予第 4号 第3回令和5年度高砂市後期高齢者医療事業特別会計補正予 高予第 5号 第3回令和5年度高砂市介護保険事業特別会計補正予算 高予第 6号 第5回令和5年度高砂市水道事業会,,0,19,82
R060304A,令和 6年 3月 4日,令和 6年 3月定例会（第 5日 3月 4日）,会議録署名議員の決定 高議第 3号 市道路線の認定について 高議第 4号 市道路線の変更について 高議第 5号 兵庫県市町村職員退職手当組合を組織する地方公共団体の数 高議第 6号 行政手続における特定の個人を識別するための番号の利用等 高議第 7号 高砂市公益的法人等への職員の派遣等に関する条例の一部を 高議第 8号 高砂市会計年度任用職員の給与等に関する条例及び高砂市企 高議第 9号 高砂市手,,0,19,349
R060305A,令和 6年 3月 5日,令和 6年 3月定例会（第 6日 3月 5日）,会議録署名議員の決定 高予第9号 令和6年度高砂市一般会計予算,,0,19,358
R060306A,令和 6年 3月 6日,令和 6年 3月定例会（第 7日 3月 6日）,会議録署名議員の決定 高予第 9号 令和6年高砂市一般会計予算 高議第10号 高砂市国民健康保険条例の一部を改正する条例を定めること 高予第10号 令和6年度高砂市国民健康保険事業特別会計予算 高予第11号 令和6年度高砂市後期高齢者医療事業特別会計予算 高議第11号 高砂市介護保険条例の一部を改正する条例を定めることにつ 高予第12号 令和6年度高砂市介護保険事業特別会計予算 高予第13号 令和,,0,19,538
R060307A,令和 6年 3月 7日,令和 6年 3月定例会（第 8日 3月 7日）,会議録署名議員の決定 一般質問,一般質問,8,19,182
R060308A,令和 6年 3月 8日,令和 6年 3月定例会（第 9日 3月 8日）,会議録署名議員の決定 一般質問,一般質問,5,19,120
R060313A,令和 6年 3月13日,令和 6年 3月定例会（第10日 3月13日）,会議録署名議員の決定 高議第 3号 市道路線の認定について 高議第 4号 市道路線の変更について 高議第 5号 兵庫県市町村職員退職手当組合を組織する地方公共団体の数 高議第 6号 行政手続における特定の個人を識別するための番号の利用等 高議第 7号 高砂市公益的法人等への職員の派遣等に関する条例の一部を 高議第 8号 高砂市会計年度任用職員の給与等に関する条例及び高砂市企 高議第 9号 高砂市手,,0,19,252
R060604A,令和 6年 6月 4日,令和 6年 6月定例会（第 1日 6月 4日）,会議録署名議員の決定 会期の決定 市長の施政方針並びに提案理由の説明 諸報告(中間財政計画について),,0,19,99
R060605A,令和 6年 6月 5日,令和 6年 6月定例会（第 2日 6月 5日）,会議録署名議員の決定 施政方針並びに提案説明に対する総括質問,代表質問(会議録上は総括質問),5,19,78
R060606A,令和 6年 6月 6日,令和 6年 6月定例会（第 3日 6月 6日）,会議録署名議員の決定 高報第 2号 専決処分をしたものにつき承認を求めることについて 高報第 3号 専決処分をしたものにつき承認を求めることについて 高報第 4号 令和5年度高砂市一般会計繰越明許費繰越計算書について 高報第 5号 令和5年度高砂市下水道事業会計予算繰越計算書について 高報第 6号 令和5年度高砂市病院事業会計予算繰越計算書について 高報第 7号 一般財団法人高砂市勤労福祉財団の経,,0,19,363
R060607A,令和 6年 6月 7日,令和 6年 6月定例会（第 4日 6月 7日）,会議録署名議員の決定 高議第34号 高砂市いじめ問題調査委員会条例を定めることについて 高議第35号 特別職の職員で非常勤のものの報酬及び費用弁償に関する条 高議第36号 高砂市下水道条例の一部を改正する条例を定めることについ 高予第18号 第1回令和6年度高砂市一般会計補正予算,,0,19,368
R060610A,令和 6年 6月10日,令和 6年 6月定例会（第 5日 6月10日）,会議録署名議員の決定 高予第18号 第1回令和6年度高砂市一般会計補正予算 高予第19号 第1回令和6年度高砂市水道事業会計補正予算 陳情のこと  ガザ地区の人命保護および即時停戦を求める決議を求める陳 陳情のこと  少人数学級・教職員定数の改善及び義務教育費国庫負担制度 陳情のこと  日本政府にミャンマー軍が実施した徴兵制に対し、在留ミャ,,0,19,447
R060611A,令和 6年 6月11日,令和 6年 6月定例会（第 6日 6月11日）,会議録署名議員の決定 一般質問,一般質問,7,19,158
R060612A,令和 6年 6月12日,令和 6年 6月定例会（第 7日 6月12日）,会議録署名議員の決定 一般質問,一般質問,3,19,75
R060618A,令和 6年 6月18日,令和 6年 6月定例会（第 8日 6月18日）,会議録署名議員の決定 高議第24号 委託基本協定を締結することについて 高議第25号 指定管理者の指定期間の延長について 高議第26号 兵庫県市町村職員退職手当組合規約の変更について 高議第27号 兵庫県後期高齢者医療広域連合規約の変更について 高議第28号 高砂市工楽松右衛門旧宅条例の一部を改正する条例を定める 高議第29号 高砂市コミュニティ基金条例を廃止する条例を定めることに 高議第30号 ,,0,19,243
R060910A,令和 6年 9月10日,令和 6年 9月定例会（第 1日 9月10日）,会議録署名議員の決定 会期の決定 諸報告(被爆79周年長崎原爆犠牲者慰霊平和祈念式典について) 市長の提案理由の説明 諸報告(高砂市民病院経営改善対策特別委員会の報告について),,0,19,9
R060911A,令和 6年 9月11日,令和 6年 9月定例会（第 2日 9月11日）,会議録署名議員の決定 高議第57号 議長の選挙について 高議第58号 副議長の選挙について 議席の変更 高議第59号 常任委員会委員の選任について 高議第60号 議会運営委員会委員の定数及び選任について,,0,18,47
R060912A,令和 6年 9月12日,令和 6年 9月定例会（第 3日 9月12日）,会議録署名議員の決定 高報第 9号 健全化判断比率及び資金不足比率の報告について 高議第42号 工事請負契約を締結することについて 高議第43号 財産の無償譲渡について 高議第44号 財産の無償譲渡について 高議第45号 高砂市国民健康保険条例の一部を改正する条例を定めること 高議第46号 行政手続における特定の個人を識別するための番号の利用等 高議第47号 高砂市急傾斜地崩壊対策事業分担金徴収条,,0,19,372
R060913A,令和 6年 9月13日,令和 6年 9月定例会（第 4日 9月13日）,会議録署名議員の決定 高予第20号 第2回令和6年度高砂市一般会計補正予算 高予第21号 第1回令和6年度高砂市国民健康保険事業特別会計補正予算 高予第22号 第1回令和6年度高砂市後期高齢者医療事業特別会計補正予 高予第23号 第1回令和6年度高砂市介護保険事業特別会計補正予算 高予第24号 第2回令和6年度高砂市水道事業会計補正予算 高予第25号 第1回令和6年度高砂市下水道事業会計補正予算 ,,0,19,286
R060918A,令和 6年 9月18日,令和 6年 9月定例会（第 5日 9月18日）,会議録署名議員の決定 一般質問,一般質問,8,19,210
R060919A,令和 6年 9月19日,令和 6年 9月定例会（第 6日 9月19日）,会議録署名議員の決定 一般質問,一般質問,6,19,116
R060926A,令和 6年 9月26日,令和 6年 9月定例会（第 7日 9月26日）,会議録署名議員の決定 高議第42号 工事請負契約を締結することについて 高議第43号 財産の無償譲渡について 高議第44号 財産の無償譲渡について 高議第45号 高砂市国民健康保険条例の一部を改正する条例を定めること 高議第46号 行政手続における特定の個人を識別するための番号の利用等 高議第47号 高砂市急傾斜地崩壊対策事業分担金徴収条例を定めることに 高議第48号 高砂市立学校条例等の一部を改,,0,19,350
R061203A,令和 6年12月 3日,令和 6年12月定例会（第 1日12月 3日）,会議録署名議員の決定 会期の決定 市長の提案理由の説明,,0,19,5
R061204A,令和 6年12月 4日,令和 6年12月定例会（第 2日12月 4日）,会議録署名議員の決定 高報第10号 専決処分をしたものにつき承認を求めることについて 高報第11号 専決処分をしたものにつき承認を求めることについて 高報第12号 専決処分をしたものにつき承認を求めることについて 高議第64号 指定管理者の指定について 高議第65号 指定管理者の指定について 高議第66号 姫路市及び高砂市における連携中枢都市圏形成に係る連携協 高議第67号 高砂市建築手数料条例の,,0,19,528
R061205A,令和 6年12月 5日,令和 6年12月定例会（第 3日12月 5日）,会議録署名議員の決定 高予第26号 第6回令和6年度高砂市一般会計補正予算 高予第30号 第1回令和6年度高砂市病院事業会計補正予算 高予第27号 第2回令和6年度高砂市介護保険事業特別会計補正予算 高予第28号 第3回令和6年度高砂市水道事業会計補正予算 高予第29号 第2回令和6年度高砂市下水道事業会計補正予算 陳情のこと  臓器移植に関わる不正取引、非人道性が疑われる国への渡航,,0,19,315
R061209A,令和 6年12月 9日,令和 6年12月定例会（第 4日12月 9日）,会議録署名議員の決定 一般質問,一般質問,7,19,182
R061210A,令和 6年12月10日,令和 6年12月定例会（第 5日12月10日）,会議録署名議員の決定 一般質問,一般質問,6,19,154
R061213A,令和 6年12月13日,令和 6年12月定例会（第 6日12月13日）,会議録署名議員の決定 高議第64号 指定管理者の指定について 高議第65号 指定管理者の指定について 高議第66号 姫路市及び高砂市における連携中枢都市圏形成に係る連携協 高議第67号 高砂市建築手数料条例の一部を改正する条例を定めることに 高予第26号 第6回令和6年度高砂市一般会計補正予算 高予第27号 第2回令和6年度高砂市介護保険事業特別会計補正予算 高予第28号 第3回令和6年度高砂市水,,0,19,121
R061216A,令和 6年12月16日,令和 6年12月定例会（第 7日12月16日）,会議録署名議員の決定 高議第68号 高砂市職員の給与に関する条例の一部を改正する条例を定め 高議第69号 特別職の職員で常勤のものの給与に関する条例の一部を改正 高議第70号 議会議員の議員報酬及び費用弁償に関する条例の一部を改正 高議第71号 高砂市会計年度任用職員の給与等に関する条例の一部を改正 高予第31号 第7回令和6年度高砂市一般会計補正予算 高予第32号 第2回令和6年度高砂市国民健康,,0,19,204
R070121A,令和 7年 1月21日,令和 7年 1月臨時会（第 1日 1月21日）,会議録署名議員の決定 会期の決定 市長の提案理由の説明 高報第 1号 専決処分をしたものにつき承認を求めることについて 高予第 1号 第8回令和6年度高砂市一般会計補正予算,,0,19,60
R070225A,令和 7年 2月25日,令和 7年 3月定例会（第 1日 2月25日）,会議録署名議員の決定 会期の決定 市長の施政方針並びに提案理由の説明 諸報告(行政課題等調査検討特別委員会の中間報告について),,0,19,9
R070226A,令和 7年 2月26日,令和 7年 3月定例会（第 2日 2月26日）,会議録署名議員の決定 高報第 2号 専決処分をしたものにつき承認を求めることについて 高報第 3号 専決処分をしたものにつき承認を求めることについて 高報第 4号 専決処分をしたものにつき承認を求めることについて 高議第 1号 財産の無償譲渡について 高議第 2号 権利の放棄について 高議第 3号 高砂市市営住宅条例の一部を改正する条例を定めることにつ 高予第 2号 第10回令和6年度高砂市一般会,,0,19,397
R070227A,令和 7年 2月27日,令和 7年 3月定例会（第 3日 2月27日）,会議録署名議員の決定 高予第 2号 第10回令和6年度高砂市一般会計補正予算 高予第 8号 第3回令和6年度高砂市病院事業会計補正予算 高予第 3号 第3回令和6年度高砂市国民健康保険事業特別会計補正予算 高予第 4号 第3回令和6年度高砂市後期高齢者医療事業特別会計補正予 高予第 5号 第4回令和6年度高砂市介護保険事業特別会計補正予算 高予第 6号 第5回令和6年度高砂市水道事業会計補正予算 ,,0,19,329
R070304A,令和 7年 3月 4日,令和 7年 3月定例会（第 4日 3月 4日）,会議録署名議員の決定 高議第 1号 財産の無償譲渡について 高議第 2号 権利の放棄について 高議第 3号 高砂市市営住宅条例の一部を改正する条例を定めることにつ 高予第 2号 第10回令和6年度高砂市一般会計補正予算 高予第 3号 第3回令和6年度高砂市国民健康保険事業特別会計補正予算 高予第 4号 第3回令和6年度高砂市後期高齢者医療事業特別会計補正予 高予第 5号 第4回令和6年度高砂市介護,,0,19,86
R070305A,令和 7年 3月 5日,令和 7年 3月定例会（第 5日 3月 5日）,会議録署名議員の決定 諸報告(中期財政計画について),,0,19,107
R070306A,令和 7年 3月 6日,令和 7年 3月定例会（第 6日 3月 6日）,会議録署名議員の決定 施政方針並びに提案説明に対する総括質問,代表質問(会議録上は総括質問),5,19,96
R070307A,令和 7年 3月 7日,令和 7年 3月定例会（第 7日 3月 7日）,会議録署名議員の決定 高議第 4号 市道路線の認定について 高議第 5号 市道路線の変更について 高議第 6号 行政手続における特定の個人を識別するための番号の利用等 高議第 7号 刑法等の一部を改正する法律の施行に伴う関係条例の整理に 高議第 8号 高砂市職員の給与に関する条例等の一部を改正する条例を定 高議第 9号 高砂市職員の勤務時間その他の勤務条件に関する条例及び高 高議第10号 高砂市地,,0,19,254
R070310A,令和 7年 3月10日,令和 7年 3月定例会（第 8日 3月10日）,会議録署名議員の決定 高予第 9号 令和7年度高砂市一般会計予算,,0,19,314
R070311A,令和 7年 3月11日,令和 7年 3月定例会（第 9日 3月11日）,会議録署名議員の決定 高予第 9号 令和7年度高砂市一般会計予算,,0,19,356
R070312A,令和 7年 3月12日,令和 7年 3月定例会（第10日 3月12日）,会議録署名議員の決定 高予第 9号 令和7年度高砂市一般会計予算,,0,19,432
R070313A,令和 7年 3月13日,令和 7年 3月定例会（第11日 3月13日）,会議録署名議員の決定 高予第 9号 令和7年度高砂市一般会計予算 高予第16号 令和7年度高砂市病院事業会計予算 高議第11号 高砂市国民健康保険条例の一部を改正する条例を定めること 高予第10号 令和7年度高砂市国民健康保険事業特別会計予算 高予第11号 令和7年度高砂市後期高齢者医療事業特別会計予算 高予第12号 令和7年度高砂市介護保険事業特別会計予算 高予第13号 令和7年度高砂市水道事業,,0,19,331
R070314A,令和 7年 3月14日,令和 7年 3月定例会（第12日 3月14日）,会議録署名議員の決定 高予第 9号 令和7年度高砂市一般会計予算 高議第11号 高砂市国民健康保険条例の一部を改正する条例を定めること 高予第10号 令和7年度高砂市国民健康保険事業特別会計予算 高予第11号 令和7年度高砂市後期高齢者医療事業特別会計予算 高予第12号 令和7年度高砂市介護保険事業特別会計予算 高予第13号 令和7年度高砂市水道事業会計予算 高予第14号 令和7年度高砂市工業用水,,0,19,248
R070317A,令和 7年 3月17日,令和 7年 3月定例会（第13日 3月17日）,会議録署名議員の決定 一般質問,一般質問,6,19,127
R070318A,令和 7年 3月18日,令和 7年 3月定例会（第14日 3月18日）,会議録署名議員の決定 一般質問,一般質問,3,19,65
R070327A,令和 7年 3月27日,令和 7年 3月定例会（第15日 3月27日）,会議録署名議員の決定 高議第 4号 市道路線の認定について 高議第 5号 市道路線の変更について 高議第 6号 行政手続における特定の個人を識別するための番号の利用等 高議第 7号 刑法等の一部を改正する法律の施行に伴う関係条例の整理に 高議第 8号 高砂市職員の給与に関する条例等の一部を改正する条例を定 高議第 9号 高砂市職員の勤務時間その他の勤務条件に関する条例及び高 高議第10号 高砂市地,,0,19,235
R070612A,令和 7年 6月12日,令和 7年 6月定例会（第 1日 6月12日）,会議録署名議員の決定 会期の決定 諸報告(全国市議会議長会永年勤続議員の表彰について) 市長の提案理由の説明 高予第17号 第1回令和7年度高砂市一般会計補正予算 諸報告(高砂市行政経営プラン),,0,19,120
R070613A,令和 7年 6月13日,令和 7年 6月定例会（第 2日 6月13日）,会議録署名議員の決定 高報第 5号 専決処分をしたものにつき承認を求めることについて 高報第 6号 専決処分をしたものにつき承認を求めることについて 高報第 7号 令和6年度高砂市一般会計繰越明許費繰越計算書について 高報第 8号 令和6年度高砂市水道事業会計予算繰越計算書について 高報第 9号 令和6年度高砂市下水道事業会計予算繰越計算書について 高報第10号 令和6年度高砂市病院事業会計予算繰,,0,19,345
R070616A,令和 7年 6月16日,令和 7年 6月定例会（第 3日 6月16日）,会議録署名議員の決定 高予第18号 第2回令和7年度高砂市一般会計補正予算 高予第19号 第1回令和7年度高砂市国民健康保険事業特別会計補正予算 高予第20号 第1回令和7年度高砂市介護保険事業特別会計補正予算 陳情のこと  少人数学級・教職員定数の改善及び義務教育費国庫負担制度,,0,19,96
R070618A,令和 7年 6月18日,令和 7年 6月定例会（第 4日 6月18日）,会議録署名議員の決定 一般質問,一般質問,7,19,174
R070619A,令和 7年 6月19日,令和 7年 6月定例会（第 5日 6月19日）,会議録署名議員の決定 一般質問,一般質問,5,19,108
R070625A,令和 7年 6月25日,令和 7年 6月定例会（第 6日 6月25日）,会議録署名議員の決定 高議第23号 工事請負契約を締結することについて 高議第24号 工事請負契約を締結することについて 高議第25号 工事請負契約を締結することについて 高議第26号 工事請負契約を締結することについて 高議第27号 市有土地の売却について 高議第28号 高砂市市税条例の一部を改正する条例を定めることについて 高議第29号 高砂市医療費助成条例の一部を改正する条例を定めることに ,,0,19,155
R070717A,令和 7年 7月17日,令和 7年 7月臨時会（第 1日 7月17日）,会議録署名議員の決定 会期の決定 市長の提案理由の説明 高議第33号 動産の買入れについて,,0,19,15
R070909A,令和 7年 9月 9日,令和 7年 9月定例会（第 1日 9月 9日）,会議録署名議員の決定 会期の決定 諸報告(広島市原爆死没者慰霊式並びに平和祈念式について) 市長の提案理由の説明 高議第50号 高砂市議会ハラスメント防止条例を定めることについて 高議第51号 高砂市議会議員政治倫理条例の一部を改正する条例を定める 高議第36号 高砂市職員等のハラスメントの防止等に関する条例を定める,,0,19,44
R070910A,令和 7年 9月10日,令和 7年 9月定例会（第 2日 9月10日）,会議録署名議員の決定 高議第52号 議長の選挙について 高議第53号 副議長の選挙について 議席の変更 高議第54号 常任委員会委員の選任について 高議第55号 議会運営委員会委員の定数及び選任について 行政課題等調査検討特別委員会委員の辞任について 行政課題等調査検討特別委員会委員の選任について,,0,18,51
R070911A,令和 7年 9月11日,令和 7年 9月定例会（第 3日 9月11日）,会議録署名議員の決定 高報第13号 専決処分をしたものにつき承認を求めることについて 高報第14号 健全化判断比率及び資金不足比率の報告について 高議第34号 動産の買入れについて 高議第35号 高砂市部設置条例の一部を改正する条例を求めることについ 高議第37号 高砂市職員の勤務時間その他の勤務条件に関する条例の一部 高議第38号 高砂市職員の育児休業等に関する条例及び高砂市企業職員の 高議第3,,0,19,270
R070912A,令和 7年 9月12日,令和 7年 9月定例会（第 4日 9月12日）,会議録署名議員の決定 高予第22号 第5回令和7年度高砂市一般会計補正予算 高予第23号 第2回令和7年度高砂市国民健康保険事業特別会計補正予算 高予第24号 第1回令和7年度高砂市後期高齢者医療事業特別会計補正予 高予第25号 第2回令和7年度高砂市介護保険事業特別会計補正予算 高予第26号 第1回令和7年度高砂市水道事業会計補正予算 高予第27号 第1回令和7年度高砂市下水道事業会計補正予算 ,,0,19,214
R070917A,令和 7年 9月17日,令和 7年 9月定例会（第 5日 9月17日）,会議録署名議員の決定 一般質問,一般質問,8,19,214
R070918A,令和 7年 9月18日,令和 7年 9月定例会（第 6日 9月18日）,会議録署名議員の決定 一般質問,一般質問,6,19,152
R070926A,令和 7年 9月26日,令和 7年 9月定例会（第 7日 9月26日）,会議録署名議員の決定 高議第34号 動産の買入れについて 高議第35号 高砂市部設置条例の一部を改正する条例を定めることについ 高議第37号 高砂市職員の勤務時間その他の勤務条件に関する条例の一部 高議第38号 高砂市職員の育児休業等に関する条例及び高砂市企業職員の 高議第39号 高砂市議会議員及び高砂市長の選挙における選挙運動用自動 高議第40号 高砂市水道事業給水条例の一部を改正する条例を定め,,0,19,462
R071205A,令和 7年12月 5日,令和 7年12月定例会（第 1日12月 5日）,会議録署名議員の決定 会期の決定 市長の提案理由の説明 諸報告(高砂市民病院の将来予測の結果による経営形態について),,0,19,171
R071208A,令和 7年12月 8日,令和 7年12月定例会（第 2日12月 8日）,会議録署名議員の決定 高議第58号 高砂市市民税減免基準等の廃止について 高議第67号 高砂市市税条例の一部を改正する条例を定めることについて 高議第59号 加古川市外2市共有公会堂事務組合の解散について 高議第60号 加古川市外2市共有公会堂事務組合の解散に伴う財産処分に 高議第61号 加古川市外2市共有公会堂事務組合規約の一部を変更する規 高議第62号 高砂市職員の給与に関する条例の一部を改正,,0,19,339
R071209A,令和 7年12月 9日,令和 7年12月定例会（第 3日12月 9日）,会議録署名議員の決定 高議第70号 高砂市乳児等通園支援事業の設備及び運営に関する基準を定 高議第71号 高砂市特定乳児等通園支援事業の運営に関する基準を定める 高予第29号 第6回令和7年度高砂市一般会計補正予算,,0,19,382
R071210A,令和 7年12月10日,令和 7年12月定例会（第 4日12月10日）,会議録署名議員の決定 高予第29号 第6回令和7年度高砂市一般会計補正予算 高予第36号 第2回令和7年度高砂市病院事業会計補正予算 高予第30号 第3回令和7年度高砂市国民健康保険事業特別会計補正予算 高予第31号 第2回令和7年度高砂市後期高齢者医療事業特別会計補正予 高予第32号 第3回令和7年度高砂市介護保険事業特別会計補正予算 高予第33号 第2回令和7年度高砂市水道事業会計補正予算 高,,0,19,116
R071211A,令和 7年12月11日,令和 7年12月定例会（第 5日12月11日）,会議録署名議員の決定 一般質問,一般質問,8,19,170
R071212A,令和 7年12月12日,令和 7年12月定例会（第 6日12月12日）,会議録署名議員の決定 一般質問,一般質問,6,19,128
R071218A,令和 7年12月18日,令和 7年12月定例会（第 7日12月18日）,会議録署名議員の決定 高議第58号 高砂市市民税減免基準等の廃止について 高議第59号 加古川市外2市共有公会堂事務組合の解散について 高議第60号 加古川市外2市共有公会堂事務組合の解散に伴う財産処分に 高議第61号 加古川市外2市共有公会堂事務組合規約の一部を変更する 高議第62号 高砂市職員の給与に関する条例の一部を改正する条例を定め 高議第63号 特別職の職員で常勤のものの給与に関する条例,,0,19,281
R071219A,令和 7年12月19日,令和 7年12月定例会（第 8日12月19日）,会議録署名議員の決定 高議第74号 高砂市病院事業の設置等に関する条例の一部を改正する等の 高議第75号 高砂市職員の給与に関する条例の一部を改正する条例を定め 高議第76号 特別職の職員で常勤のものの給与に関する条例の一部を改正 高予第37号 第7回令和7年度高砂市一般会計補正予算 高予第38号 第3回令和7年度高砂市病院事業会計補正予算,,0,19,205
R071222A,令和 7年12月22日,令和 7年12月定例会（第 9日12月22日）,会議録署名議員の決定 諸報告(総務常任委員会副委員長の辞任及び選任について) 高議第74号 高砂市病院事業の設置等に関する条例の一部を改正する等の 高議第75号 高砂市職員の給与に関する条例の一部を改正する条例を定め 高議第76号 特別職の職員で常勤のものの給与に関する条例の一部を改正 高予第37号 第7回令和7年度高砂市一般会計補正予算 高予第38号 第3回令和7年度高砂市病院事業会計補正予算 ,,0,19,33
R080116A,令和 8年 1月16日,令和 8年 1月臨時会（第 1日 1月16日）,会議録署名議員の決定 会期の決定 市長の提案理由の説明 高予第 1号 第8回令和7年度高砂市一般会計補正予算 高予第 2号 第3回令和7年度高砂市水道事業会計補正予算,,0,19,70
R080224A,令和 8年 2月24日,令和 8年 3月定例会（第 1日 2月24日）,会議録署名議員の決定 会期の決定 市長の施政方針並びに提案理由の説明,,0,19,6
R080225A,令和 8年 2月25日,令和 8年 3月定例会（第 2日 2月25日）,会議録署名議員の決定 高報第 1号 専決処分をしたものにつき承認を求めることについて 高報第 2号 専決処分をしたものにつき承認を求めることについて 高議第 1号 野球場改修工事請負契約の一部を変更することについて 高議第 2号 製造請負契約を締結することについて 高議第 3号 財産の無償譲渡について 高議第 4号 高砂市市営住宅条例の一部を改正する条例を定めることにつ 高予第 3号 第10回令和,,0,19,397
R080226A,令和 8年 2月26日,令和 8年 3月定例会（第 3日 2月26日）,会議録署名議員の決定 高予第3号 第10回令和7年度高砂市一般会計補正予算 高予第9号 第4回令和7年度高砂市病院事業会計補正予算 高予第4号 第4回令和7年度高砂市国民健康保険事業特別会計補正予算 高予第5号 第3回令和7年度高砂市後期高齢者医療事業特別会計補正予算 高予第6号 第4回令和7年度高砂市介護保険事業特別会計補正予算 高予第7号 第4回令和7年度高砂市水道事業会計補正予算 高予第8号,,0,19,150
R080303A,令和 8年 3月 3日,令和 8年 3月定例会（第 4日 3月 3日）,会議録署名議員の決定 高議第 1号 野球場改修工事請負契約の一部を変更することについて 高議第 2号 製造請負契約を締結することについて 高議第 3号 財産の無償譲渡について 高議第 4号 高砂市市営住宅条例の一部を改正する条例を定めることにつ 高予第 3号 第10回令和7年度高砂市一般会計補正予算 高予第 4号 第4回令和7年度高砂市国民健康保険事業特別会計補正予算 高予第 5号 第3回令和7年,,0,19,99
R080304A,令和 8年 3月 4日,令和 8年 3月定例会（第 5日 3月 4日）,会議録署名議員の決定 高予第18号 第11回令和7年度高砂市一般会計補正予算 諸報告(中期財政計画について),,0,19,141
R080305A,令和 8年 3月 5日,令和 8年 3月定例会（第 6日 3月 5日）,会議録署名議員の決定 施政方針並びに提案説明に対する総括質問,代表質問(会議録上は総括質問),5,19,93
R080306A,令和 8年 3月 6日,令和 8年 3月定例会（第 7日 3月 6日）,会議録署名議員の決定 高議第18号 高砂市議会委員会条例の一部を改正する条例を定めることに 高議第 5号 高砂市基本構想及び高砂市基本計画の一部を変更することに 高議第 6号 市道路線の認定について 高議第 7号 市道路線の変更について 高議第 8号 高砂市職員の給与に関する条例等の一部を改正する条例を定 高議第 9号 高砂市印鑑条例の一部を改正する条例を定めることについて 高議第10号 高砂市地,,0,19,308
R080309A,令和 8年 3月 9日,令和 8年 3月定例会（第 8日 3月 9日）,会議録署名議員の決定 高予第10号 令和8年度高砂市一般会計予算,,0,19,347
R080310A,令和 8年 3月10日,令和 8年 3月定例会（第 9日 3月10日）,会議録署名議員の決定 高予第10号 令和8年度高砂市一般会計予算,,0,19,288
R080311A,令和 8年 3月11日,令和 8年 3月定例会（第10日 3月11日）,会議録署名議員の決定 高予第10号 令和8年度高砂市一般会計予算,,0,19,330
R080312A,令和 8年 3月12日,令和 8年 3月定例会（第11日 3月12日）,会議録署名議員の決定 高予第10号 令和8年度高砂市一般会計予算 高予第17号 令和8年度高砂市病院事業会計予算 高議第12号 高砂市国民健康保険条例の一部を改正する条例を定めること 高予第11号 令和8年度高砂市国民健康保険事業特別会計予算 高予第12号 令和8年度高砂市後期高齢者医療事業特別会計予算 高議第13号 高砂市介護保険条例の一部を改正する条例を定めることにつ 高予第13号 令和8年度,,0,19,359
R080313A,令和 8年 3月13日,令和 8年 3月定例会（第12日 3月13日）,会議録署名議員の決定 高予第10号 令和8年度高砂市一般会計予算 高議第12号 高砂市国民健康保険条例の一部を改正する条例を定めること 高予第11号 令和8年度高砂市国民健康保険事業特別会計予算 高予第12号 令和8年度高砂市後期高齢者医療事業特別会計予算 高議第13号 高砂市介護保険条例の一部を改正する条例を定めることにつ 高予第13号 令和8年度高砂市介護保険事業特別会計予算 高予第14号 令,,0,19,285
R080316A,令和 8年 3月16日,令和 8年 3月定例会（第13日 3月16日）,会議録署名議員の決定 一般質問,一般質問,6,19,163
R080317A,令和 8年 3月17日,令和 8年 3月定例会（第14日 3月17日）,会議録署名議員の決定 一般質問,一般質問,3,19,55
R080326A,令和 8年 3月26日,令和 8年 3月定例会（第15日 3月26日）,会議録署名議員の決定 高議第 5号 高砂市基本構想及び高砂市基本計画の一部を変更することに 高議第 6号 市道路線の認定について 高議第 7号 市道路線の変更について 高議第 8号 高砂市職員の給与に関する条例等の一部を改正する条例を定 高議第 9号 高砂市印鑑条例の一部を改正する条例を定めることについて 高議第10号 高砂市地域交流センター条例の一部を改正する条例を定める 高議第11号 高砂市医,,0,19,229
R080519A,令和 8年 5月19日,令和 8年 5月臨時会（第 1日 5月19日）,会議録署名議員の決定 会期の決定 市長の提案理由の説明 高報第 3号 専決処分をしたものにつき承認を求めることについて 高報第 4号 専決処分をしたものにつき承認を求めることについて 高議第22号 指定管理者の指定について 高議第23号 高砂市病院事業の設置等に関する条例の一部を改正する条例 高予第19号 第1回令和8年度高砂市一般会計補正予算 高予第20号 第1回令和8年度高砂市水道事業会計補正,,0,19,247
R080520A,令和 8年 5月20日,令和 8年 5月臨時会（第 2日 5月20日）,会議録署名議員の決定 高議第22号 指定管理者の指定について 高議第23号 高砂市病院事業の設置等に関する条例の一部を改正する条例 高予第19号 第1回令和8年度高砂市一般会計補正予算 高予第20号 第1回令和8年度高砂市水道事業会計補正予算 高予第21号 第1回令和8年度高砂市病院事業会計補正予算,,0,19,49
R080609A,令和 8年 6月 9日,令和 8年 6月定例会（第 1日 6月 9日）,会議録署名議員の決定 会期の決定 諸報告(全国市議会議長会永年勤続議員の表彰・兵庫県自治功労表彰につい 市長の提案理由の説明 諸報告(高砂市行政経営プラン),,0,19,111
R080610A,令和 8年 6月10日,令和 8年 6月定例会（第 2日 6月10日）,会議録署名議員の決定 高報第 5号 専決処分をしたものにつき承認を求めることについて 高報第 6号 専決処分をしたものにつき承認を求めることについて 高報第 7号 令和7年度高砂市一般会計繰越明許費繰越計算書について 高報第 8号 令和7年度高砂市水道事業会計予算繰越計算書について 高報第 9号 令和7年度高砂市下水道事業会計予算繰越計算書について 高報第10号 一般財団法人高砂市勤労福祉財団の経,,0,19,360
R080615A,令和 8年 6月15日,令和 8年 6月定例会（第 3日 6月15日）,会議録署名議員の決定 一般質問,一般質問,8,19,238
R080616A,令和 8年 6月16日,令和 8年 6月定例会（第 4日 6月16日）,会議録署名議員の決定 一般質問,一般質問,8,19,158
R080622A,令和 8年 6月22日,令和 8年 6月定例会（第 5日 6月22日）,会議録署名議員の決定 高議第24号 高砂市市税条例の一部を改正する条例を定めることについて 高議第25号 高砂市医療費助成条例の一部を改正する条例を定めることに 高議第26号 高砂市水道事業及び工業用水道事業並びに下水道事業の設置 高議第27号 高砂市病院事業の設置等に関する条例の一部を改正する条例 高議第28号 高砂市消防団員等公務災害補償条例の一部を改正する条例を 高予第22号 第2回令和8年,,0,19,163
