順位,選管の表記,議員ID,議員(名簿),党派,得票数,当落,出典URL
1,きたの 誠一郎,M007,北野誠一郎,無所属,"2,204",当選,https://www.city.takasago.lg.jp/soshikikarasagasu/senkyokanriiinkaijimukyoku/2/1/12717.html
2,川端 ひろあき,M006,川端宏明,無所属,"2,169",当選,https://www.city.takasago.lg.jp/soshikikarasagasu/senkyokanriiinkaijimukyoku/2/1/12717.html
3,しまづ はるか,M011,島津明香,無所属,"2,095",当選,https://www.city.takasago.lg.jp/soshikikarasagasu/senkyokanriiinkaijimukyoku/2/1/12717.html
4,森 ひでき,M017,森秀樹,公明党,"1,965",当選,https://www.city.takasago.lg.jp/soshikikarasagasu/senkyokanriiinkaijimukyoku/2/1/12717.html
5,たかお 治久,M013,鷹尾治久,無所属,"1,859",当選,https://www.city.takasago.lg.jp/soshikikarasagasu/senkyokanriiinkaijimukyoku/2/1/12717.html
6,さこ川 高行,M009,迫川高行,公明党,"1,829",当選,https://www.city.takasago.lg.jp/soshikikarasagasu/senkyokanriiinkaijimukyoku/2/1/12717.html
7,はるまし 勝利,M014,春増勝利,公明党,"1,736",当選,https://www.city.takasago.lg.jp/soshikikarasagasu/senkyokanriiinkaijimukyoku/2/1/12717.html
8,今竹 大祐,M003,今竹大祐,無所属,"1,676",当選,https://www.city.takasago.lg.jp/soshikikarasagasu/senkyokanriiinkaijimukyoku/2/1/12717.html
9,松野 ゆうや,M016,松野優也,無所属,"1,652",当選,https://www.city.takasago.lg.jp/soshikikarasagasu/senkyokanriiinkaijimukyoku/2/1/12717.html
10,横田 ひでき,M019,横田英樹,日本維新の会,"1,609",当選,https://www.city.takasago.lg.jp/soshikikarasagasu/senkyokanriiinkaijimukyoku/2/1/12717.html
11,坂本 まり,M008,坂本まり,無所属,"1,497",当選,https://www.city.takasago.lg.jp/soshikikarasagasu/senkyokanriiinkaijimukyoku/2/1/12717.html
12,鈴木 利信,M012,鈴木利信,無所属,"1,386",当選,https://www.city.takasago.lg.jp/soshikikarasagasu/senkyokanriiinkaijimukyoku/2/1/12717.html
13,山田 みつあき,M018,山田光昭,無所属,"1,340",当選,https://www.city.takasago.lg.jp/soshikikarasagasu/senkyokanriiinkaijimukyoku/2/1/12717.html
14,芝本 やすあき,M010,芝本鎮彰,無所属,"1,313",当選,https://www.city.takasago.lg.jp/soshikikarasagasu/senkyokanriiinkaijimukyoku/2/1/12717.html
15,いりえ けいた,M002,入江啓太,無所属,"1,251",当選,https://www.city.takasago.lg.jp/soshikikarasagasu/senkyokanriiinkaijimukyoku/2/1/12717.html
16,いしざき 徹,M001,石崎徹,無所属,"1,231",当選,https://www.city.takasago.lg.jp/soshikikarasagasu/senkyokanriiinkaijimukyoku/2/1/12717.html
17,大西 ゆき,M005,大西由紀,日本共産党,"1,193",当選,https://www.city.takasago.lg.jp/soshikikarasagasu/senkyokanriiinkaijimukyoku/2/1/12717.html
18,ふじもり 誠,M015,藤森誠,無所属,"1,097",当選,https://www.city.takasago.lg.jp/soshikikarasagasu/senkyokanriiinkaijimukyoku/2/1/12717.html
19,岩見 あきら,M004,岩見明,無所属,"1,083",当選,https://www.city.takasago.lg.jp/soshikikarasagasu/senkyokanriiinkaijimukyoku/2/1/12717.html
20,井奥 まさき,,,緑の党グリーンズジャパン,"1,016",落選,https://www.city.takasago.lg.jp/soshikikarasagasu/senkyokanriiinkaijimukyoku/2/1/12717.html
21,さかべ 勝彦,,,日本共産党,918,落選,https://www.city.takasago.lg.jp/soshikikarasagasu/senkyokanriiinkaijimukyoku/2/1/12717.html
22,山崎 だいすけ,,,無所属,541,落選,https://www.city.takasago.lg.jp/soshikikarasagasu/senkyokanriiinkaijimukyoku/2/1/12717.html
23,神吉 秀明,,,無所属,191,落選,https://www.city.takasago.lg.jp/soshikikarasagasu/senkyokanriiinkaijimukyoku/2/1/12717.html
