議員ID,議員,号,議会だより,会議,種別,件名,議会だよりの結果
M005,大西由紀,D01,https://www.city.takasago.lg.jp/soshikikarasagasu/gikaijimukyoku/takasagoshigikai/2/reiwa4/8294.html,R4/9,補正予算,第3回令和4年度高砂市一般会計,可決
M002,入江啓太,D01,https://www.city.takasago.lg.jp/soshikikarasagasu/gikaijimukyoku/takasagoshigikai/2/reiwa4/8294.html,R4/9,陳情,消費税インボイス制度の実施中止を求める陳情書,不採択
M008,坂本まり,D01,https://www.city.takasago.lg.jp/soshikikarasagasu/gikaijimukyoku/takasagoshigikai/2/reiwa4/8294.html,R4/9,陳情,消費税インボイス制度の実施中止を求める陳情書,不採択
M006,川端宏明,D01,https://www.city.takasago.lg.jp/soshikikarasagasu/gikaijimukyoku/takasagoshigikai/2/reiwa4/8294.html,R4/9,陳情,消費税インボイス制度の実施中止を求める陳情書,不採択
M011,島津明香,D01,https://www.city.takasago.lg.jp/soshikikarasagasu/gikaijimukyoku/takasagoshigikai/2/reiwa4/8294.html,R4/9,陳情,消費税インボイス制度の実施中止を求める陳情書,不採択
M004,岩見明,D01,https://www.city.takasago.lg.jp/soshikikarasagasu/gikaijimukyoku/takasagoshigikai/2/reiwa4/8294.html,R4/9,陳情,消費税インボイス制度の実施中止を求める陳情書,不採択
M015,藤森誠,D01,https://www.city.takasago.lg.jp/soshikikarasagasu/gikaijimukyoku/takasagoshigikai/2/reiwa4/8294.html,R4/9,陳情,消費税インボイス制度の実施中止を求める陳情書,不採択
M009,迫川高行,D01,https://www.city.takasago.lg.jp/soshikikarasagasu/gikaijimukyoku/takasagoshigikai/2/reiwa4/8294.html,R4/9,陳情,消費税インボイス制度の実施中止を求める陳情書,不採択
M014,春増勝利,D01,https://www.city.takasago.lg.jp/soshikikarasagasu/gikaijimukyoku/takasagoshigikai/2/reiwa4/8294.html,R4/9,陳情,消費税インボイス制度の実施中止を求める陳情書,不採択
M017,森秀樹,D01,https://www.city.takasago.lg.jp/soshikikarasagasu/gikaijimukyoku/takasagoshigikai/2/reiwa4/8294.html,R4/9,陳情,消費税インボイス制度の実施中止を求める陳情書,不採択
M001,石崎徹,D01,https://www.city.takasago.lg.jp/soshikikarasagasu/gikaijimukyoku/takasagoshigikai/2/reiwa4/8294.html,R4/9,陳情,消費税インボイス制度の実施中止を求める陳情書,不採択
M013,鷹尾治久,D01,https://www.city.takasago.lg.jp/soshikikarasagasu/gikaijimukyoku/takasagoshigikai/2/reiwa4/8294.html,R4/9,陳情,消費税インボイス制度の実施中止を求める陳情書,不採択
M010,芝本鎮彰,D01,https://www.city.takasago.lg.jp/soshikikarasagasu/gikaijimukyoku/takasagoshigikai/2/reiwa4/8294.html,R4/9,陳情,消費税インボイス制度の実施中止を求める陳情書,不採択
M012,鈴木利信,D01,https://www.city.takasago.lg.jp/soshikikarasagasu/gikaijimukyoku/takasagoshigikai/2/reiwa4/8294.html,R4/9,陳情,消費税インボイス制度の実施中止を求める陳情書,不採択
M007,北野誠一郎,D01,https://www.city.takasago.lg.jp/soshikikarasagasu/gikaijimukyoku/takasagoshigikai/2/reiwa4/8294.html,R4/9,陳情,消費税インボイス制度の実施中止を求める陳情書,不採択
M016,松野優也,D01,https://www.city.takasago.lg.jp/soshikikarasagasu/gikaijimukyoku/takasagoshigikai/2/reiwa4/8294.html,R4/9,陳情,消費税インボイス制度の実施中止を求める陳情書,不採択
M018,山田光昭,D01,https://www.city.takasago.lg.jp/soshikikarasagasu/gikaijimukyoku/takasagoshigikai/2/reiwa4/8294.html,R4/9,陳情,消費税インボイス制度の実施中止を求める陳情書,不採択
M019,横田英樹,D01,https://www.city.takasago.lg.jp/soshikikarasagasu/gikaijimukyoku/takasagoshigikai/2/reiwa4/8294.html,R4/9,陳情,消費税インボイス制度の実施中止を求める陳情書,不採択
M002,入江啓太,D01,https://www.city.takasago.lg.jp/soshikikarasagasu/gikaijimukyoku/takasagoshigikai/2/reiwa4/8294.html,R4/9,陳情,国に安倍元首相の国葬の中止を求める陳情,不採択
M008,坂本まり,D01,https://www.city.takasago.lg.jp/soshikikarasagasu/gikaijimukyoku/takasagoshigikai/2/reiwa4/8294.html,R4/9,陳情,国に安倍元首相の国葬の中止を求める陳情,不採択
M006,川端宏明,D01,https://www.city.takasago.lg.jp/soshikikarasagasu/gikaijimukyoku/takasagoshigikai/2/reiwa4/8294.html,R4/9,陳情,国に安倍元首相の国葬の中止を求める陳情,不採択
M011,島津明香,D01,https://www.city.takasago.lg.jp/soshikikarasagasu/gikaijimukyoku/takasagoshigikai/2/reiwa4/8294.html,R4/9,陳情,国に安倍元首相の国葬の中止を求める陳情,不採択
M004,岩見明,D01,https://www.city.takasago.lg.jp/soshikikarasagasu/gikaijimukyoku/takasagoshigikai/2/reiwa4/8294.html,R4/9,陳情,国に安倍元首相の国葬の中止を求める陳情,不採択
M015,藤森誠,D01,https://www.city.takasago.lg.jp/soshikikarasagasu/gikaijimukyoku/takasagoshigikai/2/reiwa4/8294.html,R4/9,陳情,国に安倍元首相の国葬の中止を求める陳情,不採択
M009,迫川高行,D01,https://www.city.takasago.lg.jp/soshikikarasagasu/gikaijimukyoku/takasagoshigikai/2/reiwa4/8294.html,R4/9,陳情,国に安倍元首相の国葬の中止を求める陳情,不採択
M014,春増勝利,D01,https://www.city.takasago.lg.jp/soshikikarasagasu/gikaijimukyoku/takasagoshigikai/2/reiwa4/8294.html,R4/9,陳情,国に安倍元首相の国葬の中止を求める陳情,不採択
M017,森秀樹,D01,https://www.city.takasago.lg.jp/soshikikarasagasu/gikaijimukyoku/takasagoshigikai/2/reiwa4/8294.html,R4/9,陳情,国に安倍元首相の国葬の中止を求める陳情,不採択
M001,石崎徹,D01,https://www.city.takasago.lg.jp/soshikikarasagasu/gikaijimukyoku/takasagoshigikai/2/reiwa4/8294.html,R4/9,陳情,国に安倍元首相の国葬の中止を求める陳情,不採択
M013,鷹尾治久,D01,https://www.city.takasago.lg.jp/soshikikarasagasu/gikaijimukyoku/takasagoshigikai/2/reiwa4/8294.html,R4/9,陳情,国に安倍元首相の国葬の中止を求める陳情,不採択
M010,芝本鎮彰,D01,https://www.city.takasago.lg.jp/soshikikarasagasu/gikaijimukyoku/takasagoshigikai/2/reiwa4/8294.html,R4/9,陳情,国に安倍元首相の国葬の中止を求める陳情,不採択
M007,北野誠一郎,D01,https://www.city.takasago.lg.jp/soshikikarasagasu/gikaijimukyoku/takasagoshigikai/2/reiwa4/8294.html,R4/9,陳情,国に安倍元首相の国葬の中止を求める陳情,不採択
M016,松野優也,D01,https://www.city.takasago.lg.jp/soshikikarasagasu/gikaijimukyoku/takasagoshigikai/2/reiwa4/8294.html,R4/9,陳情,国に安倍元首相の国葬の中止を求める陳情,不採択
M018,山田光昭,D01,https://www.city.takasago.lg.jp/soshikikarasagasu/gikaijimukyoku/takasagoshigikai/2/reiwa4/8294.html,R4/9,陳情,国に安倍元首相の国葬の中止を求める陳情,不採択
M019,横田英樹,D01,https://www.city.takasago.lg.jp/soshikikarasagasu/gikaijimukyoku/takasagoshigikai/2/reiwa4/8294.html,R4/9,陳情,国に安倍元首相の国葬の中止を求める陳情,不採択
M019,横田英樹,D01,https://www.city.takasago.lg.jp/soshikikarasagasu/gikaijimukyoku/takasagoshigikai/2/reiwa4/8294.html,R4/9,陳情,沖縄を「捨て石」にしない安全保障政策を求める意見書の提出を求める陳情,継続審議
M005,大西由紀,D01,https://www.city.takasago.lg.jp/soshikikarasagasu/gikaijimukyoku/takasagoshigikai/2/reiwa4/8294.html,R4/9,陳情,沖縄を「捨て石」にしない安全保障政策を求める意見書の提出を求める陳情,継続審議
M005,大西由紀,D02,https://www.city.takasago.lg.jp/soshikikarasagasu/gikaijimukyoku/takasagoshigikai/2/reiwa4/8522.html,R4/12,事件議案,指定管理者の指定について,可決
M012,鈴木利信,D02,https://www.city.takasago.lg.jp/soshikikarasagasu/gikaijimukyoku/takasagoshigikai/2/reiwa4/8522.html,R4/12,条例議案,特別職の職員で常勤のものの給与に関する条例の一部を改正する条例を定めることについて,可決
M007,北野誠一郎,D02,https://www.city.takasago.lg.jp/soshikikarasagasu/gikaijimukyoku/takasagoshigikai/2/reiwa4/8522.html,R4/12,条例議案,特別職の職員で常勤のものの給与に関する条例の一部を改正する条例を定めることについて,可決
M019,横田英樹,D02,https://www.city.takasago.lg.jp/soshikikarasagasu/gikaijimukyoku/takasagoshigikai/2/reiwa4/8522.html,R4/12,条例議案,特別職の職員で常勤のものの給与に関する条例の一部を改正する条例を定めることについて,可決
M005,大西由紀,D02,https://www.city.takasago.lg.jp/soshikikarasagasu/gikaijimukyoku/takasagoshigikai/2/reiwa4/8522.html,R4/12,条例議案,特別職の職員で常勤のものの給与に関する条例の一部を改正する条例を定めることについて,可決
M012,鈴木利信,D02,https://www.city.takasago.lg.jp/soshikikarasagasu/gikaijimukyoku/takasagoshigikai/2/reiwa4/8522.html,R4/12,条例議案,議会議員の議員報酬及び費用弁償に関する条例の一部を改正する条例を定めることについて,可決
M007,北野誠一郎,D02,https://www.city.takasago.lg.jp/soshikikarasagasu/gikaijimukyoku/takasagoshigikai/2/reiwa4/8522.html,R4/12,条例議案,議会議員の議員報酬及び費用弁償に関する条例の一部を改正する条例を定めることについて,可決
M019,横田英樹,D02,https://www.city.takasago.lg.jp/soshikikarasagasu/gikaijimukyoku/takasagoshigikai/2/reiwa4/8522.html,R4/12,条例議案,議会議員の議員報酬及び費用弁償に関する条例の一部を改正する条例を定めることについて,可決
M005,大西由紀,D02,https://www.city.takasago.lg.jp/soshikikarasagasu/gikaijimukyoku/takasagoshigikai/2/reiwa4/8522.html,R4/12,条例議案,議会議員の議員報酬及び費用弁償に関する条例の一部を改正する条例を定めることについて,可決
M005,大西由紀,D02,https://www.city.takasago.lg.jp/soshikikarasagasu/gikaijimukyoku/takasagoshigikai/2/reiwa4/8522.html,R4/12,条例議案,高砂市個人情報の保護に関する条例を定めることについて,可決
M019,横田英樹,D02,https://www.city.takasago.lg.jp/soshikikarasagasu/gikaijimukyoku/takasagoshigikai/2/reiwa4/8522.html,R4/12,補正予算,第6回令和4年度高砂市一般会計,可決
M005,大西由紀,D02,https://www.city.takasago.lg.jp/soshikikarasagasu/gikaijimukyoku/takasagoshigikai/2/reiwa4/8522.html,R4/12,補正予算,第6回令和4年度高砂市一般会計,可決
M019,横田英樹,D02,https://www.city.takasago.lg.jp/soshikikarasagasu/gikaijimukyoku/takasagoshigikai/2/reiwa4/8522.html,R4/12,補正予算,第3回令和4年度高砂市水道事業会計,可決
M005,大西由紀,D02,https://www.city.takasago.lg.jp/soshikikarasagasu/gikaijimukyoku/takasagoshigikai/2/reiwa4/8522.html,R4/12,補正予算,第3回令和4年度高砂市水道事業会計,可決
M002,入江啓太,D02,https://www.city.takasago.lg.jp/soshikikarasagasu/gikaijimukyoku/takasagoshigikai/2/reiwa4/8522.html,R4/12,陳情,小・中学校の全児童・生徒の給食費を無償化することを求める陳情書,不採択
M008,坂本まり,D02,https://www.city.takasago.lg.jp/soshikikarasagasu/gikaijimukyoku/takasagoshigikai/2/reiwa4/8522.html,R4/12,陳情,小・中学校の全児童・生徒の給食費を無償化することを求める陳情書,不採択
M006,川端宏明,D02,https://www.city.takasago.lg.jp/soshikikarasagasu/gikaijimukyoku/takasagoshigikai/2/reiwa4/8522.html,R4/12,陳情,小・中学校の全児童・生徒の給食費を無償化することを求める陳情書,不採択
M011,島津明香,D02,https://www.city.takasago.lg.jp/soshikikarasagasu/gikaijimukyoku/takasagoshigikai/2/reiwa4/8522.html,R4/12,陳情,小・中学校の全児童・生徒の給食費を無償化することを求める陳情書,不採択
M004,岩見明,D02,https://www.city.takasago.lg.jp/soshikikarasagasu/gikaijimukyoku/takasagoshigikai/2/reiwa4/8522.html,R4/12,陳情,小・中学校の全児童・生徒の給食費を無償化することを求める陳情書,不採択
M015,藤森誠,D02,https://www.city.takasago.lg.jp/soshikikarasagasu/gikaijimukyoku/takasagoshigikai/2/reiwa4/8522.html,R4/12,陳情,小・中学校の全児童・生徒の給食費を無償化することを求める陳情書,不採択
M009,迫川高行,D02,https://www.city.takasago.lg.jp/soshikikarasagasu/gikaijimukyoku/takasagoshigikai/2/reiwa4/8522.html,R4/12,陳情,小・中学校の全児童・生徒の給食費を無償化することを求める陳情書,不採択
M014,春増勝利,D02,https://www.city.takasago.lg.jp/soshikikarasagasu/gikaijimukyoku/takasagoshigikai/2/reiwa4/8522.html,R4/12,陳情,小・中学校の全児童・生徒の給食費を無償化することを求める陳情書,不採択
M017,森秀樹,D02,https://www.city.takasago.lg.jp/soshikikarasagasu/gikaijimukyoku/takasagoshigikai/2/reiwa4/8522.html,R4/12,陳情,小・中学校の全児童・生徒の給食費を無償化することを求める陳情書,不採択
M001,石崎徹,D02,https://www.city.takasago.lg.jp/soshikikarasagasu/gikaijimukyoku/takasagoshigikai/2/reiwa4/8522.html,R4/12,陳情,小・中学校の全児童・生徒の給食費を無償化することを求める陳情書,不採択
M013,鷹尾治久,D02,https://www.city.takasago.lg.jp/soshikikarasagasu/gikaijimukyoku/takasagoshigikai/2/reiwa4/8522.html,R4/12,陳情,小・中学校の全児童・生徒の給食費を無償化することを求める陳情書,不採択
M010,芝本鎮彰,D02,https://www.city.takasago.lg.jp/soshikikarasagasu/gikaijimukyoku/takasagoshigikai/2/reiwa4/8522.html,R4/12,陳情,小・中学校の全児童・生徒の給食費を無償化することを求める陳情書,不採択
M016,松野優也,D02,https://www.city.takasago.lg.jp/soshikikarasagasu/gikaijimukyoku/takasagoshigikai/2/reiwa4/8522.html,R4/12,陳情,小・中学校の全児童・生徒の給食費を無償化することを求める陳情書,不採択
M018,山田光昭,D02,https://www.city.takasago.lg.jp/soshikikarasagasu/gikaijimukyoku/takasagoshigikai/2/reiwa4/8522.html,R4/12,陳情,小・中学校の全児童・生徒の給食費を無償化することを求める陳情書,不採択
M005,大西由紀,D02,https://www.city.takasago.lg.jp/soshikikarasagasu/gikaijimukyoku/takasagoshigikai/2/reiwa4/8522.html,R4/12,陳情,「高砂市野球場スコアボードの電光掲示板への改修」に関する陳情書,継続審議
M019,横田英樹,D02,https://www.city.takasago.lg.jp/soshikikarasagasu/gikaijimukyoku/takasagoshigikai/2/reiwa4/8522.html,R4/12,陳情,はりきゅうマッサージ指定施術所利用券の縮小廃止方針の撤廃を求める陳情,継続審議
M005,大西由紀,D02,https://www.city.takasago.lg.jp/soshikikarasagasu/gikaijimukyoku/takasagoshigikai/2/reiwa4/8522.html,R4/12,陳情,はりきゅうマッサージ指定施術所利用券の縮小廃止方針の撤廃を求める陳情,継続審議
M019,横田英樹,D02,https://www.city.takasago.lg.jp/soshikikarasagasu/gikaijimukyoku/takasagoshigikai/2/reiwa4/8522.html,R4/12,陳情,沖縄を「捨て石」にしない安全保障政策を求める意見書の提出を求める陳情,継続審議
M005,大西由紀,D02,https://www.city.takasago.lg.jp/soshikikarasagasu/gikaijimukyoku/takasagoshigikai/2/reiwa4/8522.html,R4/12,陳情,沖縄を「捨て石」にしない安全保障政策を求める意見書の提出を求める陳情,継続審議
M005,大西由紀,D02,https://www.city.takasago.lg.jp/soshikikarasagasu/gikaijimukyoku/takasagoshigikai/2/reiwa4/8522.html,R4/12,陳情,加齢性難聴者の補聴器購入に対する公的補助を求める陳情,継続審議
M005,大西由紀,D03,https://www.city.takasago.lg.jp/soshikikarasagasu/gikaijimukyoku/takasagoshigikai/2/reiwa5/9012.html,R5/3,条例議案,高砂市民病院将来構想検討委員会条例を定めることについて,可決
M005,大西由紀,D03,https://www.city.takasago.lg.jp/soshikikarasagasu/gikaijimukyoku/takasagoshigikai/2/reiwa5/9012.html,R5/3,条例議案,高砂市見守りカメラの設置及び運用に関する条例を定めることについて,可決
M005,大西由紀,D03,https://www.city.takasago.lg.jp/soshikikarasagasu/gikaijimukyoku/takasagoshigikai/2/reiwa5/9012.html,R5/3,条例議案,高砂市国民健康保険条例の一部を改正する条例を定めることについて,可決
M005,大西由紀,D03,https://www.city.takasago.lg.jp/soshikikarasagasu/gikaijimukyoku/takasagoshigikai/2/reiwa5/9012.html,R5/3,条例議案,高砂市保育所条例等の一部を改正する条例を定めることについて,可決
M005,大西由紀,D03,https://www.city.takasago.lg.jp/soshikikarasagasu/gikaijimukyoku/takasagoshigikai/2/reiwa5/9012.html,R5/3,条例議案,高砂市水道事業給水条例及び高砂市水道を加古川市米田町地域へ市外給水をすることに関する条例の一部を改正する条例を定めることについて,可決
M005,大西由紀,D03,https://www.city.takasago.lg.jp/soshikikarasagasu/gikaijimukyoku/takasagoshigikai/2/reiwa5/9012.html,R5/3,条例議案,高砂市議会個人情報の保護に関する条例を定めることについて,可決
M005,大西由紀,D03,https://www.city.takasago.lg.jp/soshikikarasagasu/gikaijimukyoku/takasagoshigikai/2/reiwa5/9012.html,R5/3,補正予算,第8回令和4年度高砂市一般会計,可決
M005,大西由紀,D03,https://www.city.takasago.lg.jp/soshikikarasagasu/gikaijimukyoku/takasagoshigikai/2/reiwa5/9012.html,R5/3,補正予算,第3回令和4年度高砂市国民健康保険事業特別会計,可決
M005,大西由紀,D03,https://www.city.takasago.lg.jp/soshikikarasagasu/gikaijimukyoku/takasagoshigikai/2/reiwa5/9012.html,R5/3,補正予算,第3回令和4年度高砂市後期高齢者医療事業特別会計,可決
M005,大西由紀,D03,https://www.city.takasago.lg.jp/soshikikarasagasu/gikaijimukyoku/takasagoshigikai/2/reiwa5/9012.html,R5/3,補正予算,第3回令和4年度高砂市介護保険事業特別会計,可決
M005,大西由紀,D03,https://www.city.takasago.lg.jp/soshikikarasagasu/gikaijimukyoku/takasagoshigikai/2/reiwa5/9012.html,R5/3,予算,令和5年度高砂市一般会計,可決
M005,大西由紀,D03,https://www.city.takasago.lg.jp/soshikikarasagasu/gikaijimukyoku/takasagoshigikai/2/reiwa5/9012.html,R5/3,予算,令和5年度高砂市国民健康保険事業特別会計,可決
M005,大西由紀,D03,https://www.city.takasago.lg.jp/soshikikarasagasu/gikaijimukyoku/takasagoshigikai/2/reiwa5/9012.html,R5/3,予算,令和5年度高砂市後期高齢者医療事業特別会計,可決
M005,大西由紀,D03,https://www.city.takasago.lg.jp/soshikikarasagasu/gikaijimukyoku/takasagoshigikai/2/reiwa5/9012.html,R5/3,予算,令和5年度高砂市介護保険事業特別会計,可決
M005,大西由紀,D03,https://www.city.takasago.lg.jp/soshikikarasagasu/gikaijimukyoku/takasagoshigikai/2/reiwa5/9012.html,R5/3,予算,令和5年度高砂市水道事業会計,可決
M005,大西由紀,D03,https://www.city.takasago.lg.jp/soshikikarasagasu/gikaijimukyoku/takasagoshigikai/2/reiwa5/9012.html,R5/3,予算,令和5年度高砂市病院事業会計,可決
M005,大西由紀,D03,https://www.city.takasago.lg.jp/soshikikarasagasu/gikaijimukyoku/takasagoshigikai/2/reiwa5/9012.html,R5/3,陳情,庁舎内における職員への政党機関紙の勧誘・配達・集金を自粛するよう求める陳情,趣旨採択
M002,入江啓太,D03,https://www.city.takasago.lg.jp/soshikikarasagasu/gikaijimukyoku/takasagoshigikai/2/reiwa5/9012.html,R5/3,陳情,小・中学校の全児童・生徒の給食費を無償化することを求める陳情書,不採択
M008,坂本まり,D03,https://www.city.takasago.lg.jp/soshikikarasagasu/gikaijimukyoku/takasagoshigikai/2/reiwa5/9012.html,R5/3,陳情,小・中学校の全児童・生徒の給食費を無償化することを求める陳情書,不採択
M006,川端宏明,D03,https://www.city.takasago.lg.jp/soshikikarasagasu/gikaijimukyoku/takasagoshigikai/2/reiwa5/9012.html,R5/3,陳情,小・中学校の全児童・生徒の給食費を無償化することを求める陳情書,不採択
M011,島津明香,D03,https://www.city.takasago.lg.jp/soshikikarasagasu/gikaijimukyoku/takasagoshigikai/2/reiwa5/9012.html,R5/3,陳情,小・中学校の全児童・生徒の給食費を無償化することを求める陳情書,不採択
M004,岩見明,D03,https://www.city.takasago.lg.jp/soshikikarasagasu/gikaijimukyoku/takasagoshigikai/2/reiwa5/9012.html,R5/3,陳情,小・中学校の全児童・生徒の給食費を無償化することを求める陳情書,不採択
M015,藤森誠,D03,https://www.city.takasago.lg.jp/soshikikarasagasu/gikaijimukyoku/takasagoshigikai/2/reiwa5/9012.html,R5/3,陳情,小・中学校の全児童・生徒の給食費を無償化することを求める陳情書,不採択
M009,迫川高行,D03,https://www.city.takasago.lg.jp/soshikikarasagasu/gikaijimukyoku/takasagoshigikai/2/reiwa5/9012.html,R5/3,陳情,小・中学校の全児童・生徒の給食費を無償化することを求める陳情書,不採択
M014,春増勝利,D03,https://www.city.takasago.lg.jp/soshikikarasagasu/gikaijimukyoku/takasagoshigikai/2/reiwa5/9012.html,R5/3,陳情,小・中学校の全児童・生徒の給食費を無償化することを求める陳情書,不採択
M017,森秀樹,D03,https://www.city.takasago.lg.jp/soshikikarasagasu/gikaijimukyoku/takasagoshigikai/2/reiwa5/9012.html,R5/3,陳情,小・中学校の全児童・生徒の給食費を無償化することを求める陳情書,不採択
M001,石崎徹,D03,https://www.city.takasago.lg.jp/soshikikarasagasu/gikaijimukyoku/takasagoshigikai/2/reiwa5/9012.html,R5/3,陳情,小・中学校の全児童・生徒の給食費を無償化することを求める陳情書,不採択
M013,鷹尾治久,D03,https://www.city.takasago.lg.jp/soshikikarasagasu/gikaijimukyoku/takasagoshigikai/2/reiwa5/9012.html,R5/3,陳情,小・中学校の全児童・生徒の給食費を無償化することを求める陳情書,不採択
M010,芝本鎮彰,D03,https://www.city.takasago.lg.jp/soshikikarasagasu/gikaijimukyoku/takasagoshigikai/2/reiwa5/9012.html,R5/3,陳情,小・中学校の全児童・生徒の給食費を無償化することを求める陳情書,不採択
M016,松野優也,D03,https://www.city.takasago.lg.jp/soshikikarasagasu/gikaijimukyoku/takasagoshigikai/2/reiwa5/9012.html,R5/3,陳情,小・中学校の全児童・生徒の給食費を無償化することを求める陳情書,不採択
M018,山田光昭,D03,https://www.city.takasago.lg.jp/soshikikarasagasu/gikaijimukyoku/takasagoshigikai/2/reiwa5/9012.html,R5/3,陳情,小・中学校の全児童・生徒の給食費を無償化することを求める陳情書,不採択
M002,入江啓太,D03,https://www.city.takasago.lg.jp/soshikikarasagasu/gikaijimukyoku/takasagoshigikai/2/reiwa5/9012.html,R5/3,陳情,高砂市民病院を市直営の総合病院として存続させ、地域医療を守る役割を果たすことを求める陳情書,不採択
M008,坂本まり,D03,https://www.city.takasago.lg.jp/soshikikarasagasu/gikaijimukyoku/takasagoshigikai/2/reiwa5/9012.html,R5/3,陳情,高砂市民病院を市直営の総合病院として存続させ、地域医療を守る役割を果たすことを求める陳情書,不採択
M006,川端宏明,D03,https://www.city.takasago.lg.jp/soshikikarasagasu/gikaijimukyoku/takasagoshigikai/2/reiwa5/9012.html,R5/3,陳情,高砂市民病院を市直営の総合病院として存続させ、地域医療を守る役割を果たすことを求める陳情書,不採択
M011,島津明香,D03,https://www.city.takasago.lg.jp/soshikikarasagasu/gikaijimukyoku/takasagoshigikai/2/reiwa5/9012.html,R5/3,陳情,高砂市民病院を市直営の総合病院として存続させ、地域医療を守る役割を果たすことを求める陳情書,不採択
M004,岩見明,D03,https://www.city.takasago.lg.jp/soshikikarasagasu/gikaijimukyoku/takasagoshigikai/2/reiwa5/9012.html,R5/3,陳情,高砂市民病院を市直営の総合病院として存続させ、地域医療を守る役割を果たすことを求める陳情書,不採択
M015,藤森誠,D03,https://www.city.takasago.lg.jp/soshikikarasagasu/gikaijimukyoku/takasagoshigikai/2/reiwa5/9012.html,R5/3,陳情,高砂市民病院を市直営の総合病院として存続させ、地域医療を守る役割を果たすことを求める陳情書,不採択
M009,迫川高行,D03,https://www.city.takasago.lg.jp/soshikikarasagasu/gikaijimukyoku/takasagoshigikai/2/reiwa5/9012.html,R5/3,陳情,高砂市民病院を市直営の総合病院として存続させ、地域医療を守る役割を果たすことを求める陳情書,不採択
M014,春増勝利,D03,https://www.city.takasago.lg.jp/soshikikarasagasu/gikaijimukyoku/takasagoshigikai/2/reiwa5/9012.html,R5/3,陳情,高砂市民病院を市直営の総合病院として存続させ、地域医療を守る役割を果たすことを求める陳情書,不採択
M017,森秀樹,D03,https://www.city.takasago.lg.jp/soshikikarasagasu/gikaijimukyoku/takasagoshigikai/2/reiwa5/9012.html,R5/3,陳情,高砂市民病院を市直営の総合病院として存続させ、地域医療を守る役割を果たすことを求める陳情書,不採択
M001,石崎徹,D03,https://www.city.takasago.lg.jp/soshikikarasagasu/gikaijimukyoku/takasagoshigikai/2/reiwa5/9012.html,R5/3,陳情,高砂市民病院を市直営の総合病院として存続させ、地域医療を守る役割を果たすことを求める陳情書,不採択
M013,鷹尾治久,D03,https://www.city.takasago.lg.jp/soshikikarasagasu/gikaijimukyoku/takasagoshigikai/2/reiwa5/9012.html,R5/3,陳情,高砂市民病院を市直営の総合病院として存続させ、地域医療を守る役割を果たすことを求める陳情書,不採択
M010,芝本鎮彰,D03,https://www.city.takasago.lg.jp/soshikikarasagasu/gikaijimukyoku/takasagoshigikai/2/reiwa5/9012.html,R5/3,陳情,高砂市民病院を市直営の総合病院として存続させ、地域医療を守る役割を果たすことを求める陳情書,不採択
M012,鈴木利信,D03,https://www.city.takasago.lg.jp/soshikikarasagasu/gikaijimukyoku/takasagoshigikai/2/reiwa5/9012.html,R5/3,陳情,高砂市民病院を市直営の総合病院として存続させ、地域医療を守る役割を果たすことを求める陳情書,不採択
M007,北野誠一郎,D03,https://www.city.takasago.lg.jp/soshikikarasagasu/gikaijimukyoku/takasagoshigikai/2/reiwa5/9012.html,R5/3,陳情,高砂市民病院を市直営の総合病院として存続させ、地域医療を守る役割を果たすことを求める陳情書,不採択
M016,松野優也,D03,https://www.city.takasago.lg.jp/soshikikarasagasu/gikaijimukyoku/takasagoshigikai/2/reiwa5/9012.html,R5/3,陳情,高砂市民病院を市直営の総合病院として存続させ、地域医療を守る役割を果たすことを求める陳情書,不採択
M018,山田光昭,D03,https://www.city.takasago.lg.jp/soshikikarasagasu/gikaijimukyoku/takasagoshigikai/2/reiwa5/9012.html,R5/3,陳情,高砂市民病院を市直営の総合病院として存続させ、地域医療を守る役割を果たすことを求める陳情書,不採択
M019,横田英樹,D03,https://www.city.takasago.lg.jp/soshikikarasagasu/gikaijimukyoku/takasagoshigikai/2/reiwa5/9012.html,R5/3,陳情,高砂市民病院を市直営の総合病院として存続させ、地域医療を守る役割を果たすことを求める陳情書,不採択
M002,入江啓太,D03,https://www.city.takasago.lg.jp/soshikikarasagasu/gikaijimukyoku/takasagoshigikai/2/reiwa5/9012.html,R5/3,陳情,沖縄を「捨て石」にしない安全保障政策を求める意見書の提出を求める陳情,不採択
M008,坂本まり,D03,https://www.city.takasago.lg.jp/soshikikarasagasu/gikaijimukyoku/takasagoshigikai/2/reiwa5/9012.html,R5/3,陳情,沖縄を「捨て石」にしない安全保障政策を求める意見書の提出を求める陳情,不採択
M006,川端宏明,D03,https://www.city.takasago.lg.jp/soshikikarasagasu/gikaijimukyoku/takasagoshigikai/2/reiwa5/9012.html,R5/3,陳情,沖縄を「捨て石」にしない安全保障政策を求める意見書の提出を求める陳情,不採択
M011,島津明香,D03,https://www.city.takasago.lg.jp/soshikikarasagasu/gikaijimukyoku/takasagoshigikai/2/reiwa5/9012.html,R5/3,陳情,沖縄を「捨て石」にしない安全保障政策を求める意見書の提出を求める陳情,不採択
M004,岩見明,D03,https://www.city.takasago.lg.jp/soshikikarasagasu/gikaijimukyoku/takasagoshigikai/2/reiwa5/9012.html,R5/3,陳情,沖縄を「捨て石」にしない安全保障政策を求める意見書の提出を求める陳情,不採択
M015,藤森誠,D03,https://www.city.takasago.lg.jp/soshikikarasagasu/gikaijimukyoku/takasagoshigikai/2/reiwa5/9012.html,R5/3,陳情,沖縄を「捨て石」にしない安全保障政策を求める意見書の提出を求める陳情,不採択
M009,迫川高行,D03,https://www.city.takasago.lg.jp/soshikikarasagasu/gikaijimukyoku/takasagoshigikai/2/reiwa5/9012.html,R5/3,陳情,沖縄を「捨て石」にしない安全保障政策を求める意見書の提出を求める陳情,不採択
M014,春増勝利,D03,https://www.city.takasago.lg.jp/soshikikarasagasu/gikaijimukyoku/takasagoshigikai/2/reiwa5/9012.html,R5/3,陳情,沖縄を「捨て石」にしない安全保障政策を求める意見書の提出を求める陳情,不採択
M017,森秀樹,D03,https://www.city.takasago.lg.jp/soshikikarasagasu/gikaijimukyoku/takasagoshigikai/2/reiwa5/9012.html,R5/3,陳情,沖縄を「捨て石」にしない安全保障政策を求める意見書の提出を求める陳情,不採択
M001,石崎徹,D03,https://www.city.takasago.lg.jp/soshikikarasagasu/gikaijimukyoku/takasagoshigikai/2/reiwa5/9012.html,R5/3,陳情,沖縄を「捨て石」にしない安全保障政策を求める意見書の提出を求める陳情,不採択
M013,鷹尾治久,D03,https://www.city.takasago.lg.jp/soshikikarasagasu/gikaijimukyoku/takasagoshigikai/2/reiwa5/9012.html,R5/3,陳情,沖縄を「捨て石」にしない安全保障政策を求める意見書の提出を求める陳情,不採択
M010,芝本鎮彰,D03,https://www.city.takasago.lg.jp/soshikikarasagasu/gikaijimukyoku/takasagoshigikai/2/reiwa5/9012.html,R5/3,陳情,沖縄を「捨て石」にしない安全保障政策を求める意見書の提出を求める陳情,不採択
M007,北野誠一郎,D03,https://www.city.takasago.lg.jp/soshikikarasagasu/gikaijimukyoku/takasagoshigikai/2/reiwa5/9012.html,R5/3,陳情,沖縄を「捨て石」にしない安全保障政策を求める意見書の提出を求める陳情,不採択
M016,松野優也,D03,https://www.city.takasago.lg.jp/soshikikarasagasu/gikaijimukyoku/takasagoshigikai/2/reiwa5/9012.html,R5/3,陳情,沖縄を「捨て石」にしない安全保障政策を求める意見書の提出を求める陳情,不採択
M018,山田光昭,D03,https://www.city.takasago.lg.jp/soshikikarasagasu/gikaijimukyoku/takasagoshigikai/2/reiwa5/9012.html,R5/3,陳情,沖縄を「捨て石」にしない安全保障政策を求める意見書の提出を求める陳情,不採択
M019,横田英樹,D03,https://www.city.takasago.lg.jp/soshikikarasagasu/gikaijimukyoku/takasagoshigikai/2/reiwa5/9012.html,R5/3,陳情,沖縄を「捨て石」にしない安全保障政策を求める意見書の提出を求める陳情,不採択
M005,大西由紀,D03,https://www.city.takasago.lg.jp/soshikikarasagasu/gikaijimukyoku/takasagoshigikai/2/reiwa5/9012.html,R5/3,陳情,沖縄を「捨て石」にしない安全保障政策を求める意見書の提出を求める陳情,不採択
M002,入江啓太,D03,https://www.city.takasago.lg.jp/soshikikarasagasu/gikaijimukyoku/takasagoshigikai/2/reiwa5/9012.html,R5/3,陳情,高砂市民病院を公立の総合病院として、存続と充実を求める陳情書,不採択
M008,坂本まり,D03,https://www.city.takasago.lg.jp/soshikikarasagasu/gikaijimukyoku/takasagoshigikai/2/reiwa5/9012.html,R5/3,陳情,高砂市民病院を公立の総合病院として、存続と充実を求める陳情書,不採択
M006,川端宏明,D03,https://www.city.takasago.lg.jp/soshikikarasagasu/gikaijimukyoku/takasagoshigikai/2/reiwa5/9012.html,R5/3,陳情,高砂市民病院を公立の総合病院として、存続と充実を求める陳情書,不採択
M011,島津明香,D03,https://www.city.takasago.lg.jp/soshikikarasagasu/gikaijimukyoku/takasagoshigikai/2/reiwa5/9012.html,R5/3,陳情,高砂市民病院を公立の総合病院として、存続と充実を求める陳情書,不採択
M004,岩見明,D03,https://www.city.takasago.lg.jp/soshikikarasagasu/gikaijimukyoku/takasagoshigikai/2/reiwa5/9012.html,R5/3,陳情,高砂市民病院を公立の総合病院として、存続と充実を求める陳情書,不採択
M015,藤森誠,D03,https://www.city.takasago.lg.jp/soshikikarasagasu/gikaijimukyoku/takasagoshigikai/2/reiwa5/9012.html,R5/3,陳情,高砂市民病院を公立の総合病院として、存続と充実を求める陳情書,不採択
M009,迫川高行,D03,https://www.city.takasago.lg.jp/soshikikarasagasu/gikaijimukyoku/takasagoshigikai/2/reiwa5/9012.html,R5/3,陳情,高砂市民病院を公立の総合病院として、存続と充実を求める陳情書,不採択
M014,春増勝利,D03,https://www.city.takasago.lg.jp/soshikikarasagasu/gikaijimukyoku/takasagoshigikai/2/reiwa5/9012.html,R5/3,陳情,高砂市民病院を公立の総合病院として、存続と充実を求める陳情書,不採択
M017,森秀樹,D03,https://www.city.takasago.lg.jp/soshikikarasagasu/gikaijimukyoku/takasagoshigikai/2/reiwa5/9012.html,R5/3,陳情,高砂市民病院を公立の総合病院として、存続と充実を求める陳情書,不採択
M001,石崎徹,D03,https://www.city.takasago.lg.jp/soshikikarasagasu/gikaijimukyoku/takasagoshigikai/2/reiwa5/9012.html,R5/3,陳情,高砂市民病院を公立の総合病院として、存続と充実を求める陳情書,不採択
M013,鷹尾治久,D03,https://www.city.takasago.lg.jp/soshikikarasagasu/gikaijimukyoku/takasagoshigikai/2/reiwa5/9012.html,R5/3,陳情,高砂市民病院を公立の総合病院として、存続と充実を求める陳情書,不採択
M010,芝本鎮彰,D03,https://www.city.takasago.lg.jp/soshikikarasagasu/gikaijimukyoku/takasagoshigikai/2/reiwa5/9012.html,R5/3,陳情,高砂市民病院を公立の総合病院として、存続と充実を求める陳情書,不採択
M012,鈴木利信,D03,https://www.city.takasago.lg.jp/soshikikarasagasu/gikaijimukyoku/takasagoshigikai/2/reiwa5/9012.html,R5/3,陳情,高砂市民病院を公立の総合病院として、存続と充実を求める陳情書,不採択
M007,北野誠一郎,D03,https://www.city.takasago.lg.jp/soshikikarasagasu/gikaijimukyoku/takasagoshigikai/2/reiwa5/9012.html,R5/3,陳情,高砂市民病院を公立の総合病院として、存続と充実を求める陳情書,不採択
M016,松野優也,D03,https://www.city.takasago.lg.jp/soshikikarasagasu/gikaijimukyoku/takasagoshigikai/2/reiwa5/9012.html,R5/3,陳情,高砂市民病院を公立の総合病院として、存続と充実を求める陳情書,不採択
M018,山田光昭,D03,https://www.city.takasago.lg.jp/soshikikarasagasu/gikaijimukyoku/takasagoshigikai/2/reiwa5/9012.html,R5/3,陳情,高砂市民病院を公立の総合病院として、存続と充実を求める陳情書,不採択
M019,横田英樹,D03,https://www.city.takasago.lg.jp/soshikikarasagasu/gikaijimukyoku/takasagoshigikai/2/reiwa5/9012.html,R5/3,陳情,高砂市民病院を公立の総合病院として、存続と充実を求める陳情書,不採択
M002,入江啓太,D03,https://www.city.takasago.lg.jp/soshikikarasagasu/gikaijimukyoku/takasagoshigikai/2/reiwa5/9012.html,R5/3,陳情,はりきゅうマッサージ指定施術所利用券の縮小廃止方針の撤廃を求める陳情,不採択
M008,坂本まり,D03,https://www.city.takasago.lg.jp/soshikikarasagasu/gikaijimukyoku/takasagoshigikai/2/reiwa5/9012.html,R5/3,陳情,はりきゅうマッサージ指定施術所利用券の縮小廃止方針の撤廃を求める陳情,不採択
M006,川端宏明,D03,https://www.city.takasago.lg.jp/soshikikarasagasu/gikaijimukyoku/takasagoshigikai/2/reiwa5/9012.html,R5/3,陳情,はりきゅうマッサージ指定施術所利用券の縮小廃止方針の撤廃を求める陳情,不採択
M011,島津明香,D03,https://www.city.takasago.lg.jp/soshikikarasagasu/gikaijimukyoku/takasagoshigikai/2/reiwa5/9012.html,R5/3,陳情,はりきゅうマッサージ指定施術所利用券の縮小廃止方針の撤廃を求める陳情,不採択
M004,岩見明,D03,https://www.city.takasago.lg.jp/soshikikarasagasu/gikaijimukyoku/takasagoshigikai/2/reiwa5/9012.html,R5/3,陳情,はりきゅうマッサージ指定施術所利用券の縮小廃止方針の撤廃を求める陳情,不採択
M015,藤森誠,D03,https://www.city.takasago.lg.jp/soshikikarasagasu/gikaijimukyoku/takasagoshigikai/2/reiwa5/9012.html,R5/3,陳情,はりきゅうマッサージ指定施術所利用券の縮小廃止方針の撤廃を求める陳情,不採択
M009,迫川高行,D03,https://www.city.takasago.lg.jp/soshikikarasagasu/gikaijimukyoku/takasagoshigikai/2/reiwa5/9012.html,R5/3,陳情,はりきゅうマッサージ指定施術所利用券の縮小廃止方針の撤廃を求める陳情,不採択
M014,春増勝利,D03,https://www.city.takasago.lg.jp/soshikikarasagasu/gikaijimukyoku/takasagoshigikai/2/reiwa5/9012.html,R5/3,陳情,はりきゅうマッサージ指定施術所利用券の縮小廃止方針の撤廃を求める陳情,不採択
M017,森秀樹,D03,https://www.city.takasago.lg.jp/soshikikarasagasu/gikaijimukyoku/takasagoshigikai/2/reiwa5/9012.html,R5/3,陳情,はりきゅうマッサージ指定施術所利用券の縮小廃止方針の撤廃を求める陳情,不採択
M001,石崎徹,D03,https://www.city.takasago.lg.jp/soshikikarasagasu/gikaijimukyoku/takasagoshigikai/2/reiwa5/9012.html,R5/3,陳情,はりきゅうマッサージ指定施術所利用券の縮小廃止方針の撤廃を求める陳情,不採択
M013,鷹尾治久,D03,https://www.city.takasago.lg.jp/soshikikarasagasu/gikaijimukyoku/takasagoshigikai/2/reiwa5/9012.html,R5/3,陳情,はりきゅうマッサージ指定施術所利用券の縮小廃止方針の撤廃を求める陳情,不採択
M010,芝本鎮彰,D03,https://www.city.takasago.lg.jp/soshikikarasagasu/gikaijimukyoku/takasagoshigikai/2/reiwa5/9012.html,R5/3,陳情,はりきゅうマッサージ指定施術所利用券の縮小廃止方針の撤廃を求める陳情,不採択
M012,鈴木利信,D03,https://www.city.takasago.lg.jp/soshikikarasagasu/gikaijimukyoku/takasagoshigikai/2/reiwa5/9012.html,R5/3,陳情,はりきゅうマッサージ指定施術所利用券の縮小廃止方針の撤廃を求める陳情,不採択
M007,北野誠一郎,D03,https://www.city.takasago.lg.jp/soshikikarasagasu/gikaijimukyoku/takasagoshigikai/2/reiwa5/9012.html,R5/3,陳情,はりきゅうマッサージ指定施術所利用券の縮小廃止方針の撤廃を求める陳情,不採択
M016,松野優也,D03,https://www.city.takasago.lg.jp/soshikikarasagasu/gikaijimukyoku/takasagoshigikai/2/reiwa5/9012.html,R5/3,陳情,はりきゅうマッサージ指定施術所利用券の縮小廃止方針の撤廃を求める陳情,不採択
M018,山田光昭,D03,https://www.city.takasago.lg.jp/soshikikarasagasu/gikaijimukyoku/takasagoshigikai/2/reiwa5/9012.html,R5/3,陳情,はりきゅうマッサージ指定施術所利用券の縮小廃止方針の撤廃を求める陳情,不採択
M019,横田英樹,D03,https://www.city.takasago.lg.jp/soshikikarasagasu/gikaijimukyoku/takasagoshigikai/2/reiwa5/9012.html,R5/3,陳情,はりきゅうマッサージ指定施術所利用券の縮小廃止方針の撤廃を求める陳情,不採択
M019,横田英樹,D03,https://www.city.takasago.lg.jp/soshikikarasagasu/gikaijimukyoku/takasagoshigikai/2/reiwa5/9012.html,R5/3,陳情,日本全体で解決すべき問題として、普天間基地周辺の子どもたちを取り巻く空・水・土の安全の保障を求める陳情,継続審議
M005,大西由紀,D03,https://www.city.takasago.lg.jp/soshikikarasagasu/gikaijimukyoku/takasagoshigikai/2/reiwa5/9012.html,R5/3,陳情,日本全体で解決すべき問題として、普天間基地周辺の子どもたちを取り巻く空・水・土の安全の保障を求める陳情,継続審議
M005,大西由紀,D03,https://www.city.takasago.lg.jp/soshikikarasagasu/gikaijimukyoku/takasagoshigikai/2/reiwa5/9012.html,R5/3,陳情,加齢性難聴者の補聴器購入に対する公的補助を求める陳情,継続審議
M005,大西由紀,D03,https://www.city.takasago.lg.jp/soshikikarasagasu/gikaijimukyoku/takasagoshigikai/2/reiwa5/9012.html,R5/3,陳情,「高砂市野球場スコアボードの電光掲示板への改修」に関する陳情書,継続審議
M002,入江啓太,D04,https://www.city.takasago.lg.jp/soshikikarasagasu/gikaijimukyoku/takasagoshigikai/2/reiwa5/9303.html,6月定例会,陳情,国に対し、適格請求書等保存方式（インボイス制度）の延期・見直しを求める陳情書,不採択
M008,坂本まり,D04,https://www.city.takasago.lg.jp/soshikikarasagasu/gikaijimukyoku/takasagoshigikai/2/reiwa5/9303.html,6月定例会,陳情,国に対し、適格請求書等保存方式（インボイス制度）の延期・見直しを求める陳情書,不採択
M006,川端宏明,D04,https://www.city.takasago.lg.jp/soshikikarasagasu/gikaijimukyoku/takasagoshigikai/2/reiwa5/9303.html,6月定例会,陳情,国に対し、適格請求書等保存方式（インボイス制度）の延期・見直しを求める陳情書,不採択
M011,島津明香,D04,https://www.city.takasago.lg.jp/soshikikarasagasu/gikaijimukyoku/takasagoshigikai/2/reiwa5/9303.html,6月定例会,陳情,国に対し、適格請求書等保存方式（インボイス制度）の延期・見直しを求める陳情書,不採択
M004,岩見明,D04,https://www.city.takasago.lg.jp/soshikikarasagasu/gikaijimukyoku/takasagoshigikai/2/reiwa5/9303.html,6月定例会,陳情,国に対し、適格請求書等保存方式（インボイス制度）の延期・見直しを求める陳情書,不採択
M015,藤森誠,D04,https://www.city.takasago.lg.jp/soshikikarasagasu/gikaijimukyoku/takasagoshigikai/2/reiwa5/9303.html,6月定例会,陳情,国に対し、適格請求書等保存方式（インボイス制度）の延期・見直しを求める陳情書,不採択
M009,迫川高行,D04,https://www.city.takasago.lg.jp/soshikikarasagasu/gikaijimukyoku/takasagoshigikai/2/reiwa5/9303.html,6月定例会,陳情,国に対し、適格請求書等保存方式（インボイス制度）の延期・見直しを求める陳情書,不採択
M014,春増勝利,D04,https://www.city.takasago.lg.jp/soshikikarasagasu/gikaijimukyoku/takasagoshigikai/2/reiwa5/9303.html,6月定例会,陳情,国に対し、適格請求書等保存方式（インボイス制度）の延期・見直しを求める陳情書,不採択
M017,森秀樹,D04,https://www.city.takasago.lg.jp/soshikikarasagasu/gikaijimukyoku/takasagoshigikai/2/reiwa5/9303.html,6月定例会,陳情,国に対し、適格請求書等保存方式（インボイス制度）の延期・見直しを求める陳情書,不採択
M001,石崎徹,D04,https://www.city.takasago.lg.jp/soshikikarasagasu/gikaijimukyoku/takasagoshigikai/2/reiwa5/9303.html,6月定例会,陳情,国に対し、適格請求書等保存方式（インボイス制度）の延期・見直しを求める陳情書,不採択
M013,鷹尾治久,D04,https://www.city.takasago.lg.jp/soshikikarasagasu/gikaijimukyoku/takasagoshigikai/2/reiwa5/9303.html,6月定例会,陳情,国に対し、適格請求書等保存方式（インボイス制度）の延期・見直しを求める陳情書,不採択
M010,芝本鎮彰,D04,https://www.city.takasago.lg.jp/soshikikarasagasu/gikaijimukyoku/takasagoshigikai/2/reiwa5/9303.html,6月定例会,陳情,国に対し、適格請求書等保存方式（インボイス制度）の延期・見直しを求める陳情書,不採択
M012,鈴木利信,D04,https://www.city.takasago.lg.jp/soshikikarasagasu/gikaijimukyoku/takasagoshigikai/2/reiwa5/9303.html,6月定例会,陳情,国に対し、適格請求書等保存方式（インボイス制度）の延期・見直しを求める陳情書,不採択
M007,北野誠一郎,D04,https://www.city.takasago.lg.jp/soshikikarasagasu/gikaijimukyoku/takasagoshigikai/2/reiwa5/9303.html,6月定例会,陳情,国に対し、適格請求書等保存方式（インボイス制度）の延期・見直しを求める陳情書,不採択
M016,松野優也,D04,https://www.city.takasago.lg.jp/soshikikarasagasu/gikaijimukyoku/takasagoshigikai/2/reiwa5/9303.html,6月定例会,陳情,国に対し、適格請求書等保存方式（インボイス制度）の延期・見直しを求める陳情書,不採択
M018,山田光昭,D04,https://www.city.takasago.lg.jp/soshikikarasagasu/gikaijimukyoku/takasagoshigikai/2/reiwa5/9303.html,6月定例会,陳情,国に対し、適格請求書等保存方式（インボイス制度）の延期・見直しを求める陳情書,不採択
M019,横田英樹,D04,https://www.city.takasago.lg.jp/soshikikarasagasu/gikaijimukyoku/takasagoshigikai/2/reiwa5/9303.html,6月定例会,陳情,国に対し、適格請求書等保存方式（インボイス制度）の延期・見直しを求める陳情書,不採択
M002,入江啓太,D04,https://www.city.takasago.lg.jp/soshikikarasagasu/gikaijimukyoku/takasagoshigikai/2/reiwa5/9303.html,6月定例会,陳情,消費税インボイス制度（適格請求書等保存方式）の実施延期を求める陳情書,不採択
M008,坂本まり,D04,https://www.city.takasago.lg.jp/soshikikarasagasu/gikaijimukyoku/takasagoshigikai/2/reiwa5/9303.html,6月定例会,陳情,消費税インボイス制度（適格請求書等保存方式）の実施延期を求める陳情書,不採択
M006,川端宏明,D04,https://www.city.takasago.lg.jp/soshikikarasagasu/gikaijimukyoku/takasagoshigikai/2/reiwa5/9303.html,6月定例会,陳情,消費税インボイス制度（適格請求書等保存方式）の実施延期を求める陳情書,不採択
M011,島津明香,D04,https://www.city.takasago.lg.jp/soshikikarasagasu/gikaijimukyoku/takasagoshigikai/2/reiwa5/9303.html,6月定例会,陳情,消費税インボイス制度（適格請求書等保存方式）の実施延期を求める陳情書,不採択
M004,岩見明,D04,https://www.city.takasago.lg.jp/soshikikarasagasu/gikaijimukyoku/takasagoshigikai/2/reiwa5/9303.html,6月定例会,陳情,消費税インボイス制度（適格請求書等保存方式）の実施延期を求める陳情書,不採択
M015,藤森誠,D04,https://www.city.takasago.lg.jp/soshikikarasagasu/gikaijimukyoku/takasagoshigikai/2/reiwa5/9303.html,6月定例会,陳情,消費税インボイス制度（適格請求書等保存方式）の実施延期を求める陳情書,不採択
M009,迫川高行,D04,https://www.city.takasago.lg.jp/soshikikarasagasu/gikaijimukyoku/takasagoshigikai/2/reiwa5/9303.html,6月定例会,陳情,消費税インボイス制度（適格請求書等保存方式）の実施延期を求める陳情書,不採択
M014,春増勝利,D04,https://www.city.takasago.lg.jp/soshikikarasagasu/gikaijimukyoku/takasagoshigikai/2/reiwa5/9303.html,6月定例会,陳情,消費税インボイス制度（適格請求書等保存方式）の実施延期を求める陳情書,不採択
M017,森秀樹,D04,https://www.city.takasago.lg.jp/soshikikarasagasu/gikaijimukyoku/takasagoshigikai/2/reiwa5/9303.html,6月定例会,陳情,消費税インボイス制度（適格請求書等保存方式）の実施延期を求める陳情書,不採択
M001,石崎徹,D04,https://www.city.takasago.lg.jp/soshikikarasagasu/gikaijimukyoku/takasagoshigikai/2/reiwa5/9303.html,6月定例会,陳情,消費税インボイス制度（適格請求書等保存方式）の実施延期を求める陳情書,不採択
M013,鷹尾治久,D04,https://www.city.takasago.lg.jp/soshikikarasagasu/gikaijimukyoku/takasagoshigikai/2/reiwa5/9303.html,6月定例会,陳情,消費税インボイス制度（適格請求書等保存方式）の実施延期を求める陳情書,不採択
M010,芝本鎮彰,D04,https://www.city.takasago.lg.jp/soshikikarasagasu/gikaijimukyoku/takasagoshigikai/2/reiwa5/9303.html,6月定例会,陳情,消費税インボイス制度（適格請求書等保存方式）の実施延期を求める陳情書,不採択
M012,鈴木利信,D04,https://www.city.takasago.lg.jp/soshikikarasagasu/gikaijimukyoku/takasagoshigikai/2/reiwa5/9303.html,6月定例会,陳情,消費税インボイス制度（適格請求書等保存方式）の実施延期を求める陳情書,不採択
M007,北野誠一郎,D04,https://www.city.takasago.lg.jp/soshikikarasagasu/gikaijimukyoku/takasagoshigikai/2/reiwa5/9303.html,6月定例会,陳情,消費税インボイス制度（適格請求書等保存方式）の実施延期を求める陳情書,不採択
M016,松野優也,D04,https://www.city.takasago.lg.jp/soshikikarasagasu/gikaijimukyoku/takasagoshigikai/2/reiwa5/9303.html,6月定例会,陳情,消費税インボイス制度（適格請求書等保存方式）の実施延期を求める陳情書,不採択
M018,山田光昭,D04,https://www.city.takasago.lg.jp/soshikikarasagasu/gikaijimukyoku/takasagoshigikai/2/reiwa5/9303.html,6月定例会,陳情,消費税インボイス制度（適格請求書等保存方式）の実施延期を求める陳情書,不採択
M019,横田英樹,D04,https://www.city.takasago.lg.jp/soshikikarasagasu/gikaijimukyoku/takasagoshigikai/2/reiwa5/9303.html,6月定例会,陳情,消費税インボイス制度（適格請求書等保存方式）の実施延期を求める陳情書,不採択
M002,入江啓太,D04,https://www.city.takasago.lg.jp/soshikikarasagasu/gikaijimukyoku/takasagoshigikai/2/reiwa5/9303.html,6月定例会,陳情,日本全体で解決すべき問題として、普天間基地周辺の子どもたちを取り巻く空・水・土の安全の保障を求める陳情,不採択
M008,坂本まり,D04,https://www.city.takasago.lg.jp/soshikikarasagasu/gikaijimukyoku/takasagoshigikai/2/reiwa5/9303.html,6月定例会,陳情,日本全体で解決すべき問題として、普天間基地周辺の子どもたちを取り巻く空・水・土の安全の保障を求める陳情,不採択
M006,川端宏明,D04,https://www.city.takasago.lg.jp/soshikikarasagasu/gikaijimukyoku/takasagoshigikai/2/reiwa5/9303.html,6月定例会,陳情,日本全体で解決すべき問題として、普天間基地周辺の子どもたちを取り巻く空・水・土の安全の保障を求める陳情,不採択
M011,島津明香,D04,https://www.city.takasago.lg.jp/soshikikarasagasu/gikaijimukyoku/takasagoshigikai/2/reiwa5/9303.html,6月定例会,陳情,日本全体で解決すべき問題として、普天間基地周辺の子どもたちを取り巻く空・水・土の安全の保障を求める陳情,不採択
M004,岩見明,D04,https://www.city.takasago.lg.jp/soshikikarasagasu/gikaijimukyoku/takasagoshigikai/2/reiwa5/9303.html,6月定例会,陳情,日本全体で解決すべき問題として、普天間基地周辺の子どもたちを取り巻く空・水・土の安全の保障を求める陳情,不採択
M015,藤森誠,D04,https://www.city.takasago.lg.jp/soshikikarasagasu/gikaijimukyoku/takasagoshigikai/2/reiwa5/9303.html,6月定例会,陳情,日本全体で解決すべき問題として、普天間基地周辺の子どもたちを取り巻く空・水・土の安全の保障を求める陳情,不採択
M009,迫川高行,D04,https://www.city.takasago.lg.jp/soshikikarasagasu/gikaijimukyoku/takasagoshigikai/2/reiwa5/9303.html,6月定例会,陳情,日本全体で解決すべき問題として、普天間基地周辺の子どもたちを取り巻く空・水・土の安全の保障を求める陳情,不採択
M014,春増勝利,D04,https://www.city.takasago.lg.jp/soshikikarasagasu/gikaijimukyoku/takasagoshigikai/2/reiwa5/9303.html,6月定例会,陳情,日本全体で解決すべき問題として、普天間基地周辺の子どもたちを取り巻く空・水・土の安全の保障を求める陳情,不採択
M017,森秀樹,D04,https://www.city.takasago.lg.jp/soshikikarasagasu/gikaijimukyoku/takasagoshigikai/2/reiwa5/9303.html,6月定例会,陳情,日本全体で解決すべき問題として、普天間基地周辺の子どもたちを取り巻く空・水・土の安全の保障を求める陳情,不採択
M001,石崎徹,D04,https://www.city.takasago.lg.jp/soshikikarasagasu/gikaijimukyoku/takasagoshigikai/2/reiwa5/9303.html,6月定例会,陳情,日本全体で解決すべき問題として、普天間基地周辺の子どもたちを取り巻く空・水・土の安全の保障を求める陳情,不採択
M013,鷹尾治久,D04,https://www.city.takasago.lg.jp/soshikikarasagasu/gikaijimukyoku/takasagoshigikai/2/reiwa5/9303.html,6月定例会,陳情,日本全体で解決すべき問題として、普天間基地周辺の子どもたちを取り巻く空・水・土の安全の保障を求める陳情,不採択
M010,芝本鎮彰,D04,https://www.city.takasago.lg.jp/soshikikarasagasu/gikaijimukyoku/takasagoshigikai/2/reiwa5/9303.html,6月定例会,陳情,日本全体で解決すべき問題として、普天間基地周辺の子どもたちを取り巻く空・水・土の安全の保障を求める陳情,不採択
M007,北野誠一郎,D04,https://www.city.takasago.lg.jp/soshikikarasagasu/gikaijimukyoku/takasagoshigikai/2/reiwa5/9303.html,6月定例会,陳情,日本全体で解決すべき問題として、普天間基地周辺の子どもたちを取り巻く空・水・土の安全の保障を求める陳情,不採択
M016,松野優也,D04,https://www.city.takasago.lg.jp/soshikikarasagasu/gikaijimukyoku/takasagoshigikai/2/reiwa5/9303.html,6月定例会,陳情,日本全体で解決すべき問題として、普天間基地周辺の子どもたちを取り巻く空・水・土の安全の保障を求める陳情,不採択
M018,山田光昭,D04,https://www.city.takasago.lg.jp/soshikikarasagasu/gikaijimukyoku/takasagoshigikai/2/reiwa5/9303.html,6月定例会,陳情,日本全体で解決すべき問題として、普天間基地周辺の子どもたちを取り巻く空・水・土の安全の保障を求める陳情,不採択
M019,横田英樹,D04,https://www.city.takasago.lg.jp/soshikikarasagasu/gikaijimukyoku/takasagoshigikai/2/reiwa5/9303.html,6月定例会,陳情,日本全体で解決すべき問題として、普天間基地周辺の子どもたちを取り巻く空・水・土の安全の保障を求める陳情,不採択
M005,大西由紀,D04,https://www.city.takasago.lg.jp/soshikikarasagasu/gikaijimukyoku/takasagoshigikai/2/reiwa5/9303.html,6月定例会,陳情,加齢性難聴者の補聴器購入に対する公的補助を求める陳情,継続審議
M005,大西由紀,D05,https://www.city.takasago.lg.jp/soshikikarasagasu/gikaijimukyoku/takasagoshigikai/2/reiwa5/9646.html,R5/9,条例議案,高砂市印鑑条例の一部を改正する条例を定めることについて,可決
M005,大西由紀,D05,https://www.city.takasago.lg.jp/soshikikarasagasu/gikaijimukyoku/takasagoshigikai/2/reiwa5/9646.html,R5/9,条例議案,高砂市廃棄物の処理及び清掃に関する条例の一部を改正する条例を定めることについて,可決
M005,大西由紀,D05,https://www.city.takasago.lg.jp/soshikikarasagasu/gikaijimukyoku/takasagoshigikai/2/reiwa5/9646.html,R5/9,補正予算,第3回令和5年度高砂市一般会計,可決
M005,大西由紀,D05,https://www.city.takasago.lg.jp/soshikikarasagasu/gikaijimukyoku/takasagoshigikai/2/reiwa5/9646.html,R5/9,補正予算,第1回令和5年度高砂市後期高齢者医療事業特別会計,可決
M005,大西由紀,D05,https://www.city.takasago.lg.jp/soshikikarasagasu/gikaijimukyoku/takasagoshigikai/2/reiwa5/9646.html,R5/9,補正予算,第1回令和5年度高砂市介護保険事業特別会計,可決
M005,大西由紀,D05,https://www.city.takasago.lg.jp/soshikikarasagasu/gikaijimukyoku/takasagoshigikai/2/reiwa5/9646.html,R5/9,陳情,高砂市教育センター駐車場の拡張を求める陳情書,継続審議
M005,大西由紀,D05,https://www.city.takasago.lg.jp/soshikikarasagasu/gikaijimukyoku/takasagoshigikai/2/reiwa5/9646.html,R5/9,陳情,加齢性難聴者の補聴器購入に対する公的補助を求める陳情,継続審議
M005,大西由紀,D06,https://www.city.takasago.lg.jp/soshikikarasagasu/gikaijimukyoku/takasagoshigikai/2/reiwa5/10028.html,R5/12,事件議案,指定管理者の指定について（高砂市文化会館）,可決
M005,大西由紀,D06,https://www.city.takasago.lg.jp/soshikikarasagasu/gikaijimukyoku/takasagoshigikai/2/reiwa5/10028.html,R5/12,事件議案,指定管理者の指定について（高砂市民プール）,可決
M005,大西由紀,D06,https://www.city.takasago.lg.jp/soshikikarasagasu/gikaijimukyoku/takasagoshigikai/2/reiwa5/10028.html,R5/12,事件議案,指定管理者の指定について（高砂市ユーアイ福祉交流センター）,可決
M005,大西由紀,D06,https://www.city.takasago.lg.jp/soshikikarasagasu/gikaijimukyoku/takasagoshigikai/2/reiwa5/10028.html,R5/12,条例議案,高砂市会計年度任用職員の給与等に関する条例の一部を改正する条例を定めることについて,可決
M005,大西由紀,D06,https://www.city.takasago.lg.jp/soshikikarasagasu/gikaijimukyoku/takasagoshigikai/2/reiwa5/10028.html,R5/12,条例議案,高砂市地域交流センター条例を定めることについて,可決
M005,大西由紀,D06,https://www.city.takasago.lg.jp/soshikikarasagasu/gikaijimukyoku/takasagoshigikai/2/reiwa5/10028.html,R5/12,条例議案,高砂市市民サービスコーナー及び市民コーナー設置条例の一部を改正する条例を定めることについて,可決
M005,大西由紀,D06,https://www.city.takasago.lg.jp/soshikikarasagasu/gikaijimukyoku/takasagoshigikai/2/reiwa5/10028.html,R5/12,条例議案,高砂市立幼保連携型認定こども園条例の一部を改正する等の条例を定めることについて,可決
M005,大西由紀,D06,https://www.city.takasago.lg.jp/soshikikarasagasu/gikaijimukyoku/takasagoshigikai/2/reiwa5/10028.html,R5/12,条例議案,高砂市福祉総合相談センター条例を定めることについて,可決
M005,大西由紀,D06,https://www.city.takasago.lg.jp/soshikikarasagasu/gikaijimukyoku/takasagoshigikai/2/reiwa5/10028.html,R5/12,条例議案,高砂市立公民館条例を廃止する条例を定めることについて,可決
M005,大西由紀,D06,https://www.city.takasago.lg.jp/soshikikarasagasu/gikaijimukyoku/takasagoshigikai/2/reiwa5/10028.html,R5/12,条例議案,高砂市水道事業給水条例の一部を改正する条例を定めることについて,可決
M005,大西由紀,D06,https://www.city.takasago.lg.jp/soshikikarasagasu/gikaijimukyoku/takasagoshigikai/2/reiwa5/10028.html,R5/12,補正予算,第7回令和5年度高砂市一般会計,可決
M005,大西由紀,D06,https://www.city.takasago.lg.jp/soshikikarasagasu/gikaijimukyoku/takasagoshigikai/2/reiwa5/10028.html,R5/12,補正予算,第2回令和5年度高砂市国民健康保険事業特別会計,可決
M005,大西由紀,D06,https://www.city.takasago.lg.jp/soshikikarasagasu/gikaijimukyoku/takasagoshigikai/2/reiwa5/10028.html,R5/12,補正予算,第2回令和5年度高砂市後期高齢者医療事業特別会計,可決
M005,大西由紀,D06,https://www.city.takasago.lg.jp/soshikikarasagasu/gikaijimukyoku/takasagoshigikai/2/reiwa5/10028.html,R5/12,補正予算,第2回令和5年度高砂市介護保険事業特別会計,可決
M005,大西由紀,D06,https://www.city.takasago.lg.jp/soshikikarasagasu/gikaijimukyoku/takasagoshigikai/2/reiwa5/10028.html,R5/12,補正予算,第2回令和5年度高砂市病院事業会計,可決
M002,入江啓太,D06,https://www.city.takasago.lg.jp/soshikikarasagasu/gikaijimukyoku/takasagoshigikai/2/reiwa5/10028.html,R5/12,陳情,高砂市民病院を市直営の総合病院として存続させ地域医療を守る役割を果たすことを求める陳情書,不採択
M008,坂本まり,D06,https://www.city.takasago.lg.jp/soshikikarasagasu/gikaijimukyoku/takasagoshigikai/2/reiwa5/10028.html,R5/12,陳情,高砂市民病院を市直営の総合病院として存続させ地域医療を守る役割を果たすことを求める陳情書,不採択
M006,川端宏明,D06,https://www.city.takasago.lg.jp/soshikikarasagasu/gikaijimukyoku/takasagoshigikai/2/reiwa5/10028.html,R5/12,陳情,高砂市民病院を市直営の総合病院として存続させ地域医療を守る役割を果たすことを求める陳情書,不採択
M011,島津明香,D06,https://www.city.takasago.lg.jp/soshikikarasagasu/gikaijimukyoku/takasagoshigikai/2/reiwa5/10028.html,R5/12,陳情,高砂市民病院を市直営の総合病院として存続させ地域医療を守る役割を果たすことを求める陳情書,不採択
M004,岩見明,D06,https://www.city.takasago.lg.jp/soshikikarasagasu/gikaijimukyoku/takasagoshigikai/2/reiwa5/10028.html,R5/12,陳情,高砂市民病院を市直営の総合病院として存続させ地域医療を守る役割を果たすことを求める陳情書,不採択
M003,今竹大祐,D06,https://www.city.takasago.lg.jp/soshikikarasagasu/gikaijimukyoku/takasagoshigikai/2/reiwa5/10028.html,R5/12,陳情,高砂市民病院を市直営の総合病院として存続させ地域医療を守る役割を果たすことを求める陳情書,不採択
M009,迫川高行,D06,https://www.city.takasago.lg.jp/soshikikarasagasu/gikaijimukyoku/takasagoshigikai/2/reiwa5/10028.html,R5/12,陳情,高砂市民病院を市直営の総合病院として存続させ地域医療を守る役割を果たすことを求める陳情書,不採択
M014,春増勝利,D06,https://www.city.takasago.lg.jp/soshikikarasagasu/gikaijimukyoku/takasagoshigikai/2/reiwa5/10028.html,R5/12,陳情,高砂市民病院を市直営の総合病院として存続させ地域医療を守る役割を果たすことを求める陳情書,不採択
M017,森秀樹,D06,https://www.city.takasago.lg.jp/soshikikarasagasu/gikaijimukyoku/takasagoshigikai/2/reiwa5/10028.html,R5/12,陳情,高砂市民病院を市直営の総合病院として存続させ地域医療を守る役割を果たすことを求める陳情書,不採択
M001,石崎徹,D06,https://www.city.takasago.lg.jp/soshikikarasagasu/gikaijimukyoku/takasagoshigikai/2/reiwa5/10028.html,R5/12,陳情,高砂市民病院を市直営の総合病院として存続させ地域医療を守る役割を果たすことを求める陳情書,不採択
M013,鷹尾治久,D06,https://www.city.takasago.lg.jp/soshikikarasagasu/gikaijimukyoku/takasagoshigikai/2/reiwa5/10028.html,R5/12,陳情,高砂市民病院を市直営の総合病院として存続させ地域医療を守る役割を果たすことを求める陳情書,不採択
M010,芝本鎮彰,D06,https://www.city.takasago.lg.jp/soshikikarasagasu/gikaijimukyoku/takasagoshigikai/2/reiwa5/10028.html,R5/12,陳情,高砂市民病院を市直営の総合病院として存続させ地域医療を守る役割を果たすことを求める陳情書,不採択
M012,鈴木利信,D06,https://www.city.takasago.lg.jp/soshikikarasagasu/gikaijimukyoku/takasagoshigikai/2/reiwa5/10028.html,R5/12,陳情,高砂市民病院を市直営の総合病院として存続させ地域医療を守る役割を果たすことを求める陳情書,不採択
M007,北野誠一郎,D06,https://www.city.takasago.lg.jp/soshikikarasagasu/gikaijimukyoku/takasagoshigikai/2/reiwa5/10028.html,R5/12,陳情,高砂市民病院を市直営の総合病院として存続させ地域医療を守る役割を果たすことを求める陳情書,不採択
M018,山田光昭,D06,https://www.city.takasago.lg.jp/soshikikarasagasu/gikaijimukyoku/takasagoshigikai/2/reiwa5/10028.html,R5/12,陳情,高砂市民病院を市直営の総合病院として存続させ地域医療を守る役割を果たすことを求める陳情書,不採択
M016,松野優也,D06,https://www.city.takasago.lg.jp/soshikikarasagasu/gikaijimukyoku/takasagoshigikai/2/reiwa5/10028.html,R5/12,陳情,高砂市民病院を市直営の総合病院として存続させ地域医療を守る役割を果たすことを求める陳情書,不採択
M019,横田英樹,D06,https://www.city.takasago.lg.jp/soshikikarasagasu/gikaijimukyoku/takasagoshigikai/2/reiwa5/10028.html,R5/12,陳情,高砂市民病院を市直営の総合病院として存続させ地域医療を守る役割を果たすことを求める陳情書,不採択
M005,大西由紀,D06,https://www.city.takasago.lg.jp/soshikikarasagasu/gikaijimukyoku/takasagoshigikai/2/reiwa5/10028.html,R5/12,陳情,年金制度における外国人への脱退一時金の是正を求める意見書の採択を求める陳情書,継続審議
M005,大西由紀,D06,https://www.city.takasago.lg.jp/soshikikarasagasu/gikaijimukyoku/takasagoshigikai/2/reiwa5/10028.html,R5/12,陳情,加齢性難聴者の補聴器購入に対する公的補助を求める陳情書,継続審議
M005,大西由紀,D07,https://www.city.takasago.lg.jp/soshikikarasagasu/gikaijimukyoku/takasagoshigikai/2/reiwa6/11097.html,3月定例会,条例議案,高砂市国民健康保険条例の一部を改正する条例を定めることについて,可決
M005,大西由紀,D07,https://www.city.takasago.lg.jp/soshikikarasagasu/gikaijimukyoku/takasagoshigikai/2/reiwa6/11097.html,3月定例会,条例議案,高砂市介護保険条例の一部を改正する条例を定めることについて,可決
M005,大西由紀,D07,https://www.city.takasago.lg.jp/soshikikarasagasu/gikaijimukyoku/takasagoshigikai/2/reiwa6/11097.html,3月定例会,補正予算,第10回令和5年度高砂市一般会計,可決
M005,大西由紀,D07,https://www.city.takasago.lg.jp/soshikikarasagasu/gikaijimukyoku/takasagoshigikai/2/reiwa6/11097.html,3月定例会,補正予算,第5回令和5年度高砂市水道事業会計,可決
M005,大西由紀,D07,https://www.city.takasago.lg.jp/soshikikarasagasu/gikaijimukyoku/takasagoshigikai/2/reiwa6/11097.html,3月定例会,予算,令和6年度高砂市一般会計,可決
M005,大西由紀,D07,https://www.city.takasago.lg.jp/soshikikarasagasu/gikaijimukyoku/takasagoshigikai/2/reiwa6/11097.html,3月定例会,予算,令和6年度高砂市国民健康保険事業特別会計,可決
M005,大西由紀,D07,https://www.city.takasago.lg.jp/soshikikarasagasu/gikaijimukyoku/takasagoshigikai/2/reiwa6/11097.html,3月定例会,予算,令和6年度高砂市後期高齢者医療事業特別会計,可決
M005,大西由紀,D07,https://www.city.takasago.lg.jp/soshikikarasagasu/gikaijimukyoku/takasagoshigikai/2/reiwa6/11097.html,3月定例会,予算,令和6年度高砂市介護保険事業特別会計,可決
M005,大西由紀,D07,https://www.city.takasago.lg.jp/soshikikarasagasu/gikaijimukyoku/takasagoshigikai/2/reiwa6/11097.html,3月定例会,陳情,加齢性難聴者の補聴器購入に対する公的補助を求める陳情,継続審議
M005,大西由紀,D07,https://www.city.takasago.lg.jp/soshikikarasagasu/gikaijimukyoku/takasagoshigikai/2/reiwa6/11097.html,3月定例会,陳情,年金制度における外国人への脱退一時金の是正を求める意見書の採択を求める陳情,継続審議
M005,大西由紀,D08,https://www.city.takasago.lg.jp/soshikikarasagasu/gikaijimukyoku/takasagoshigikai/2/reiwa6/11439.html,6月定例会,事件議案,兵庫県後期高齢者医療広域連合規約の変更について,可決
M005,大西由紀,D08,https://www.city.takasago.lg.jp/soshikikarasagasu/gikaijimukyoku/takasagoshigikai/2/reiwa6/11439.html,6月定例会,条例議案,高砂市新たな学校づくり推進審議会条例を定めることについて,可決
M005,大西由紀,D08,https://www.city.takasago.lg.jp/soshikikarasagasu/gikaijimukyoku/takasagoshigikai/2/reiwa6/11439.html,6月定例会,条例議案,特別職の職員で非常勤のものの報酬及び費用弁償に関する条例の一部を改正する条例を定めることについて,可決
M005,大西由紀,D08,https://www.city.takasago.lg.jp/soshikikarasagasu/gikaijimukyoku/takasagoshigikai/2/reiwa6/11439.html,6月定例会,補正予算,第1回令和6年度高砂市一般会計,可決
M019,横田英樹,D08,https://www.city.takasago.lg.jp/soshikikarasagasu/gikaijimukyoku/takasagoshigikai/2/reiwa6/11439.html,6月定例会,陳情,日本政府にミャンマー軍が実施した徴兵制に対し、在留ミャンマー人、ならびに日本への避難を希望する若者たちの安全を確保するよう求める意見書の提出を求める陳情書,趣旨採択
M005,大西由紀,D08,https://www.city.takasago.lg.jp/soshikikarasagasu/gikaijimukyoku/takasagoshigikai/2/reiwa6/11439.html,6月定例会,陳情,日本政府にミャンマー軍が実施した徴兵制に対し、在留ミャンマー人、ならびに日本への避難を希望する若者たちの安全を確保するよう求める意見書の提出を求める陳情書,趣旨採択
M002,入江啓太,D08,https://www.city.takasago.lg.jp/soshikikarasagasu/gikaijimukyoku/takasagoshigikai/2/reiwa6/11439.html,6月定例会,陳情,加齢性難聴者の補聴器購入に対する公的補助を求める陳情,不採択
M008,坂本まり,D08,https://www.city.takasago.lg.jp/soshikikarasagasu/gikaijimukyoku/takasagoshigikai/2/reiwa6/11439.html,6月定例会,陳情,加齢性難聴者の補聴器購入に対する公的補助を求める陳情,不採択
M006,川端宏明,D08,https://www.city.takasago.lg.jp/soshikikarasagasu/gikaijimukyoku/takasagoshigikai/2/reiwa6/11439.html,6月定例会,陳情,加齢性難聴者の補聴器購入に対する公的補助を求める陳情,不採択
M011,島津明香,D08,https://www.city.takasago.lg.jp/soshikikarasagasu/gikaijimukyoku/takasagoshigikai/2/reiwa6/11439.html,6月定例会,陳情,加齢性難聴者の補聴器購入に対する公的補助を求める陳情,不採択
M004,岩見明,D08,https://www.city.takasago.lg.jp/soshikikarasagasu/gikaijimukyoku/takasagoshigikai/2/reiwa6/11439.html,6月定例会,陳情,加齢性難聴者の補聴器購入に対する公的補助を求める陳情,不採択
M003,今竹大祐,D08,https://www.city.takasago.lg.jp/soshikikarasagasu/gikaijimukyoku/takasagoshigikai/2/reiwa6/11439.html,6月定例会,陳情,加齢性難聴者の補聴器購入に対する公的補助を求める陳情,不採択
M009,迫川高行,D08,https://www.city.takasago.lg.jp/soshikikarasagasu/gikaijimukyoku/takasagoshigikai/2/reiwa6/11439.html,6月定例会,陳情,加齢性難聴者の補聴器購入に対する公的補助を求める陳情,不採択
M014,春増勝利,D08,https://www.city.takasago.lg.jp/soshikikarasagasu/gikaijimukyoku/takasagoshigikai/2/reiwa6/11439.html,6月定例会,陳情,加齢性難聴者の補聴器購入に対する公的補助を求める陳情,不採択
M017,森秀樹,D08,https://www.city.takasago.lg.jp/soshikikarasagasu/gikaijimukyoku/takasagoshigikai/2/reiwa6/11439.html,6月定例会,陳情,加齢性難聴者の補聴器購入に対する公的補助を求める陳情,不採択
M001,石崎徹,D08,https://www.city.takasago.lg.jp/soshikikarasagasu/gikaijimukyoku/takasagoshigikai/2/reiwa6/11439.html,6月定例会,陳情,加齢性難聴者の補聴器購入に対する公的補助を求める陳情,不採択
M013,鷹尾治久,D08,https://www.city.takasago.lg.jp/soshikikarasagasu/gikaijimukyoku/takasagoshigikai/2/reiwa6/11439.html,6月定例会,陳情,加齢性難聴者の補聴器購入に対する公的補助を求める陳情,不採択
M010,芝本鎮彰,D08,https://www.city.takasago.lg.jp/soshikikarasagasu/gikaijimukyoku/takasagoshigikai/2/reiwa6/11439.html,6月定例会,陳情,加齢性難聴者の補聴器購入に対する公的補助を求める陳情,不採択
M012,鈴木利信,D08,https://www.city.takasago.lg.jp/soshikikarasagasu/gikaijimukyoku/takasagoshigikai/2/reiwa6/11439.html,6月定例会,陳情,加齢性難聴者の補聴器購入に対する公的補助を求める陳情,不採択
M007,北野誠一郎,D08,https://www.city.takasago.lg.jp/soshikikarasagasu/gikaijimukyoku/takasagoshigikai/2/reiwa6/11439.html,6月定例会,陳情,加齢性難聴者の補聴器購入に対する公的補助を求める陳情,不採択
M018,山田光昭,D08,https://www.city.takasago.lg.jp/soshikikarasagasu/gikaijimukyoku/takasagoshigikai/2/reiwa6/11439.html,6月定例会,陳情,加齢性難聴者の補聴器購入に対する公的補助を求める陳情,不採択
M016,松野優也,D08,https://www.city.takasago.lg.jp/soshikikarasagasu/gikaijimukyoku/takasagoshigikai/2/reiwa6/11439.html,6月定例会,陳情,加齢性難聴者の補聴器購入に対する公的補助を求める陳情,不採択
M019,横田英樹,D08,https://www.city.takasago.lg.jp/soshikikarasagasu/gikaijimukyoku/takasagoshigikai/2/reiwa6/11439.html,6月定例会,陳情,加齢性難聴者の補聴器購入に対する公的補助を求める陳情,不採択
M005,大西由紀,D09,https://www.city.takasago.lg.jp/soshikikarasagasu/gikaijimukyoku/takasagoshigikai/2/reiwa6/11599.html,R6/9,条例議案,高砂市国民健康保険条例の一部を改正する条例を定めることについて,可決
M005,大西由紀,D09,https://www.city.takasago.lg.jp/soshikikarasagasu/gikaijimukyoku/takasagoshigikai/2/reiwa6/11599.html,R6/9,条例議案,高砂市急傾斜地崩壊対策事業分担金徴収条例を定めることについて,可決
M005,大西由紀,D09,https://www.city.takasago.lg.jp/soshikikarasagasu/gikaijimukyoku/takasagoshigikai/2/reiwa6/11599.html,R6/9,条例議案,高砂市立学校条例等の一部を改正する条例を定めることについて,可決
M005,大西由紀,D09,https://www.city.takasago.lg.jp/soshikikarasagasu/gikaijimukyoku/takasagoshigikai/2/reiwa6/11599.html,R6/9,補正予算,第2回令和6年度高砂市一般会計,可決
M005,大西由紀,D09,https://www.city.takasago.lg.jp/soshikikarasagasu/gikaijimukyoku/takasagoshigikai/2/reiwa6/11599.html,R6/9,補正予算,第1回令和6年度高砂市国民健康保険事業特別会計,可決
M005,大西由紀,D09,https://www.city.takasago.lg.jp/soshikikarasagasu/gikaijimukyoku/takasagoshigikai/2/reiwa6/11599.html,R6/9,補正予算,第1回令和6年度高砂市後期高齢者医療事業特別会計,可決
M005,大西由紀,D09,https://www.city.takasago.lg.jp/soshikikarasagasu/gikaijimukyoku/takasagoshigikai/2/reiwa6/11599.html,R6/9,補正予算,第1回令和6年度高砂市介護保険事業特別会計,可決
M005,大西由紀,D10,https://www.city.takasago.lg.jp/soshikikarasagasu/gikaijimukyoku/takasagoshigikai/2/reiwa6/12385.html,12月定例会,事件議案,指定管理者の指定について（高砂市工楽松右衛門旧宅）,可決
M005,大西由紀,D10,https://www.city.takasago.lg.jp/soshikikarasagasu/gikaijimukyoku/takasagoshigikai/2/reiwa6/12385.html,12月定例会,事件議案,指定管理者の指定について（高砂市立図書館）,可決
M005,大西由紀,D10,https://www.city.takasago.lg.jp/soshikikarasagasu/gikaijimukyoku/takasagoshigikai/2/reiwa6/12385.html,12月定例会,事件議案,姫路市及び高砂市における連携中枢都市圏形成に係る連携協約の一部を変更する連携協約の締結について,可決
M012,鈴木利信,D10,https://www.city.takasago.lg.jp/soshikikarasagasu/gikaijimukyoku/takasagoshigikai/2/reiwa6/12385.html,12月定例会,条例議案,特別職の職員で常勤のものの給与に関する条例の一部を改正する条例を定めることについて,可決
M007,北野誠一郎,D10,https://www.city.takasago.lg.jp/soshikikarasagasu/gikaijimukyoku/takasagoshigikai/2/reiwa6/12385.html,12月定例会,条例議案,特別職の職員で常勤のものの給与に関する条例の一部を改正する条例を定めることについて,可決
M005,大西由紀,D10,https://www.city.takasago.lg.jp/soshikikarasagasu/gikaijimukyoku/takasagoshigikai/2/reiwa6/12385.html,12月定例会,条例議案,特別職の職員で常勤のものの給与に関する条例の一部を改正する条例を定めることについて,可決
M012,鈴木利信,D10,https://www.city.takasago.lg.jp/soshikikarasagasu/gikaijimukyoku/takasagoshigikai/2/reiwa6/12385.html,12月定例会,条例議案,議会議員の議員報酬及び費用弁償に関する条例の一部を改正する条例を定めることについて,可決
M007,北野誠一郎,D10,https://www.city.takasago.lg.jp/soshikikarasagasu/gikaijimukyoku/takasagoshigikai/2/reiwa6/12385.html,12月定例会,条例議案,議会議員の議員報酬及び費用弁償に関する条例の一部を改正する条例を定めることについて,可決
M005,大西由紀,D10,https://www.city.takasago.lg.jp/soshikikarasagasu/gikaijimukyoku/takasagoshigikai/2/reiwa6/12385.html,12月定例会,条例議案,議会議員の議員報酬及び費用弁償に関する条例の一部を改正する条例を定めることについて,可決
M005,大西由紀,D10,https://www.city.takasago.lg.jp/soshikikarasagasu/gikaijimukyoku/takasagoshigikai/2/reiwa6/12385.html,12月定例会,補正予算,第6回令和6年度高砂市一般会計,可決
M005,大西由紀,D10,https://www.city.takasago.lg.jp/soshikikarasagasu/gikaijimukyoku/takasagoshigikai/2/reiwa6/12385.html,12月定例会,補正予算,第7回令和6年度高砂市一般会計,可決
M005,大西由紀,D10,https://www.city.takasago.lg.jp/soshikikarasagasu/gikaijimukyoku/takasagoshigikai/2/reiwa6/12385.html,12月定例会,補正予算,第4回令和6年度高砂市水道事業会計,可決
M005,大西由紀,D10,https://www.city.takasago.lg.jp/soshikikarasagasu/gikaijimukyoku/takasagoshigikai/2/reiwa6/12385.html,12月定例会,補正予算,第2回令和6年度高砂市病院事業会計,可決
M005,大西由紀,D10,https://www.city.takasago.lg.jp/soshikikarasagasu/gikaijimukyoku/takasagoshigikai/2/reiwa6/12385.html,12月定例会,陳情,臓器移植に関わる不正取引、非人道性が疑われる国への渡航移植等を防止するための法整備等を求める意見書提出の陳情,継続審議
M005,大西由紀,D11,https://www.city.takasago.lg.jp/soshikikarasagasu/gikaijimukyoku/takasagoshigikai/2/reiwa6_1/12432.html,3月定例会,条例議案,行政手続における特定の個人を識別するための番号の利用等に関する法律に基づく個人番号の利用及び特定個人情報の提供に関する条例の一部を改正する条例を定めることについて,可決
M005,大西由紀,D11,https://www.city.takasago.lg.jp/soshikikarasagasu/gikaijimukyoku/takasagoshigikai/2/reiwa6_1/12432.html,3月定例会,条例議案,刑法等の一部を改正する法律の施行に伴う関係条例の整理に関する条例を定めることについて,可決
M005,大西由紀,D11,https://www.city.takasago.lg.jp/soshikikarasagasu/gikaijimukyoku/takasagoshigikai/2/reiwa6_1/12432.html,3月定例会,条例議案,高砂市国民健康保険条例の一部を改正する条例を定めることについて,可決
M005,大西由紀,D11,https://www.city.takasago.lg.jp/soshikikarasagasu/gikaijimukyoku/takasagoshigikai/2/reiwa6_1/12432.html,3月定例会,条例議案,高砂市議会個人情報の保護に関する条例の一部を改正する条例を定めることについて,可決
M005,大西由紀,D11,https://www.city.takasago.lg.jp/soshikikarasagasu/gikaijimukyoku/takasagoshigikai/2/reiwa6_1/12432.html,3月定例会,補正予算,第10回令和6年度高砂市一般会計,可決
M005,大西由紀,D11,https://www.city.takasago.lg.jp/soshikikarasagasu/gikaijimukyoku/takasagoshigikai/2/reiwa6_1/12432.html,3月定例会,予算,令和7年度高砂市一般会計,可決
M005,大西由紀,D11,https://www.city.takasago.lg.jp/soshikikarasagasu/gikaijimukyoku/takasagoshigikai/2/reiwa6_1/12432.html,3月定例会,予算,令和7年度高砂市国民健康保険事業特別会計,可決
M005,大西由紀,D11,https://www.city.takasago.lg.jp/soshikikarasagasu/gikaijimukyoku/takasagoshigikai/2/reiwa6_1/12432.html,3月定例会,予算,令和7年度高砂市後期高齢者医療事業特別会計,可決
M005,大西由紀,D11,https://www.city.takasago.lg.jp/soshikikarasagasu/gikaijimukyoku/takasagoshigikai/2/reiwa6_1/12432.html,3月定例会,予算,令和7年度高砂市介護保険事業特別会計,可決
M005,大西由紀,D11,https://www.city.takasago.lg.jp/soshikikarasagasu/gikaijimukyoku/takasagoshigikai/2/reiwa6_1/12432.html,3月定例会,陳情,臓器移植に関わる不正取引、非人道性が疑われる国への渡航移植等を防止するための法整備等を求める意見書提出の陳情,採択
M019,横田英樹,D13,https://www.city.takasago.lg.jp/soshikikarasagasu/gikaijimukyoku/takasagoshigikai/2/reiwa6_1/13005.html,9月定例会,条例議案,高砂市部設置条例の一部を改正する条例を定めることについて,継続審議と
M005,大西由紀,D13,https://www.city.takasago.lg.jp/soshikikarasagasu/gikaijimukyoku/takasagoshigikai/2/reiwa6_1/13005.html,9月定例会,条例議案,高砂市部設置条例の一部を改正する条例を定めることについて,継続審議と
M005,大西由紀,D13,https://www.city.takasago.lg.jp/soshikikarasagasu/gikaijimukyoku/takasagoshigikai/2/reiwa6_1/13005.html,9月定例会,補正予算,第5回令和7年度高砂市一般会計,可決
M005,大西由紀,D13,https://www.city.takasago.lg.jp/soshikikarasagasu/gikaijimukyoku/takasagoshigikai/2/reiwa6_1/13005.html,9月定例会,補正予算,第2回令和7年度高砂市国民健康保険事業特別会計,可決
M005,大西由紀,D13,https://www.city.takasago.lg.jp/soshikikarasagasu/gikaijimukyoku/takasagoshigikai/2/reiwa6_1/13005.html,9月定例会,補正予算,第1回令和7年度高砂市後期高齢者医療事業特別会計,可決
M005,大西由紀,D13,https://www.city.takasago.lg.jp/soshikikarasagasu/gikaijimukyoku/takasagoshigikai/2/reiwa6_1/13005.html,9月定例会,補正予算,第2回令和7年度高砂市介護保険事業特別会計,可決
M005,大西由紀,D13,https://www.city.takasago.lg.jp/soshikikarasagasu/gikaijimukyoku/takasagoshigikai/2/reiwa6_1/13005.html,9月定例会,陳情,高砂商工会議所会館建替支援に関する陳情書,趣旨採択
M002,入江啓太,D13,https://www.city.takasago.lg.jp/soshikikarasagasu/gikaijimukyoku/takasagoshigikai/2/reiwa6_1/13005.html,9月定例会,陳情,「消費税減税を求める意見書」の国への送付を求める陳情書,不採択
M004,岩見明,D13,https://www.city.takasago.lg.jp/soshikikarasagasu/gikaijimukyoku/takasagoshigikai/2/reiwa6_1/13005.html,9月定例会,陳情,「消費税減税を求める意見書」の国への送付を求める陳情書,不採択
M015,藤森誠,D13,https://www.city.takasago.lg.jp/soshikikarasagasu/gikaijimukyoku/takasagoshigikai/2/reiwa6_1/13005.html,9月定例会,陳情,「消費税減税を求める意見書」の国への送付を求める陳情書,不採択
M011,島津明香,D13,https://www.city.takasago.lg.jp/soshikikarasagasu/gikaijimukyoku/takasagoshigikai/2/reiwa6_1/13005.html,9月定例会,陳情,「消費税減税を求める意見書」の国への送付を求める陳情書,不採択
M003,今竹大祐,D13,https://www.city.takasago.lg.jp/soshikikarasagasu/gikaijimukyoku/takasagoshigikai/2/reiwa6_1/13005.html,9月定例会,陳情,「消費税減税を求める意見書」の国への送付を求める陳情書,不採択
M009,迫川高行,D13,https://www.city.takasago.lg.jp/soshikikarasagasu/gikaijimukyoku/takasagoshigikai/2/reiwa6_1/13005.html,9月定例会,陳情,「消費税減税を求める意見書」の国への送付を求める陳情書,不採択
M014,春増勝利,D13,https://www.city.takasago.lg.jp/soshikikarasagasu/gikaijimukyoku/takasagoshigikai/2/reiwa6_1/13005.html,9月定例会,陳情,「消費税減税を求める意見書」の国への送付を求める陳情書,不採択
M017,森秀樹,D13,https://www.city.takasago.lg.jp/soshikikarasagasu/gikaijimukyoku/takasagoshigikai/2/reiwa6_1/13005.html,9月定例会,陳情,「消費税減税を求める意見書」の国への送付を求める陳情書,不採択
M001,石崎徹,D13,https://www.city.takasago.lg.jp/soshikikarasagasu/gikaijimukyoku/takasagoshigikai/2/reiwa6_1/13005.html,9月定例会,陳情,「消費税減税を求める意見書」の国への送付を求める陳情書,不採択
M013,鷹尾治久,D13,https://www.city.takasago.lg.jp/soshikikarasagasu/gikaijimukyoku/takasagoshigikai/2/reiwa6_1/13005.html,9月定例会,陳情,「消費税減税を求める意見書」の国への送付を求める陳情書,不採択
M010,芝本鎮彰,D13,https://www.city.takasago.lg.jp/soshikikarasagasu/gikaijimukyoku/takasagoshigikai/2/reiwa6_1/13005.html,9月定例会,陳情,「消費税減税を求める意見書」の国への送付を求める陳情書,不採択
M012,鈴木利信,D13,https://www.city.takasago.lg.jp/soshikikarasagasu/gikaijimukyoku/takasagoshigikai/2/reiwa6_1/13005.html,9月定例会,陳情,「消費税減税を求める意見書」の国への送付を求める陳情書,不採択
M007,北野誠一郎,D13,https://www.city.takasago.lg.jp/soshikikarasagasu/gikaijimukyoku/takasagoshigikai/2/reiwa6_1/13005.html,9月定例会,陳情,「消費税減税を求める意見書」の国への送付を求める陳情書,不採択
M016,松野優也,D13,https://www.city.takasago.lg.jp/soshikikarasagasu/gikaijimukyoku/takasagoshigikai/2/reiwa6_1/13005.html,9月定例会,陳情,「消費税減税を求める意見書」の国への送付を求める陳情書,不採択
M018,山田光昭,D13,https://www.city.takasago.lg.jp/soshikikarasagasu/gikaijimukyoku/takasagoshigikai/2/reiwa6_1/13005.html,9月定例会,陳情,「消費税減税を求める意見書」の国への送付を求める陳情書,不採択
M008,坂本まり,D13,https://www.city.takasago.lg.jp/soshikikarasagasu/gikaijimukyoku/takasagoshigikai/2/reiwa6_1/13005.html,9月定例会,陳情,「消費税減税を求める意見書」の国への送付を求める陳情書,不採択
M002,入江啓太,D13,https://www.city.takasago.lg.jp/soshikikarasagasu/gikaijimukyoku/takasagoshigikai/2/reiwa6_1/13005.html,9月定例会,陳情,インボイス制度の廃止をめざし、事業者の負担を軽減する経過措置を継続するよう求める意見書を国に送付することを求める陳情書,不採択
M004,岩見明,D13,https://www.city.takasago.lg.jp/soshikikarasagasu/gikaijimukyoku/takasagoshigikai/2/reiwa6_1/13005.html,9月定例会,陳情,インボイス制度の廃止をめざし、事業者の負担を軽減する経過措置を継続するよう求める意見書を国に送付することを求める陳情書,不採択
M015,藤森誠,D13,https://www.city.takasago.lg.jp/soshikikarasagasu/gikaijimukyoku/takasagoshigikai/2/reiwa6_1/13005.html,9月定例会,陳情,インボイス制度の廃止をめざし、事業者の負担を軽減する経過措置を継続するよう求める意見書を国に送付することを求める陳情書,不採択
M011,島津明香,D13,https://www.city.takasago.lg.jp/soshikikarasagasu/gikaijimukyoku/takasagoshigikai/2/reiwa6_1/13005.html,9月定例会,陳情,インボイス制度の廃止をめざし、事業者の負担を軽減する経過措置を継続するよう求める意見書を国に送付することを求める陳情書,不採択
M003,今竹大祐,D13,https://www.city.takasago.lg.jp/soshikikarasagasu/gikaijimukyoku/takasagoshigikai/2/reiwa6_1/13005.html,9月定例会,陳情,インボイス制度の廃止をめざし、事業者の負担を軽減する経過措置を継続するよう求める意見書を国に送付することを求める陳情書,不採択
M009,迫川高行,D13,https://www.city.takasago.lg.jp/soshikikarasagasu/gikaijimukyoku/takasagoshigikai/2/reiwa6_1/13005.html,9月定例会,陳情,インボイス制度の廃止をめざし、事業者の負担を軽減する経過措置を継続するよう求める意見書を国に送付することを求める陳情書,不採択
M014,春増勝利,D13,https://www.city.takasago.lg.jp/soshikikarasagasu/gikaijimukyoku/takasagoshigikai/2/reiwa6_1/13005.html,9月定例会,陳情,インボイス制度の廃止をめざし、事業者の負担を軽減する経過措置を継続するよう求める意見書を国に送付することを求める陳情書,不採択
M017,森秀樹,D13,https://www.city.takasago.lg.jp/soshikikarasagasu/gikaijimukyoku/takasagoshigikai/2/reiwa6_1/13005.html,9月定例会,陳情,インボイス制度の廃止をめざし、事業者の負担を軽減する経過措置を継続するよう求める意見書を国に送付することを求める陳情書,不採択
M001,石崎徹,D13,https://www.city.takasago.lg.jp/soshikikarasagasu/gikaijimukyoku/takasagoshigikai/2/reiwa6_1/13005.html,9月定例会,陳情,インボイス制度の廃止をめざし、事業者の負担を軽減する経過措置を継続するよう求める意見書を国に送付することを求める陳情書,不採択
M013,鷹尾治久,D13,https://www.city.takasago.lg.jp/soshikikarasagasu/gikaijimukyoku/takasagoshigikai/2/reiwa6_1/13005.html,9月定例会,陳情,インボイス制度の廃止をめざし、事業者の負担を軽減する経過措置を継続するよう求める意見書を国に送付することを求める陳情書,不採択
M010,芝本鎮彰,D13,https://www.city.takasago.lg.jp/soshikikarasagasu/gikaijimukyoku/takasagoshigikai/2/reiwa6_1/13005.html,9月定例会,陳情,インボイス制度の廃止をめざし、事業者の負担を軽減する経過措置を継続するよう求める意見書を国に送付することを求める陳情書,不採択
M012,鈴木利信,D13,https://www.city.takasago.lg.jp/soshikikarasagasu/gikaijimukyoku/takasagoshigikai/2/reiwa6_1/13005.html,9月定例会,陳情,インボイス制度の廃止をめざし、事業者の負担を軽減する経過措置を継続するよう求める意見書を国に送付することを求める陳情書,不採択
M007,北野誠一郎,D13,https://www.city.takasago.lg.jp/soshikikarasagasu/gikaijimukyoku/takasagoshigikai/2/reiwa6_1/13005.html,9月定例会,陳情,インボイス制度の廃止をめざし、事業者の負担を軽減する経過措置を継続するよう求める意見書を国に送付することを求める陳情書,不採択
M016,松野優也,D13,https://www.city.takasago.lg.jp/soshikikarasagasu/gikaijimukyoku/takasagoshigikai/2/reiwa6_1/13005.html,9月定例会,陳情,インボイス制度の廃止をめざし、事業者の負担を軽減する経過措置を継続するよう求める意見書を国に送付することを求める陳情書,不採択
M018,山田光昭,D13,https://www.city.takasago.lg.jp/soshikikarasagasu/gikaijimukyoku/takasagoshigikai/2/reiwa6_1/13005.html,9月定例会,陳情,インボイス制度の廃止をめざし、事業者の負担を軽減する経過措置を継続するよう求める意見書を国に送付することを求める陳情書,不採択
M019,横田英樹,D13,https://www.city.takasago.lg.jp/soshikikarasagasu/gikaijimukyoku/takasagoshigikai/2/reiwa6_1/13005.html,9月定例会,陳情,インボイス制度の廃止をめざし、事業者の負担を軽減する経過措置を継続するよう求める意見書を国に送付することを求める陳情書,不採択
M008,坂本まり,D13,https://www.city.takasago.lg.jp/soshikikarasagasu/gikaijimukyoku/takasagoshigikai/2/reiwa6_1/13005.html,9月定例会,陳情,インボイス制度の廃止をめざし、事業者の負担を軽減する経過措置を継続するよう求める意見書を国に送付することを求める陳情書,不採択
M002,入江啓太,D13,https://www.city.takasago.lg.jp/soshikikarasagasu/gikaijimukyoku/takasagoshigikai/2/reiwa6_1/13005.html,9月定例会,陳情,高砂市民病院を市直営の公立病院として存続を求める陳情書,不採択
M004,岩見明,D13,https://www.city.takasago.lg.jp/soshikikarasagasu/gikaijimukyoku/takasagoshigikai/2/reiwa6_1/13005.html,9月定例会,陳情,高砂市民病院を市直営の公立病院として存続を求める陳情書,不採択
M015,藤森誠,D13,https://www.city.takasago.lg.jp/soshikikarasagasu/gikaijimukyoku/takasagoshigikai/2/reiwa6_1/13005.html,9月定例会,陳情,高砂市民病院を市直営の公立病院として存続を求める陳情書,不採択
M011,島津明香,D13,https://www.city.takasago.lg.jp/soshikikarasagasu/gikaijimukyoku/takasagoshigikai/2/reiwa6_1/13005.html,9月定例会,陳情,高砂市民病院を市直営の公立病院として存続を求める陳情書,不採択
M003,今竹大祐,D13,https://www.city.takasago.lg.jp/soshikikarasagasu/gikaijimukyoku/takasagoshigikai/2/reiwa6_1/13005.html,9月定例会,陳情,高砂市民病院を市直営の公立病院として存続を求める陳情書,不採択
M009,迫川高行,D13,https://www.city.takasago.lg.jp/soshikikarasagasu/gikaijimukyoku/takasagoshigikai/2/reiwa6_1/13005.html,9月定例会,陳情,高砂市民病院を市直営の公立病院として存続を求める陳情書,不採択
M014,春増勝利,D13,https://www.city.takasago.lg.jp/soshikikarasagasu/gikaijimukyoku/takasagoshigikai/2/reiwa6_1/13005.html,9月定例会,陳情,高砂市民病院を市直営の公立病院として存続を求める陳情書,不採択
M017,森秀樹,D13,https://www.city.takasago.lg.jp/soshikikarasagasu/gikaijimukyoku/takasagoshigikai/2/reiwa6_1/13005.html,9月定例会,陳情,高砂市民病院を市直営の公立病院として存続を求める陳情書,不採択
M001,石崎徹,D13,https://www.city.takasago.lg.jp/soshikikarasagasu/gikaijimukyoku/takasagoshigikai/2/reiwa6_1/13005.html,9月定例会,陳情,高砂市民病院を市直営の公立病院として存続を求める陳情書,不採択
M013,鷹尾治久,D13,https://www.city.takasago.lg.jp/soshikikarasagasu/gikaijimukyoku/takasagoshigikai/2/reiwa6_1/13005.html,9月定例会,陳情,高砂市民病院を市直営の公立病院として存続を求める陳情書,不採択
M010,芝本鎮彰,D13,https://www.city.takasago.lg.jp/soshikikarasagasu/gikaijimukyoku/takasagoshigikai/2/reiwa6_1/13005.html,9月定例会,陳情,高砂市民病院を市直営の公立病院として存続を求める陳情書,不採択
M012,鈴木利信,D13,https://www.city.takasago.lg.jp/soshikikarasagasu/gikaijimukyoku/takasagoshigikai/2/reiwa6_1/13005.html,9月定例会,陳情,高砂市民病院を市直営の公立病院として存続を求める陳情書,不採択
M007,北野誠一郎,D13,https://www.city.takasago.lg.jp/soshikikarasagasu/gikaijimukyoku/takasagoshigikai/2/reiwa6_1/13005.html,9月定例会,陳情,高砂市民病院を市直営の公立病院として存続を求める陳情書,不採択
M016,松野優也,D13,https://www.city.takasago.lg.jp/soshikikarasagasu/gikaijimukyoku/takasagoshigikai/2/reiwa6_1/13005.html,9月定例会,陳情,高砂市民病院を市直営の公立病院として存続を求める陳情書,不採択
M018,山田光昭,D13,https://www.city.takasago.lg.jp/soshikikarasagasu/gikaijimukyoku/takasagoshigikai/2/reiwa6_1/13005.html,9月定例会,陳情,高砂市民病院を市直営の公立病院として存続を求める陳情書,不採択
M019,横田英樹,D13,https://www.city.takasago.lg.jp/soshikikarasagasu/gikaijimukyoku/takasagoshigikai/2/reiwa6_1/13005.html,9月定例会,陳情,高砂市民病院を市直営の公立病院として存続を求める陳情書,不採択
M008,坂本まり,D13,https://www.city.takasago.lg.jp/soshikikarasagasu/gikaijimukyoku/takasagoshigikai/2/reiwa6_1/13005.html,9月定例会,陳情,高砂市民病院を市直営の公立病院として存続を求める陳情書,不採択
M005,大西由紀,D14,https://www.city.takasago.lg.jp/soshikikarasagasu/gikaijimukyoku/takasagoshigikai/2/reiwa6_1/13745.html,R7/12,事件議案,高砂市市民税減免基準等の廃止について,可決
M005,大西由紀,D14,https://www.city.takasago.lg.jp/soshikikarasagasu/gikaijimukyoku/takasagoshigikai/2/reiwa6_1/13745.html,R7/12,条例議案,高砂市職員の給与に関する条例の一部を改正する条例を定めることについて,可決
M001,石崎徹,D14,https://www.city.takasago.lg.jp/soshikikarasagasu/gikaijimukyoku/takasagoshigikai/2/reiwa6_1/13745.html,R7/12,条例議案,特別職の職員で常勤のものの給与に関する条例の一部を改正する条例を定めることについて,可決
M013,鷹尾治久,D14,https://www.city.takasago.lg.jp/soshikikarasagasu/gikaijimukyoku/takasagoshigikai/2/reiwa6_1/13745.html,R7/12,条例議案,特別職の職員で常勤のものの給与に関する条例の一部を改正する条例を定めることについて,可決
M010,芝本鎮彰,D14,https://www.city.takasago.lg.jp/soshikikarasagasu/gikaijimukyoku/takasagoshigikai/2/reiwa6_1/13745.html,R7/12,条例議案,特別職の職員で常勤のものの給与に関する条例の一部を改正する条例を定めることについて,可決
M012,鈴木利信,D14,https://www.city.takasago.lg.jp/soshikikarasagasu/gikaijimukyoku/takasagoshigikai/2/reiwa6_1/13745.html,R7/12,条例議案,特別職の職員で常勤のものの給与に関する条例の一部を改正する条例を定めることについて,可決
M007,北野誠一郎,D14,https://www.city.takasago.lg.jp/soshikikarasagasu/gikaijimukyoku/takasagoshigikai/2/reiwa6_1/13745.html,R7/12,条例議案,特別職の職員で常勤のものの給与に関する条例の一部を改正する条例を定めることについて,可決
M019,横田英樹,D14,https://www.city.takasago.lg.jp/soshikikarasagasu/gikaijimukyoku/takasagoshigikai/2/reiwa6_1/13745.html,R7/12,条例議案,特別職の職員で常勤のものの給与に関する条例の一部を改正する条例を定めることについて,可決
M005,大西由紀,D14,https://www.city.takasago.lg.jp/soshikikarasagasu/gikaijimukyoku/takasagoshigikai/2/reiwa6_1/13745.html,R7/12,条例議案,特別職の職員で常勤のものの給与に関する条例の一部を改正する条例を定めることについて,可決
M008,坂本まり,D14,https://www.city.takasago.lg.jp/soshikikarasagasu/gikaijimukyoku/takasagoshigikai/2/reiwa6_1/13745.html,R7/12,条例議案,特別職の職員で常勤のものの給与に関する条例の一部を改正する条例を定めることについて,可決
M001,石崎徹,D14,https://www.city.takasago.lg.jp/soshikikarasagasu/gikaijimukyoku/takasagoshigikai/2/reiwa6_1/13745.html,R7/12,条例議案,議会議員の議員報酬及び費用弁償に関する条例の一部を改正する条例を定めることについて,可決
M013,鷹尾治久,D14,https://www.city.takasago.lg.jp/soshikikarasagasu/gikaijimukyoku/takasagoshigikai/2/reiwa6_1/13745.html,R7/12,条例議案,議会議員の議員報酬及び費用弁償に関する条例の一部を改正する条例を定めることについて,可決
M010,芝本鎮彰,D14,https://www.city.takasago.lg.jp/soshikikarasagasu/gikaijimukyoku/takasagoshigikai/2/reiwa6_1/13745.html,R7/12,条例議案,議会議員の議員報酬及び費用弁償に関する条例の一部を改正する条例を定めることについて,可決
M012,鈴木利信,D14,https://www.city.takasago.lg.jp/soshikikarasagasu/gikaijimukyoku/takasagoshigikai/2/reiwa6_1/13745.html,R7/12,条例議案,議会議員の議員報酬及び費用弁償に関する条例の一部を改正する条例を定めることについて,可決
M007,北野誠一郎,D14,https://www.city.takasago.lg.jp/soshikikarasagasu/gikaijimukyoku/takasagoshigikai/2/reiwa6_1/13745.html,R7/12,条例議案,議会議員の議員報酬及び費用弁償に関する条例の一部を改正する条例を定めることについて,可決
M019,横田英樹,D14,https://www.city.takasago.lg.jp/soshikikarasagasu/gikaijimukyoku/takasagoshigikai/2/reiwa6_1/13745.html,R7/12,条例議案,議会議員の議員報酬及び費用弁償に関する条例の一部を改正する条例を定めることについて,可決
M005,大西由紀,D14,https://www.city.takasago.lg.jp/soshikikarasagasu/gikaijimukyoku/takasagoshigikai/2/reiwa6_1/13745.html,R7/12,条例議案,議会議員の議員報酬及び費用弁償に関する条例の一部を改正する条例を定めることについて,可決
M008,坂本まり,D14,https://www.city.takasago.lg.jp/soshikikarasagasu/gikaijimukyoku/takasagoshigikai/2/reiwa6_1/13745.html,R7/12,条例議案,議会議員の議員報酬及び費用弁償に関する条例の一部を改正する条例を定めることについて,可決
M005,大西由紀,D14,https://www.city.takasago.lg.jp/soshikikarasagasu/gikaijimukyoku/takasagoshigikai/2/reiwa6_1/13745.html,R7/12,条例議案,高砂市市税条例の一部を改正する条例を定めることについて,可決
M005,大西由紀,D14,https://www.city.takasago.lg.jp/soshikikarasagasu/gikaijimukyoku/takasagoshigikai/2/reiwa6_1/13745.html,R7/12,条例議案,高砂市民プール条例を廃止する条例を定めることについて,可決
M005,大西由紀,D14,https://www.city.takasago.lg.jp/soshikikarasagasu/gikaijimukyoku/takasagoshigikai/2/reiwa6_1/13745.html,R7/12,条例議案,高砂市乳児等通園支援事業の設備及び運営に関する基準を定める条例を定めることについて,可決
M005,大西由紀,D14,https://www.city.takasago.lg.jp/soshikikarasagasu/gikaijimukyoku/takasagoshigikai/2/reiwa6_1/13745.html,R7/12,条例議案,高砂市病院事業の設置等に関する条例の一部を改正する等の条例を定めることについて,可決
M005,大西由紀,D14,https://www.city.takasago.lg.jp/soshikikarasagasu/gikaijimukyoku/takasagoshigikai/2/reiwa6_1/13745.html,R7/12,補正予算,第6回令和7年度高砂市一般会計,可決
M005,大西由紀,D14,https://www.city.takasago.lg.jp/soshikikarasagasu/gikaijimukyoku/takasagoshigikai/2/reiwa6_1/13745.html,R7/12,陳情,臓器移植に関わる不正な臓器取引や移植目的の渡航等を防止し、国民が知らずに犯罪に巻き込まれることを防ぐための環境整備等を求める意見書提出の陳情,採択
M005,大西由紀,D15,https://www.city.takasago.lg.jp/soshikikarasagasu/gikaijimukyoku/takasagoshigikai/2/reiwa8/13902.html,3月定例会,事件議案・条例議案,高砂市基本構想及び高砂市基本計画の一部を変更することについて,可決
M005,大西由紀,D15,https://www.city.takasago.lg.jp/soshikikarasagasu/gikaijimukyoku/takasagoshigikai/2/reiwa8/13902.html,3月定例会,事件議案・条例議案,高砂市職員の給与に関する条例等の一部を改正する条例を定めることについて,可決
M005,大西由紀,D15,https://www.city.takasago.lg.jp/soshikikarasagasu/gikaijimukyoku/takasagoshigikai/2/reiwa8/13902.html,3月定例会,事件議案・条例議案,高砂市印鑑条例の一部を改正する条例を定めることについて,可決
M005,大西由紀,D15,https://www.city.takasago.lg.jp/soshikikarasagasu/gikaijimukyoku/takasagoshigikai/2/reiwa8/13902.html,3月定例会,事件議案・条例議案,高砂市国民健康保険条例の一部を改正する条例を定めることについて,可決
M005,大西由紀,D15,https://www.city.takasago.lg.jp/soshikikarasagasu/gikaijimukyoku/takasagoshigikai/2/reiwa8/13902.html,3月定例会,予算議案,第10回令和7年度高砂市一般会計補正予算,可決
M005,大西由紀,D15,https://www.city.takasago.lg.jp/soshikikarasagasu/gikaijimukyoku/takasagoshigikai/2/reiwa8/13902.html,3月定例会,予算議案,第4回令和7年度高砂市国民健康保険事業特別会計補正予算,可決
M005,大西由紀,D15,https://www.city.takasago.lg.jp/soshikikarasagasu/gikaijimukyoku/takasagoshigikai/2/reiwa8/13902.html,3月定例会,予算議案,第3回令和7年度高砂市後期高齢者医療事業特別会計補正予算,可決
M005,大西由紀,D15,https://www.city.takasago.lg.jp/soshikikarasagasu/gikaijimukyoku/takasagoshigikai/2/reiwa8/13902.html,3月定例会,予算議案,令和8年度高砂市一般会計予算,可決
M005,大西由紀,D15,https://www.city.takasago.lg.jp/soshikikarasagasu/gikaijimukyoku/takasagoshigikai/2/reiwa8/13902.html,3月定例会,予算議案,令和8年度高砂市国民健康保険事業特別会計予算,可決
M005,大西由紀,D15,https://www.city.takasago.lg.jp/soshikikarasagasu/gikaijimukyoku/takasagoshigikai/2/reiwa8/13902.html,3月定例会,予算議案,令和8年度高砂市後期高齢者医療事業特別会計予算,可決
M005,大西由紀,D15,https://www.city.takasago.lg.jp/soshikikarasagasu/gikaijimukyoku/takasagoshigikai/2/reiwa8/13902.html,3月定例会,予算議案,令和8年度高砂市介護保険事業特別会計予算,可決
M005,大西由紀,D15,https://www.city.takasago.lg.jp/soshikikarasagasu/gikaijimukyoku/takasagoshigikai/2/reiwa8/13902.html,3月定例会,予算議案,令和8年度高砂市水道事業会計予算,可決
M002,入江啓太,D15,https://www.city.takasago.lg.jp/soshikikarasagasu/gikaijimukyoku/takasagoshigikai/2/reiwa8/13902.html,3月定例会,陳情,国に国民の主食である米の価格を統制することを求める意見書の提出に関する陳情書,不採択
M004,岩見明,D15,https://www.city.takasago.lg.jp/soshikikarasagasu/gikaijimukyoku/takasagoshigikai/2/reiwa8/13902.html,3月定例会,陳情,国に国民の主食である米の価格を統制することを求める意見書の提出に関する陳情書,不採択
M015,藤森誠,D15,https://www.city.takasago.lg.jp/soshikikarasagasu/gikaijimukyoku/takasagoshigikai/2/reiwa8/13902.html,3月定例会,陳情,国に国民の主食である米の価格を統制することを求める意見書の提出に関する陳情書,不採択
M011,島津明香,D15,https://www.city.takasago.lg.jp/soshikikarasagasu/gikaijimukyoku/takasagoshigikai/2/reiwa8/13902.html,3月定例会,陳情,国に国民の主食である米の価格を統制することを求める意見書の提出に関する陳情書,不採択
M003,今竹大祐,D15,https://www.city.takasago.lg.jp/soshikikarasagasu/gikaijimukyoku/takasagoshigikai/2/reiwa8/13902.html,3月定例会,陳情,国に国民の主食である米の価格を統制することを求める意見書の提出に関する陳情書,不採択
M009,迫川高行,D15,https://www.city.takasago.lg.jp/soshikikarasagasu/gikaijimukyoku/takasagoshigikai/2/reiwa8/13902.html,3月定例会,陳情,国に国民の主食である米の価格を統制することを求める意見書の提出に関する陳情書,不採択
M014,春増勝利,D15,https://www.city.takasago.lg.jp/soshikikarasagasu/gikaijimukyoku/takasagoshigikai/2/reiwa8/13902.html,3月定例会,陳情,国に国民の主食である米の価格を統制することを求める意見書の提出に関する陳情書,不採択
M017,森秀樹,D15,https://www.city.takasago.lg.jp/soshikikarasagasu/gikaijimukyoku/takasagoshigikai/2/reiwa8/13902.html,3月定例会,陳情,国に国民の主食である米の価格を統制することを求める意見書の提出に関する陳情書,不採択
M001,石崎徹,D15,https://www.city.takasago.lg.jp/soshikikarasagasu/gikaijimukyoku/takasagoshigikai/2/reiwa8/13902.html,3月定例会,陳情,国に国民の主食である米の価格を統制することを求める意見書の提出に関する陳情書,不採択
M013,鷹尾治久,D15,https://www.city.takasago.lg.jp/soshikikarasagasu/gikaijimukyoku/takasagoshigikai/2/reiwa8/13902.html,3月定例会,陳情,国に国民の主食である米の価格を統制することを求める意見書の提出に関する陳情書,不採択
M010,芝本鎮彰,D15,https://www.city.takasago.lg.jp/soshikikarasagasu/gikaijimukyoku/takasagoshigikai/2/reiwa8/13902.html,3月定例会,陳情,国に国民の主食である米の価格を統制することを求める意見書の提出に関する陳情書,不採択
M012,鈴木利信,D15,https://www.city.takasago.lg.jp/soshikikarasagasu/gikaijimukyoku/takasagoshigikai/2/reiwa8/13902.html,3月定例会,陳情,国に国民の主食である米の価格を統制することを求める意見書の提出に関する陳情書,不採択
M007,北野誠一郎,D15,https://www.city.takasago.lg.jp/soshikikarasagasu/gikaijimukyoku/takasagoshigikai/2/reiwa8/13902.html,3月定例会,陳情,国に国民の主食である米の価格を統制することを求める意見書の提出に関する陳情書,不採択
M016,松野優也,D15,https://www.city.takasago.lg.jp/soshikikarasagasu/gikaijimukyoku/takasagoshigikai/2/reiwa8/13902.html,3月定例会,陳情,国に国民の主食である米の価格を統制することを求める意見書の提出に関する陳情書,不採択
M018,山田光昭,D15,https://www.city.takasago.lg.jp/soshikikarasagasu/gikaijimukyoku/takasagoshigikai/2/reiwa8/13902.html,3月定例会,陳情,国に国民の主食である米の価格を統制することを求める意見書の提出に関する陳情書,不採択
M019,横田英樹,D15,https://www.city.takasago.lg.jp/soshikikarasagasu/gikaijimukyoku/takasagoshigikai/2/reiwa8/13902.html,3月定例会,陳情,国に国民の主食である米の価格を統制することを求める意見書の提出に関する陳情書,不採択
M005,大西由紀,D15,https://www.city.takasago.lg.jp/soshikikarasagasu/gikaijimukyoku/takasagoshigikai/2/reiwa8/13902.html,3月定例会,陳情,国に国民の主食である米の価格を統制することを求める意見書の提出に関する陳情書,不採択
M008,坂本まり,D15,https://www.city.takasago.lg.jp/soshikikarasagasu/gikaijimukyoku/takasagoshigikai/2/reiwa8/13902.html,3月定例会,陳情,国に国民の主食である米の価格を統制することを求める意見書の提出に関する陳情書,不採択
M019,横田英樹,D16,https://www.city.takasago.lg.jp/soshikikarasagasu/gikaijimukyoku/takasagoshigikai/2/reiwa8/14106.html,第2回臨時会,事件議案,指定管理者の指定について,可決
M005,大西由紀,D16,https://www.city.takasago.lg.jp/soshikikarasagasu/gikaijimukyoku/takasagoshigikai/2/reiwa8/14106.html,第2回臨時会,事件議案,指定管理者の指定について,可決
M005,大西由紀,D16,https://www.city.takasago.lg.jp/soshikikarasagasu/gikaijimukyoku/takasagoshigikai/2/reiwa8/14106.html,第2回臨時会,条例議案,高砂市病院事業の設置等に関する条例の一部を改正する条例を定めることについて,可決
M005,大西由紀,D16,https://www.city.takasago.lg.jp/soshikikarasagasu/gikaijimukyoku/takasagoshigikai/2/reiwa8/14106.html,第2回臨時会,予算議案,第1回令和8年度高砂市病院事業会計補正,可決
M005,大西由紀,D16,https://www.city.takasago.lg.jp/soshikikarasagasu/gikaijimukyoku/takasagoshigikai/2/reiwa8/14106.html,6月定例会,予算議案,第2回令和8年度高砂市一般会計補正,可決
M002,入江啓太,D16,https://www.city.takasago.lg.jp/soshikikarasagasu/gikaijimukyoku/takasagoshigikai/2/reiwa8/14106.html,6月定例会,陳情,mRNA ワクチン（レプリコンワクチンを含む）接種事業中止の意見書提出を求める陳情書,不採択
M004,岩見明,D16,https://www.city.takasago.lg.jp/soshikikarasagasu/gikaijimukyoku/takasagoshigikai/2/reiwa8/14106.html,6月定例会,陳情,mRNA ワクチン（レプリコンワクチンを含む）接種事業中止の意見書提出を求める陳情書,不採択
M015,藤森誠,D16,https://www.city.takasago.lg.jp/soshikikarasagasu/gikaijimukyoku/takasagoshigikai/2/reiwa8/14106.html,6月定例会,陳情,mRNA ワクチン（レプリコンワクチンを含む）接種事業中止の意見書提出を求める陳情書,不採択
M011,島津明香,D16,https://www.city.takasago.lg.jp/soshikikarasagasu/gikaijimukyoku/takasagoshigikai/2/reiwa8/14106.html,6月定例会,陳情,mRNA ワクチン（レプリコンワクチンを含む）接種事業中止の意見書提出を求める陳情書,不採択
M003,今竹大祐,D16,https://www.city.takasago.lg.jp/soshikikarasagasu/gikaijimukyoku/takasagoshigikai/2/reiwa8/14106.html,6月定例会,陳情,mRNA ワクチン（レプリコンワクチンを含む）接種事業中止の意見書提出を求める陳情書,不採択
M009,迫川高行,D16,https://www.city.takasago.lg.jp/soshikikarasagasu/gikaijimukyoku/takasagoshigikai/2/reiwa8/14106.html,6月定例会,陳情,mRNA ワクチン（レプリコンワクチンを含む）接種事業中止の意見書提出を求める陳情書,不採択
M014,春増勝利,D16,https://www.city.takasago.lg.jp/soshikikarasagasu/gikaijimukyoku/takasagoshigikai/2/reiwa8/14106.html,6月定例会,陳情,mRNA ワクチン（レプリコンワクチンを含む）接種事業中止の意見書提出を求める陳情書,不採択
M017,森秀樹,D16,https://www.city.takasago.lg.jp/soshikikarasagasu/gikaijimukyoku/takasagoshigikai/2/reiwa8/14106.html,6月定例会,陳情,mRNA ワクチン（レプリコンワクチンを含む）接種事業中止の意見書提出を求める陳情書,不採択
M001,石崎徹,D16,https://www.city.takasago.lg.jp/soshikikarasagasu/gikaijimukyoku/takasagoshigikai/2/reiwa8/14106.html,6月定例会,陳情,mRNA ワクチン（レプリコンワクチンを含む）接種事業中止の意見書提出を求める陳情書,不採択
M013,鷹尾治久,D16,https://www.city.takasago.lg.jp/soshikikarasagasu/gikaijimukyoku/takasagoshigikai/2/reiwa8/14106.html,6月定例会,陳情,mRNA ワクチン（レプリコンワクチンを含む）接種事業中止の意見書提出を求める陳情書,不採択
M010,芝本鎮彰,D16,https://www.city.takasago.lg.jp/soshikikarasagasu/gikaijimukyoku/takasagoshigikai/2/reiwa8/14106.html,6月定例会,陳情,mRNA ワクチン（レプリコンワクチンを含む）接種事業中止の意見書提出を求める陳情書,不採択
M012,鈴木利信,D16,https://www.city.takasago.lg.jp/soshikikarasagasu/gikaijimukyoku/takasagoshigikai/2/reiwa8/14106.html,6月定例会,陳情,mRNA ワクチン（レプリコンワクチンを含む）接種事業中止の意見書提出を求める陳情書,不採択
M007,北野誠一郎,D16,https://www.city.takasago.lg.jp/soshikikarasagasu/gikaijimukyoku/takasagoshigikai/2/reiwa8/14106.html,6月定例会,陳情,mRNA ワクチン（レプリコンワクチンを含む）接種事業中止の意見書提出を求める陳情書,不採択
M016,松野優也,D16,https://www.city.takasago.lg.jp/soshikikarasagasu/gikaijimukyoku/takasagoshigikai/2/reiwa8/14106.html,6月定例会,陳情,mRNA ワクチン（レプリコンワクチンを含む）接種事業中止の意見書提出を求める陳情書,不採択
M018,山田光昭,D16,https://www.city.takasago.lg.jp/soshikikarasagasu/gikaijimukyoku/takasagoshigikai/2/reiwa8/14106.html,6月定例会,陳情,mRNA ワクチン（レプリコンワクチンを含む）接種事業中止の意見書提出を求める陳情書,不採択
M019,横田英樹,D16,https://www.city.takasago.lg.jp/soshikikarasagasu/gikaijimukyoku/takasagoshigikai/2/reiwa8/14106.html,6月定例会,陳情,mRNA ワクチン（レプリコンワクチンを含む）接種事業中止の意見書提出を求める陳情書,不採択
M005,大西由紀,D16,https://www.city.takasago.lg.jp/soshikikarasagasu/gikaijimukyoku/takasagoshigikai/2/reiwa8/14106.html,6月定例会,陳情,mRNA ワクチン（レプリコンワクチンを含む）接種事業中止の意見書提出を求める陳情書,不採択
M008,坂本まり,D16,https://www.city.takasago.lg.jp/soshikikarasagasu/gikaijimukyoku/takasagoshigikai/2/reiwa8/14106.html,6月定例会,陳情,mRNA ワクチン（レプリコンワクチンを含む）接種事業中止の意見書提出を求める陳情書,不採択
M002,入江啓太,D16,https://www.city.takasago.lg.jp/soshikikarasagasu/gikaijimukyoku/takasagoshigikai/2/reiwa8/14106.html,6月定例会,陳情,高すぎる国民健康保険料の引き下げ、抜本的改善を求める陳情,不採択
M004,岩見明,D16,https://www.city.takasago.lg.jp/soshikikarasagasu/gikaijimukyoku/takasagoshigikai/2/reiwa8/14106.html,6月定例会,陳情,高すぎる国民健康保険料の引き下げ、抜本的改善を求める陳情,不採択
M015,藤森誠,D16,https://www.city.takasago.lg.jp/soshikikarasagasu/gikaijimukyoku/takasagoshigikai/2/reiwa8/14106.html,6月定例会,陳情,高すぎる国民健康保険料の引き下げ、抜本的改善を求める陳情,不採択
M011,島津明香,D16,https://www.city.takasago.lg.jp/soshikikarasagasu/gikaijimukyoku/takasagoshigikai/2/reiwa8/14106.html,6月定例会,陳情,高すぎる国民健康保険料の引き下げ、抜本的改善を求める陳情,不採択
M003,今竹大祐,D16,https://www.city.takasago.lg.jp/soshikikarasagasu/gikaijimukyoku/takasagoshigikai/2/reiwa8/14106.html,6月定例会,陳情,高すぎる国民健康保険料の引き下げ、抜本的改善を求める陳情,不採択
M009,迫川高行,D16,https://www.city.takasago.lg.jp/soshikikarasagasu/gikaijimukyoku/takasagoshigikai/2/reiwa8/14106.html,6月定例会,陳情,高すぎる国民健康保険料の引き下げ、抜本的改善を求める陳情,不採択
M014,春増勝利,D16,https://www.city.takasago.lg.jp/soshikikarasagasu/gikaijimukyoku/takasagoshigikai/2/reiwa8/14106.html,6月定例会,陳情,高すぎる国民健康保険料の引き下げ、抜本的改善を求める陳情,不採択
M017,森秀樹,D16,https://www.city.takasago.lg.jp/soshikikarasagasu/gikaijimukyoku/takasagoshigikai/2/reiwa8/14106.html,6月定例会,陳情,高すぎる国民健康保険料の引き下げ、抜本的改善を求める陳情,不採択
M001,石崎徹,D16,https://www.city.takasago.lg.jp/soshikikarasagasu/gikaijimukyoku/takasagoshigikai/2/reiwa8/14106.html,6月定例会,陳情,高すぎる国民健康保険料の引き下げ、抜本的改善を求める陳情,不採択
M013,鷹尾治久,D16,https://www.city.takasago.lg.jp/soshikikarasagasu/gikaijimukyoku/takasagoshigikai/2/reiwa8/14106.html,6月定例会,陳情,高すぎる国民健康保険料の引き下げ、抜本的改善を求める陳情,不採択
M010,芝本鎮彰,D16,https://www.city.takasago.lg.jp/soshikikarasagasu/gikaijimukyoku/takasagoshigikai/2/reiwa8/14106.html,6月定例会,陳情,高すぎる国民健康保険料の引き下げ、抜本的改善を求める陳情,不採択
M012,鈴木利信,D16,https://www.city.takasago.lg.jp/soshikikarasagasu/gikaijimukyoku/takasagoshigikai/2/reiwa8/14106.html,6月定例会,陳情,高すぎる国民健康保険料の引き下げ、抜本的改善を求める陳情,不採択
M007,北野誠一郎,D16,https://www.city.takasago.lg.jp/soshikikarasagasu/gikaijimukyoku/takasagoshigikai/2/reiwa8/14106.html,6月定例会,陳情,高すぎる国民健康保険料の引き下げ、抜本的改善を求める陳情,不採択
M016,松野優也,D16,https://www.city.takasago.lg.jp/soshikikarasagasu/gikaijimukyoku/takasagoshigikai/2/reiwa8/14106.html,6月定例会,陳情,高すぎる国民健康保険料の引き下げ、抜本的改善を求める陳情,不採択
M018,山田光昭,D16,https://www.city.takasago.lg.jp/soshikikarasagasu/gikaijimukyoku/takasagoshigikai/2/reiwa8/14106.html,6月定例会,陳情,高すぎる国民健康保険料の引き下げ、抜本的改善を求める陳情,不採択
M019,横田英樹,D16,https://www.city.takasago.lg.jp/soshikikarasagasu/gikaijimukyoku/takasagoshigikai/2/reiwa8/14106.html,6月定例会,陳情,高すぎる国民健康保険料の引き下げ、抜本的改善を求める陳情,不採択
M008,坂本まり,D16,https://www.city.takasago.lg.jp/soshikikarasagasu/gikaijimukyoku/takasagoshigikai/2/reiwa8/14106.html,6月定例会,陳情,高すぎる国民健康保険料の引き下げ、抜本的改善を求める陳情,不採択
