議員ID,議員,議員別の賛否がある議案,賛成,反対,欠席,議長(表決に加わらず),退場・除斥など,会派内で少数側だった議案
M001,石崎徹,207,186,21,0,0,0,0
M002,入江啓太,207,188,19,0,0,0,0
M003,今竹大祐,207,149,8,1,49,0,0
M004,岩見明,207,188,19,0,0,0,0
M005,大西由紀,207,73,134,0,0,0,0
M006,川端宏明,164,120,13,0,31,0,0
M007,北野誠一郎,207,183,23,0,0,1,3
M008,坂本まり,207,186,21,0,0,0,0
M009,迫川高行,207,146,19,0,42,0,0
M010,芝本鎮彰,207,186,21,0,0,0,0
M011,島津明香,207,188,19,0,0,0,0
M012,鈴木利信,207,186,20,0,0,1,3
M013,鷹尾治久,207,186,21,0,0,0,0
M014,春増勝利,207,188,19,0,0,0,0
M015,藤森誠,196,148,17,0,31,0,0
M016,松野優也,207,188,19,0,0,0,0
M017,森秀樹,207,188,19,0,0,0,0
M018,山田光昭,207,188,19,0,0,0,0
M019,横田英樹,207,168,29,10,0,0,0
