fileName,議席番号,議員名(正規化),議員ID
R040920A,2,坂本まり,M008
R040920A,3,松野優也,M016
R040920A,4,山田光昭,M018
R040920A,5,石崎徹,M001
R040920A,6,鷹尾治久,M013
R040920A,7,芝本鎮彰,M010
R040920A,8,今竹大祐,M003
R040920A,9,川端宏明,M006
R040920A,10,島津明香,M011
R040920A,11,岩見明,M004
R040920A,12,藤森誠,M015
R040920A,13,迫川高行,M009
R040920A,14,春増勝利,M014
R040920A,15,森秀樹,M017
R040920A,16,大西由紀,M005
R040920A,17,横田英樹,M019
R040920A,18,鈴木利信,M012
R040920A,19,北野誠一郎,M007
R040922A,1,入江啓太,M002
R040922A,2,坂本まり,M008
R040922A,3,松野優也,M016
R040922A,4,山田光昭,M018
R040922A,5,石崎徹,M001
R040922A,6,鷹尾治久,M013
R040922A,7,芝本鎮彰,M010
R040922A,8,今竹大祐,M003
R040922A,9,川端宏明,M006
R040922A,10,島津明香,M011
R040922A,11,岩見明,M004
R040922A,12,藤森誠,M015
R040922A,13,迫川高行,M009
R040922A,14,春増勝利,M014
R040922A,15,森秀樹,M017
R040922A,16,大西由紀,M005
R040922A,17,横田英樹,M019
R040922A,18,鈴木利信,M012
R040922A,19,北野誠一郎,M007
R040926A,1,入江啓太,M002
R040926A,2,坂本まり,M008
R040926A,3,松野優也,M016
R040926A,4,山田光昭,M018
R040926A,5,石崎徹,M001
R040926A,6,鷹尾治久,M013
R040926A,7,芝本鎮彰,M010
R040926A,8,今竹大祐,M003
R040926A,9,川端宏明,M006
R040926A,10,島津明香,M011
R040926A,11,岩見明,M004
R040926A,12,藤森誠,M015
R040926A,13,迫川高行,M009
R040926A,14,春増勝利,M014
R040926A,15,森秀樹,M017
R040926A,16,大西由紀,M005
R040926A,17,横田英樹,M019
R040926A,18,鈴木利信,M012
R040926A,19,北野誠一郎,M007
R040927A,1,入江啓太,M002
R040927A,2,坂本まり,M008
R040927A,3,松野優也,M016
R040927A,4,山田光昭,M018
R040927A,5,石崎徹,M001
R040927A,6,鷹尾治久,M013
R040927A,7,芝本鎮彰,M010
R040927A,8,今竹大祐,M003
R040927A,9,川端宏明,M006
R040927A,10,島津明香,M011
R040927A,11,岩見明,M004
R040927A,12,藤森誠,M015
R040927A,13,迫川高行,M009
R040927A,14,春増勝利,M014
R040927A,15,森秀樹,M017
R040927A,16,大西由紀,M005
R040927A,17,横田英樹,M019
R040927A,18,鈴木利信,M012
R040927A,19,北野誠一郎,M007
R040929A,1,入江啓太,M002
R040929A,2,坂本まり,M008
R040929A,3,松野優也,M016
R040929A,4,山田光昭,M018
R040929A,5,石崎徹,M001
R040929A,6,鷹尾治久,M013
R040929A,7,芝本鎮彰,M010
R040929A,8,今竹大祐,M003
R040929A,9,川端宏明,M006
R040929A,10,島津明香,M011
R040929A,11,岩見明,M004
R040929A,12,藤森誠,M015
R040929A,13,迫川高行,M009
R040929A,14,春増勝利,M014
R040929A,15,森秀樹,M017
R040929A,16,大西由紀,M005
R040929A,17,横田英樹,M019
R040929A,18,鈴木利信,M012
R040929A,19,北野誠一郎,M007
R040930A,1,入江啓太,M002
R040930A,2,坂本まり,M008
R040930A,3,松野優也,M016
R040930A,4,山田光昭,M018
R040930A,5,石崎徹,M001
R040930A,6,鷹尾治久,M013
R040930A,7,芝本鎮彰,M010
R040930A,8,今竹大祐,M003
R040930A,9,川端宏明,M006
R040930A,10,島津明香,M011
R040930A,11,岩見明,M004
R040930A,12,藤森誠,M015
R040930A,13,迫川高行,M009
R040930A,14,春増勝利,M014
R040930A,15,森秀樹,M017
R040930A,16,大西由紀,M005
R040930A,17,横田英樹,M019
R040930A,18,鈴木利信,M012
R040930A,19,北野誠一郎,M007
R041005A,1,入江啓太,M002
R041005A,2,坂本まり,M008
R041005A,3,松野優也,M016
R041005A,4,山田光昭,M018
R041005A,5,石崎徹,M001
R041005A,6,鷹尾治久,M013
R041005A,7,芝本鎮彰,M010
R041005A,8,今竹大祐,M003
R041005A,9,川端宏明,M006
R041005A,10,島津明香,M011
R041005A,11,岩見明,M004
R041005A,12,藤森誠,M015
R041005A,13,迫川高行,M009
R041005A,14,春増勝利,M014
R041005A,15,森秀樹,M017
R041005A,16,大西由紀,M005
R041005A,17,横田英樹,M019
R041005A,18,鈴木利信,M012
R041005A,19,北野誠一郎,M007
R041205A,1,入江啓太,M002
R041205A,2,坂本まり,M008
R041205A,3,松野優也,M016
R041205A,4,山田光昭,M018
R041205A,5,石崎徹,M001
R041205A,6,鷹尾治久,M013
R041205A,7,芝本鎮彰,M010
R041205A,8,今竹大祐,M003
R041205A,9,川端宏明,M006
R041205A,10,島津明香,M011
R041205A,11,岩見明,M004
R041205A,12,藤森誠,M015
R041205A,13,迫川高行,M009
R041205A,14,春増勝利,M014
R041205A,15,森秀樹,M017
R041205A,16,大西由紀,M005
R041205A,17,横田英樹,M019
R041205A,18,鈴木利信,M012
R041205A,19,北野誠一郎,M007
R041206A,1,入江啓太,M002
R041206A,2,坂本まり,M008
R041206A,3,松野優也,M016
R041206A,4,山田光昭,M018
R041206A,5,石崎徹,M001
R041206A,6,鷹尾治久,M013
R041206A,7,芝本鎮彰,M010
R041206A,8,今竹大祐,M003
R041206A,9,川端宏明,M006
R041206A,10,島津明香,M011
R041206A,11,岩見明,M004
R041206A,12,藤森誠,M015
R041206A,13,迫川高行,M009
R041206A,14,春増勝利,M014
R041206A,15,森秀樹,M017
R041206A,16,大西由紀,M005
R041206A,17,横田英樹,M019
R041206A,18,鈴木利信,M012
R041206A,19,北野誠一郎,M007
R041207A,1,入江啓太,M002
R041207A,2,坂本まり,M008
R041207A,3,松野優也,M016
R041207A,4,山田光昭,M018
R041207A,5,石崎徹,M001
R041207A,6,鷹尾治久,M013
R041207A,7,芝本鎮彰,M010
R041207A,8,今竹大祐,M003
R041207A,9,川端宏明,M006
R041207A,10,島津明香,M011
R041207A,11,岩見明,M004
R041207A,12,藤森誠,M015
R041207A,13,迫川高行,M009
R041207A,14,春増勝利,M014
R041207A,15,森秀樹,M017
R041207A,16,大西由紀,M005
R041207A,17,横田英樹,M019
R041207A,18,鈴木利信,M012
R041207A,19,北野誠一郎,M007
R041209A,1,入江啓太,M002
R041209A,2,坂本まり,M008
R041209A,3,松野優也,M016
R041209A,4,山田光昭,M018
R041209A,5,石崎徹,M001
R041209A,6,鷹尾治久,M013
R041209A,7,芝本鎮彰,M010
R041209A,8,今竹大祐,M003
R041209A,9,川端宏明,M006
R041209A,10,島津明香,M011
R041209A,11,岩見明,M004
R041209A,12,藤森誠,M015
R041209A,13,迫川高行,M009
R041209A,14,春増勝利,M014
R041209A,15,森秀樹,M017
R041209A,16,大西由紀,M005
R041209A,17,横田英樹,M019
R041209A,18,鈴木利信,M012
R041209A,19,北野誠一郎,M007
R041212A,1,入江啓太,M002
R041212A,2,坂本まり,M008
R041212A,3,松野優也,M016
R041212A,4,山田光昭,M018
R041212A,5,石崎徹,M001
R041212A,6,鷹尾治久,M013
R041212A,7,芝本鎮彰,M010
R041212A,8,今竹大祐,M003
R041212A,9,川端宏明,M006
R041212A,10,島津明香,M011
R041212A,11,岩見明,M004
R041212A,12,藤森誠,M015
R041212A,13,迫川高行,M009
R041212A,14,春増勝利,M014
R041212A,15,森秀樹,M017
R041212A,16,大西由紀,M005
R041212A,17,横田英樹,M019
R041212A,18,鈴木利信,M012
R041212A,19,北野誠一郎,M007
R041216A,1,入江啓太,M002
R041216A,2,坂本まり,M008
R041216A,3,松野優也,M016
R041216A,4,山田光昭,M018
R041216A,5,石崎徹,M001
R041216A,6,鷹尾治久,M013
R041216A,7,芝本鎮彰,M010
R041216A,8,今竹大祐,M003
R041216A,9,川端宏明,M006
R041216A,10,島津明香,M011
R041216A,11,岩見明,M004
R041216A,12,藤森誠,M015
R041216A,13,迫川高行,M009
R041216A,14,春増勝利,M014
R041216A,15,森秀樹,M017
R041216A,16,大西由紀,M005
R041216A,17,横田英樹,M019
R041216A,18,鈴木利信,M012
R041216A,19,北野誠一郎,M007
R050222A,1,入江啓太,M002
R050222A,2,坂本まり,M008
R050222A,3,松野優也,M016
R050222A,4,山田光昭,M018
R050222A,5,石崎徹,M001
R050222A,6,鷹尾治久,M013
R050222A,7,芝本鎮彰,M010
R050222A,8,今竹大祐,M003
R050222A,9,川端宏明,M006
R050222A,10,島津明香,M011
R050222A,11,岩見明,M004
R050222A,12,藤森誠,M015
R050222A,13,迫川高行,M009
R050222A,14,春増勝利,M014
R050222A,15,森秀樹,M017
R050222A,16,大西由紀,M005
R050222A,17,横田英樹,M019
R050222A,18,鈴木利信,M012
R050222A,19,北野誠一郎,M007
R050224A,1,入江啓太,M002
R050224A,2,坂本まり,M008
R050224A,3,松野優也,M016
R050224A,4,山田光昭,M018
R050224A,5,石崎徹,M001
R050224A,6,鷹尾治久,M013
R050224A,7,芝本鎮彰,M010
R050224A,8,今竹大祐,M003
R050224A,9,川端宏明,M006
R050224A,10,島津明香,M011
R050224A,11,岩見明,M004
R050224A,12,藤森誠,M015
R050224A,13,迫川高行,M009
R050224A,14,春増勝利,M014
R050224A,15,森秀樹,M017
R050224A,16,大西由紀,M005
R050224A,17,横田英樹,M019
R050224A,18,鈴木利信,M012
R050224A,19,北野誠一郎,M007
R050227A,1,入江啓太,M002
R050227A,2,坂本まり,M008
R050227A,3,松野優也,M016
R050227A,4,山田光昭,M018
R050227A,5,石崎徹,M001
R050227A,6,鷹尾治久,M013
R050227A,7,芝本鎮彰,M010
R050227A,8,今竹大祐,M003
R050227A,9,川端宏明,M006
R050227A,10,島津明香,M011
R050227A,11,岩見明,M004
R050227A,12,藤森誠,M015
R050227A,13,迫川高行,M009
R050227A,14,春増勝利,M014
R050227A,15,森秀樹,M017
R050227A,16,大西由紀,M005
R050227A,17,横田英樹,M019
R050227A,18,鈴木利信,M012
R050227A,19,北野誠一郎,M007
R050302A,1,入江啓太,M002
R050302A,2,坂本まり,M008
R050302A,3,松野優也,M016
R050302A,4,山田光昭,M018
R050302A,5,石崎徹,M001
R050302A,6,鷹尾治久,M013
R050302A,7,芝本鎮彰,M010
R050302A,8,今竹大祐,M003
R050302A,9,川端宏明,M006
R050302A,10,島津明香,M011
R050302A,11,岩見明,M004
R050302A,12,藤森誠,M015
R050302A,13,迫川高行,M009
R050302A,14,春増勝利,M014
R050302A,15,森秀樹,M017
R050302A,16,大西由紀,M005
R050302A,17,横田英樹,M019
R050302A,18,鈴木利信,M012
R050302A,19,北野誠一郎,M007
R050303A,1,入江啓太,M002
R050303A,2,坂本まり,M008
R050303A,3,松野優也,M016
R050303A,4,山田光昭,M018
R050303A,5,石崎徹,M001
R050303A,6,鷹尾治久,M013
R050303A,7,芝本鎮彰,M010
R050303A,8,今竹大祐,M003
R050303A,9,川端宏明,M006
R050303A,10,島津明香,M011
R050303A,11,岩見明,M004
R050303A,12,藤森誠,M015
R050303A,13,迫川高行,M009
R050303A,14,春増勝利,M014
R050303A,15,森秀樹,M017
R050303A,16,大西由紀,M005
R050303A,17,横田英樹,M019
R050303A,18,鈴木利信,M012
R050303A,19,北野誠一郎,M007
R050306A,1,入江啓太,M002
R050306A,2,坂本まり,M008
R050306A,3,松野優也,M016
R050306A,4,山田光昭,M018
R050306A,5,石崎徹,M001
R050306A,6,鷹尾治久,M013
R050306A,7,芝本鎮彰,M010
R050306A,8,今竹大祐,M003
R050306A,9,川端宏明,M006
R050306A,10,島津明香,M011
R050306A,11,岩見明,M004
R050306A,12,藤森誠,M015
R050306A,13,迫川高行,M009
R050306A,14,春増勝利,M014
R050306A,15,森秀樹,M017
R050306A,16,大西由紀,M005
R050306A,17,横田英樹,M019
R050306A,18,鈴木利信,M012
R050306A,19,北野誠一郎,M007
R050307A,1,入江啓太,M002
R050307A,2,坂本まり,M008
R050307A,3,松野優也,M016
R050307A,4,山田光昭,M018
R050307A,5,石崎徹,M001
R050307A,6,鷹尾治久,M013
R050307A,7,芝本鎮彰,M010
R050307A,8,今竹大祐,M003
R050307A,9,川端宏明,M006
R050307A,10,島津明香,M011
R050307A,11,岩見明,M004
R050307A,12,藤森誠,M015
R050307A,13,迫川高行,M009
R050307A,14,春増勝利,M014
R050307A,15,森秀樹,M017
R050307A,16,大西由紀,M005
R050307A,17,横田英樹,M019
R050307A,18,鈴木利信,M012
R050307A,19,北野誠一郎,M007
R050308A,1,入江啓太,M002
R050308A,2,坂本まり,M008
R050308A,3,松野優也,M016
R050308A,4,山田光昭,M018
R050308A,5,石崎徹,M001
R050308A,6,鷹尾治久,M013
R050308A,7,芝本鎮彰,M010
R050308A,8,今竹大祐,M003
R050308A,9,川端宏明,M006
R050308A,10,島津明香,M011
R050308A,11,岩見明,M004
R050308A,12,藤森誠,M015
R050308A,13,迫川高行,M009
R050308A,14,春増勝利,M014
R050308A,15,森秀樹,M017
R050308A,16,大西由紀,M005
R050308A,17,横田英樹,M019
R050308A,18,鈴木利信,M012
R050308A,19,北野誠一郎,M007
R050309A,1,入江啓太,M002
R050309A,2,坂本まり,M008
R050309A,3,松野優也,M016
R050309A,4,山田光昭,M018
R050309A,5,石崎徹,M001
R050309A,6,鷹尾治久,M013
R050309A,7,芝本鎮彰,M010
R050309A,8,今竹大祐,M003
R050309A,9,川端宏明,M006
R050309A,10,島津明香,M011
R050309A,11,岩見明,M004
R050309A,12,藤森誠,M015
R050309A,13,迫川高行,M009
R050309A,14,春増勝利,M014
R050309A,15,森秀樹,M017
R050309A,16,大西由紀,M005
R050309A,17,横田英樹,M019
R050309A,18,鈴木利信,M012
R050309A,19,北野誠一郎,M007
R050310A,1,入江啓太,M002
R050310A,2,坂本まり,M008
R050310A,3,松野優也,M016
R050310A,4,山田光昭,M018
R050310A,5,石崎徹,M001
R050310A,6,鷹尾治久,M013
R050310A,7,芝本鎮彰,M010
R050310A,8,今竹大祐,M003
R050310A,9,川端宏明,M006
R050310A,10,島津明香,M011
R050310A,11,岩見明,M004
R050310A,12,藤森誠,M015
R050310A,13,迫川高行,M009
R050310A,14,春増勝利,M014
R050310A,15,森秀樹,M017
R050310A,16,大西由紀,M005
R050310A,17,横田英樹,M019
R050310A,18,鈴木利信,M012
R050310A,19,北野誠一郎,M007
R050313A,1,入江啓太,M002
R050313A,2,坂本まり,M008
R050313A,3,松野優也,M016
R050313A,4,山田光昭,M018
R050313A,5,石崎徹,M001
R050313A,6,鷹尾治久,M013
R050313A,7,芝本鎮彰,M010
R050313A,8,今竹大祐,M003
R050313A,9,川端宏明,M006
R050313A,10,島津明香,M011
R050313A,11,岩見明,M004
R050313A,12,藤森誠,M015
R050313A,13,迫川高行,M009
R050313A,14,春増勝利,M014
R050313A,15,森秀樹,M017
R050313A,16,大西由紀,M005
R050313A,17,横田英樹,M019
R050313A,18,鈴木利信,M012
R050313A,19,北野誠一郎,M007
R050314A,1,入江啓太,M002
R050314A,2,坂本まり,M008
R050314A,3,松野優也,M016
R050314A,4,山田光昭,M018
R050314A,5,石崎徹,M001
R050314A,6,鷹尾治久,M013
R050314A,7,芝本鎮彰,M010
R050314A,8,今竹大祐,M003
R050314A,9,川端宏明,M006
R050314A,10,島津明香,M011
R050314A,11,岩見明,M004
R050314A,12,藤森誠,M015
R050314A,13,迫川高行,M009
R050314A,14,春増勝利,M014
R050314A,15,森秀樹,M017
R050314A,16,大西由紀,M005
R050314A,17,横田英樹,M019
R050314A,18,鈴木利信,M012
R050314A,19,北野誠一郎,M007
R050315A,1,入江啓太,M002
R050315A,2,坂本まり,M008
R050315A,3,松野優也,M016
R050315A,4,山田光昭,M018
R050315A,5,石崎徹,M001
R050315A,6,鷹尾治久,M013
R050315A,7,芝本鎮彰,M010
R050315A,8,今竹大祐,M003
R050315A,9,川端宏明,M006
R050315A,10,島津明香,M011
R050315A,11,岩見明,M004
R050315A,12,藤森誠,M015
R050315A,13,迫川高行,M009
R050315A,14,春増勝利,M014
R050315A,15,森秀樹,M017
R050315A,16,大西由紀,M005
R050315A,17,横田英樹,M019
R050315A,18,鈴木利信,M012
R050315A,19,北野誠一郎,M007
R050316A,1,入江啓太,M002
R050316A,2,坂本まり,M008
R050316A,3,松野優也,M016
R050316A,4,山田光昭,M018
R050316A,5,石崎徹,M001
R050316A,6,鷹尾治久,M013
R050316A,7,芝本鎮彰,M010
R050316A,8,今竹大祐,M003
R050316A,9,川端宏明,M006
R050316A,10,島津明香,M011
R050316A,11,岩見明,M004
R050316A,12,藤森誠,M015
R050316A,13,迫川高行,M009
R050316A,14,春増勝利,M014
R050316A,15,森秀樹,M017
R050316A,16,大西由紀,M005
R050316A,17,横田英樹,M019
R050316A,18,鈴木利信,M012
R050316A,19,北野誠一郎,M007
R050327A,1,入江啓太,M002
R050327A,2,坂本まり,M008
R050327A,3,松野優也,M016
R050327A,4,山田光昭,M018
R050327A,5,石崎徹,M001
R050327A,6,鷹尾治久,M013
R050327A,7,芝本鎮彰,M010
R050327A,8,今竹大祐,M003
R050327A,9,川端宏明,M006
R050327A,10,島津明香,M011
R050327A,11,岩見明,M004
R050327A,12,藤森誠,M015
R050327A,13,迫川高行,M009
R050327A,14,春増勝利,M014
R050327A,15,森秀樹,M017
R050327A,16,大西由紀,M005
R050327A,17,横田英樹,M019
R050327A,18,鈴木利信,M012
R050327A,19,北野誠一郎,M007
R050522A,1,入江啓太,M002
R050522A,2,坂本まり,M008
R050522A,3,松野優也,M016
R050522A,4,山田光昭,M018
R050522A,5,石崎徹,M001
R050522A,6,鷹尾治久,M013
R050522A,7,芝本鎮彰,M010
R050522A,8,今竹大祐,M003
R050522A,9,川端宏明,M006
R050522A,10,島津明香,M011
R050522A,11,岩見明,M004
R050522A,12,藤森誠,M015
R050522A,13,迫川高行,M009
R050522A,14,春増勝利,M014
R050522A,15,森秀樹,M017
R050522A,16,大西由紀,M005
R050522A,17,横田英樹,M019
R050522A,18,鈴木利信,M012
R050522A,19,北野誠一郎,M007
R050619A,1,入江啓太,M002
R050619A,2,坂本まり,M008
R050619A,3,松野優也,M016
R050619A,4,山田光昭,M018
R050619A,5,石崎徹,M001
R050619A,6,鷹尾治久,M013
R050619A,7,芝本鎮彰,M010
R050619A,8,今竹大祐,M003
R050619A,9,川端宏明,M006
R050619A,10,島津明香,M011
R050619A,11,岩見明,M004
R050619A,12,藤森誠,M015
R050619A,13,迫川高行,M009
R050619A,14,春増勝利,M014
R050619A,15,森秀樹,M017
R050619A,16,大西由紀,M005
R050619A,17,横田英樹,M019
R050619A,18,鈴木利信,M012
R050619A,19,北野誠一郎,M007
R050620A,1,入江啓太,M002
R050620A,2,坂本まり,M008
R050620A,3,松野優也,M016
R050620A,4,山田光昭,M018
R050620A,5,石崎徹,M001
R050620A,6,鷹尾治久,M013
R050620A,7,芝本鎮彰,M010
R050620A,8,今竹大祐,M003
R050620A,9,川端宏明,M006
R050620A,10,島津明香,M011
R050620A,11,岩見明,M004
R050620A,12,藤森誠,M015
R050620A,13,迫川高行,M009
R050620A,14,春増勝利,M014
R050620A,15,森秀樹,M017
R050620A,16,大西由紀,M005
R050620A,17,横田英樹,M019
R050620A,18,鈴木利信,M012
R050620A,19,北野誠一郎,M007
R050621A,1,入江啓太,M002
R050621A,2,坂本まり,M008
R050621A,3,松野優也,M016
R050621A,4,山田光昭,M018
R050621A,5,石崎徹,M001
R050621A,6,鷹尾治久,M013
R050621A,7,芝本鎮彰,M010
R050621A,8,今竹大祐,M003
R050621A,9,川端宏明,M006
R050621A,10,島津明香,M011
R050621A,11,岩見明,M004
R050621A,12,藤森誠,M015
R050621A,13,迫川高行,M009
R050621A,14,春増勝利,M014
R050621A,15,森秀樹,M017
R050621A,16,大西由紀,M005
R050621A,17,横田英樹,M019
R050621A,18,鈴木利信,M012
R050621A,19,北野誠一郎,M007
R050623A,1,入江啓太,M002
R050623A,2,坂本まり,M008
R050623A,3,松野優也,M016
R050623A,4,山田光昭,M018
R050623A,5,石崎徹,M001
R050623A,6,鷹尾治久,M013
R050623A,7,芝本鎮彰,M010
R050623A,8,今竹大祐,M003
R050623A,9,川端宏明,M006
R050623A,10,島津明香,M011
R050623A,11,岩見明,M004
R050623A,12,藤森誠,M015
R050623A,13,迫川高行,M009
R050623A,14,春増勝利,M014
R050623A,15,森秀樹,M017
R050623A,16,大西由紀,M005
R050623A,17,横田英樹,M019
R050623A,18,鈴木利信,M012
R050623A,19,北野誠一郎,M007
R050626A,1,入江啓太,M002
R050626A,2,坂本まり,M008
R050626A,3,松野優也,M016
R050626A,4,山田光昭,M018
R050626A,5,石崎徹,M001
R050626A,6,鷹尾治久,M013
R050626A,7,芝本鎮彰,M010
R050626A,8,今竹大祐,M003
R050626A,9,川端宏明,M006
R050626A,10,島津明香,M011
R050626A,11,岩見明,M004
R050626A,12,藤森誠,M015
R050626A,13,迫川高行,M009
R050626A,14,春増勝利,M014
R050626A,15,森秀樹,M017
R050626A,16,大西由紀,M005
R050626A,17,横田英樹,M019
R050626A,18,鈴木利信,M012
R050626A,19,北野誠一郎,M007
R050630A,1,入江啓太,M002
R050630A,2,坂本まり,M008
R050630A,3,松野優也,M016
R050630A,4,山田光昭,M018
R050630A,5,石崎徹,M001
R050630A,6,鷹尾治久,M013
R050630A,7,芝本鎮彰,M010
R050630A,8,今竹大祐,M003
R050630A,9,川端宏明,M006
R050630A,10,島津明香,M011
R050630A,11,岩見明,M004
R050630A,12,藤森誠,M015
R050630A,13,迫川高行,M009
R050630A,14,春増勝利,M014
R050630A,15,森秀樹,M017
R050630A,16,大西由紀,M005
R050630A,17,横田英樹,M019
R050630A,18,鈴木利信,M012
R050630A,19,北野誠一郎,M007
R050912A,1,入江啓太,M002
R050912A,2,坂本まり,M008
R050912A,3,松野優也,M016
R050912A,4,山田光昭,M018
R050912A,5,石崎徹,M001
R050912A,6,鷹尾治久,M013
R050912A,7,芝本鎮彰,M010
R050912A,8,今竹大祐,M003
R050912A,9,川端宏明,M006
R050912A,10,島津明香,M011
R050912A,11,岩見明,M004
R050912A,12,藤森誠,M015
R050912A,13,迫川高行,M009
R050912A,14,春増勝利,M014
R050912A,15,森秀樹,M017
R050912A,16,大西由紀,M005
R050912A,17,横田英樹,M019
R050912A,18,鈴木利信,M012
R050912A,19,北野誠一郎,M007
R050913A,2,松野優也,M016
R050913A,3,入江啓太,M002
R050913A,4,坂本まり,M008
R050913A,5,大西由紀,M005
R050913A,6,横田英樹,M019
R050913A,7,鈴木利信,M012
R050913A,8,北野誠一郎,M007
R050913A,9,川端宏明,M006
R050913A,10,島津明香,M011
R050913A,11,岩見明,M004
R050913A,12,今竹大祐,M003
R050913A,13,迫川高行,M009
R050913A,14,春増勝利,M014
R050913A,15,森秀樹,M017
R050913A,16,石崎徹,M001
R050913A,17,鷹尾治久,M013
R050913A,18,芝本鎮彰,M010
R050913A,19,藤森誠,M015
R050914A,1,山田光昭,M018
R050914A,2,松野優也,M016
R050914A,3,入江啓太,M002
R050914A,4,坂本まり,M008
R050914A,5,大西由紀,M005
R050914A,6,横田英樹,M019
R050914A,7,鈴木利信,M012
R050914A,8,北野誠一郎,M007
R050914A,9,川端宏明,M006
R050914A,10,島津明香,M011
R050914A,11,岩見明,M004
R050914A,12,今竹大祐,M003
R050914A,13,迫川高行,M009
R050914A,14,春増勝利,M014
R050914A,15,森秀樹,M017
R050914A,16,石崎徹,M001
R050914A,17,鷹尾治久,M013
R050914A,18,芝本鎮彰,M010
R050914A,19,藤森誠,M015
R050915A,1,山田光昭,M018
R050915A,2,松野優也,M016
R050915A,3,入江啓太,M002
R050915A,4,坂本まり,M008
R050915A,5,大西由紀,M005
R050915A,6,横田英樹,M019
R050915A,7,鈴木利信,M012
R050915A,8,北野誠一郎,M007
R050915A,9,川端宏明,M006
R050915A,10,島津明香,M011
R050915A,11,岩見明,M004
R050915A,12,今竹大祐,M003
R050915A,13,迫川高行,M009
R050915A,14,春増勝利,M014
R050915A,15,森秀樹,M017
R050915A,16,石崎徹,M001
R050915A,17,鷹尾治久,M013
R050915A,18,芝本鎮彰,M010
R050915A,19,藤森誠,M015
R050920A,1,山田光昭,M018
R050920A,2,松野優也,M016
R050920A,3,入江啓太,M002
R050920A,4,坂本まり,M008
R050920A,5,大西由紀,M005
R050920A,6,横田英樹,M019
R050920A,7,鈴木利信,M012
R050920A,8,北野誠一郎,M007
R050920A,9,川端宏明,M006
R050920A,10,島津明香,M011
R050920A,11,岩見明,M004
R050920A,12,今竹大祐,M003
R050920A,13,迫川高行,M009
R050920A,14,春増勝利,M014
R050920A,15,森秀樹,M017
R050920A,16,石崎徹,M001
R050920A,17,鷹尾治久,M013
R050920A,18,芝本鎮彰,M010
R050920A,19,藤森誠,M015
R050921A,1,山田光昭,M018
R050921A,2,松野優也,M016
R050921A,3,入江啓太,M002
R050921A,4,坂本まり,M008
R050921A,5,大西由紀,M005
R050921A,6,横田英樹,M019
R050921A,7,鈴木利信,M012
R050921A,8,北野誠一郎,M007
R050921A,9,川端宏明,M006
R050921A,10,島津明香,M011
R050921A,11,岩見明,M004
R050921A,12,今竹大祐,M003
R050921A,13,迫川高行,M009
R050921A,14,春増勝利,M014
R050921A,15,森秀樹,M017
R050921A,16,石崎徹,M001
R050921A,17,鷹尾治久,M013
R050921A,18,芝本鎮彰,M010
R050921A,19,藤森誠,M015
R050927A,1,山田光昭,M018
R050927A,2,松野優也,M016
R050927A,3,入江啓太,M002
R050927A,4,坂本まり,M008
R050927A,5,大西由紀,M005
R050927A,6,横田英樹,M019
R050927A,7,鈴木利信,M012
R050927A,8,北野誠一郎,M007
R050927A,9,川端宏明,M006
R050927A,10,島津明香,M011
R050927A,11,岩見明,M004
R050927A,12,今竹大祐,M003
R050927A,13,迫川高行,M009
R050927A,14,春増勝利,M014
R050927A,15,森秀樹,M017
R050927A,16,石崎徹,M001
R050927A,17,鷹尾治久,M013
R050927A,18,芝本鎮彰,M010
R050927A,19,藤森誠,M015
R051205A,1,山田光昭,M018
R051205A,2,松野優也,M016
R051205A,3,入江啓太,M002
R051205A,4,坂本まり,M008
R051205A,5,大西由紀,M005
R051205A,6,横田英樹,M019
R051205A,7,鈴木利信,M012
R051205A,8,北野誠一郎,M007
R051205A,9,川端宏明,M006
R051205A,10,島津明香,M011
R051205A,11,岩見明,M004
R051205A,12,今竹大祐,M003
R051205A,13,迫川高行,M009
R051205A,14,春増勝利,M014
R051205A,15,森秀樹,M017
R051205A,16,石崎徹,M001
R051205A,17,鷹尾治久,M013
R051205A,18,芝本鎮彰,M010
R051205A,19,藤森誠,M015
R051206A,1,山田光昭,M018
R051206A,2,松野優也,M016
R051206A,3,入江啓太,M002
R051206A,4,坂本まり,M008
R051206A,5,大西由紀,M005
R051206A,6,横田英樹,M019
R051206A,7,鈴木利信,M012
R051206A,8,北野誠一郎,M007
R051206A,9,川端宏明,M006
R051206A,10,島津明香,M011
R051206A,11,岩見明,M004
R051206A,12,今竹大祐,M003
R051206A,13,迫川高行,M009
R051206A,14,春増勝利,M014
R051206A,15,森秀樹,M017
R051206A,16,石崎徹,M001
R051206A,17,鷹尾治久,M013
R051206A,18,芝本鎮彰,M010
R051206A,19,藤森誠,M015
R051207A,1,山田光昭,M018
R051207A,2,松野優也,M016
R051207A,3,入江啓太,M002
R051207A,4,坂本まり,M008
R051207A,5,大西由紀,M005
R051207A,6,横田英樹,M019
R051207A,7,鈴木利信,M012
R051207A,8,北野誠一郎,M007
R051207A,9,川端宏明,M006
R051207A,10,島津明香,M011
R051207A,11,岩見明,M004
R051207A,12,今竹大祐,M003
R051207A,13,迫川高行,M009
R051207A,14,春増勝利,M014
R051207A,15,森秀樹,M017
R051207A,16,石崎徹,M001
R051207A,17,鷹尾治久,M013
R051207A,18,芝本鎮彰,M010
R051207A,19,藤森誠,M015
R051208A,1,山田光昭,M018
R051208A,2,松野優也,M016
R051208A,3,入江啓太,M002
R051208A,4,坂本まり,M008
R051208A,5,大西由紀,M005
R051208A,6,横田英樹,M019
R051208A,7,鈴木利信,M012
R051208A,8,北野誠一郎,M007
R051208A,9,川端宏明,M006
R051208A,10,島津明香,M011
R051208A,11,岩見明,M004
R051208A,12,今竹大祐,M003
R051208A,13,迫川高行,M009
R051208A,14,春増勝利,M014
R051208A,15,森秀樹,M017
R051208A,16,石崎徹,M001
R051208A,17,鷹尾治久,M013
R051208A,18,芝本鎮彰,M010
R051208A,19,藤森誠,M015
R051211A,1,山田光昭,M018
R051211A,2,松野優也,M016
R051211A,3,入江啓太,M002
R051211A,4,坂本まり,M008
R051211A,5,大西由紀,M005
R051211A,6,横田英樹,M019
R051211A,7,鈴木利信,M012
R051211A,8,北野誠一郎,M007
R051211A,9,川端宏明,M006
R051211A,10,島津明香,M011
R051211A,11,岩見明,M004
R051211A,12,今竹大祐,M003
R051211A,13,迫川高行,M009
R051211A,14,春増勝利,M014
R051211A,15,森秀樹,M017
R051211A,16,石崎徹,M001
R051211A,17,鷹尾治久,M013
R051211A,18,芝本鎮彰,M010
R051211A,19,藤森誠,M015
R051212A,1,山田光昭,M018
R051212A,2,松野優也,M016
R051212A,3,入江啓太,M002
R051212A,4,坂本まり,M008
R051212A,5,大西由紀,M005
R051212A,6,横田英樹,M019
R051212A,7,鈴木利信,M012
R051212A,8,北野誠一郎,M007
R051212A,9,川端宏明,M006
R051212A,10,島津明香,M011
R051212A,11,岩見明,M004
R051212A,12,今竹大祐,M003
R051212A,13,迫川高行,M009
R051212A,14,春増勝利,M014
R051212A,15,森秀樹,M017
R051212A,16,石崎徹,M001
R051212A,17,鷹尾治久,M013
R051212A,18,芝本鎮彰,M010
R051212A,19,藤森誠,M015
R051218A,1,山田光昭,M018
R051218A,2,松野優也,M016
R051218A,3,入江啓太,M002
R051218A,4,坂本まり,M008
R051218A,5,大西由紀,M005
R051218A,6,横田英樹,M019
R051218A,7,鈴木利信,M012
R051218A,8,北野誠一郎,M007
R051218A,9,川端宏明,M006
R051218A,10,島津明香,M011
R051218A,11,岩見明,M004
R051218A,12,今竹大祐,M003
R051218A,13,迫川高行,M009
R051218A,14,春増勝利,M014
R051218A,15,森秀樹,M017
R051218A,16,石崎徹,M001
R051218A,17,鷹尾治久,M013
R051218A,18,芝本鎮彰,M010
R051218A,19,藤森誠,M015
R051219A,1,山田光昭,M018
R051219A,2,松野優也,M016
R051219A,3,入江啓太,M002
R051219A,4,坂本まり,M008
R051219A,5,大西由紀,M005
R051219A,6,横田英樹,M019
R051219A,7,鈴木利信,M012
R051219A,8,北野誠一郎,M007
R051219A,9,川端宏明,M006
R051219A,10,島津明香,M011
R051219A,11,岩見明,M004
R051219A,12,今竹大祐,M003
R051219A,13,迫川高行,M009
R051219A,14,春増勝利,M014
R051219A,15,森秀樹,M017
R051219A,16,石崎徹,M001
R051219A,17,鷹尾治久,M013
R051219A,18,芝本鎮彰,M010
R051219A,19,藤森誠,M015
R060205A,1,山田光昭,M018
R060205A,2,松野優也,M016
R060205A,3,入江啓太,M002
R060205A,4,坂本まり,M008
R060205A,5,大西由紀,M005
R060205A,6,横田英樹,M019
R060205A,7,鈴木利信,M012
R060205A,8,北野誠一郎,M007
R060205A,9,川端宏明,M006
R060205A,10,島津明香,M011
R060205A,11,岩見明,M004
R060205A,12,今竹大祐,M003
R060205A,13,迫川高行,M009
R060205A,14,春増勝利,M014
R060205A,15,森秀樹,M017
R060205A,16,石崎徹,M001
R060205A,17,鷹尾治久,M013
R060205A,18,芝本鎮彰,M010
R060205A,19,藤森誠,M015
R060226A,1,山田光昭,M018
R060226A,2,松野優也,M016
R060226A,3,入江啓太,M002
R060226A,4,坂本まり,M008
R060226A,5,大西由紀,M005
R060226A,6,横田英樹,M019
R060226A,7,鈴木利信,M012
R060226A,8,北野誠一郎,M007
R060226A,9,川端宏明,M006
R060226A,10,島津明香,M011
R060226A,11,岩見明,M004
R060226A,12,今竹大祐,M003
R060226A,13,迫川高行,M009
R060226A,14,春増勝利,M014
R060226A,15,森秀樹,M017
R060226A,16,石崎徹,M001
R060226A,17,鷹尾治久,M013
R060226A,18,芝本鎮彰,M010
R060226A,19,藤森誠,M015
R060227A,1,山田光昭,M018
R060227A,2,松野優也,M016
R060227A,3,入江啓太,M002
R060227A,4,坂本まり,M008
R060227A,5,大西由紀,M005
R060227A,6,横田英樹,M019
R060227A,7,鈴木利信,M012
R060227A,8,北野誠一郎,M007
R060227A,9,川端宏明,M006
R060227A,10,島津明香,M011
R060227A,11,岩見明,M004
R060227A,12,今竹大祐,M003
R060227A,13,迫川高行,M009
R060227A,14,春増勝利,M014
R060227A,15,森秀樹,M017
R060227A,16,石崎徹,M001
R060227A,17,鷹尾治久,M013
R060227A,18,芝本鎮彰,M010
R060227A,19,藤森誠,M015
R060228A,1,山田光昭,M018
R060228A,2,松野優也,M016
R060228A,3,入江啓太,M002
R060228A,4,坂本まり,M008
R060228A,5,大西由紀,M005
R060228A,6,横田英樹,M019
R060228A,7,鈴木利信,M012
R060228A,8,北野誠一郎,M007
R060228A,9,川端宏明,M006
R060228A,10,島津明香,M011
R060228A,11,岩見明,M004
R060228A,12,今竹大祐,M003
R060228A,13,迫川高行,M009
R060228A,14,春増勝利,M014
R060228A,15,森秀樹,M017
R060228A,16,石崎徹,M001
R060228A,17,鷹尾治久,M013
R060228A,18,芝本鎮彰,M010
R060228A,19,藤森誠,M015
R060301A,1,山田光昭,M018
R060301A,2,松野優也,M016
R060301A,3,入江啓太,M002
R060301A,4,坂本まり,M008
R060301A,5,大西由紀,M005
R060301A,6,横田英樹,M019
R060301A,7,鈴木利信,M012
R060301A,8,北野誠一郎,M007
R060301A,9,川端宏明,M006
R060301A,10,島津明香,M011
R060301A,11,岩見明,M004
R060301A,12,今竹大祐,M003
R060301A,13,迫川高行,M009
R060301A,14,春増勝利,M014
R060301A,15,森秀樹,M017
R060301A,16,石崎徹,M001
R060301A,17,鷹尾治久,M013
R060301A,18,芝本鎮彰,M010
R060301A,19,藤森誠,M015
R060304A,1,山田光昭,M018
R060304A,2,松野優也,M016
R060304A,3,入江啓太,M002
R060304A,4,坂本まり,M008
R060304A,5,大西由紀,M005
R060304A,6,横田英樹,M019
R060304A,7,鈴木利信,M012
R060304A,8,北野誠一郎,M007
R060304A,9,川端宏明,M006
R060304A,10,島津明香,M011
R060304A,11,岩見明,M004
R060304A,12,今竹大祐,M003
R060304A,13,迫川高行,M009
R060304A,14,春増勝利,M014
R060304A,15,森秀樹,M017
R060304A,16,石崎徹,M001
R060304A,17,鷹尾治久,M013
R060304A,18,芝本鎮彰,M010
R060304A,19,藤森誠,M015
R060305A,1,山田光昭,M018
R060305A,2,松野優也,M016
R060305A,3,入江啓太,M002
R060305A,4,坂本まり,M008
R060305A,5,大西由紀,M005
R060305A,6,横田英樹,M019
R060305A,7,鈴木利信,M012
R060305A,8,北野誠一郎,M007
R060305A,9,川端宏明,M006
R060305A,10,島津明香,M011
R060305A,11,岩見明,M004
R060305A,12,今竹大祐,M003
R060305A,13,迫川高行,M009
R060305A,14,春増勝利,M014
R060305A,15,森秀樹,M017
R060305A,16,石崎徹,M001
R060305A,17,鷹尾治久,M013
R060305A,18,芝本鎮彰,M010
R060305A,19,藤森誠,M015
R060306A,1,山田光昭,M018
R060306A,2,松野優也,M016
R060306A,3,入江啓太,M002
R060306A,4,坂本まり,M008
R060306A,5,大西由紀,M005
R060306A,6,横田英樹,M019
R060306A,7,鈴木利信,M012
R060306A,8,北野誠一郎,M007
R060306A,9,川端宏明,M006
R060306A,10,島津明香,M011
R060306A,11,岩見明,M004
R060306A,12,今竹大祐,M003
R060306A,13,迫川高行,M009
R060306A,14,春増勝利,M014
R060306A,15,森秀樹,M017
R060306A,16,石崎徹,M001
R060306A,17,鷹尾治久,M013
R060306A,18,芝本鎮彰,M010
R060306A,19,藤森誠,M015
R060307A,1,山田光昭,M018
R060307A,2,松野優也,M016
R060307A,3,入江啓太,M002
R060307A,4,坂本まり,M008
R060307A,5,大西由紀,M005
R060307A,6,横田英樹,M019
R060307A,7,鈴木利信,M012
R060307A,8,北野誠一郎,M007
R060307A,9,川端宏明,M006
R060307A,10,島津明香,M011
R060307A,11,岩見明,M004
R060307A,12,今竹大祐,M003
R060307A,13,迫川高行,M009
R060307A,14,春増勝利,M014
R060307A,15,森秀樹,M017
R060307A,16,石崎徹,M001
R060307A,17,鷹尾治久,M013
R060307A,18,芝本鎮彰,M010
R060307A,19,藤森誠,M015
R060308A,1,山田光昭,M018
R060308A,2,松野優也,M016
R060308A,3,入江啓太,M002
R060308A,4,坂本まり,M008
R060308A,5,大西由紀,M005
R060308A,6,横田英樹,M019
R060308A,7,鈴木利信,M012
R060308A,8,北野誠一郎,M007
R060308A,9,川端宏明,M006
R060308A,10,島津明香,M011
R060308A,11,岩見明,M004
R060308A,12,今竹大祐,M003
R060308A,13,迫川高行,M009
R060308A,14,春増勝利,M014
R060308A,15,森秀樹,M017
R060308A,16,石崎徹,M001
R060308A,17,鷹尾治久,M013
R060308A,18,芝本鎮彰,M010
R060308A,19,藤森誠,M015
R060313A,1,山田光昭,M018
R060313A,2,松野優也,M016
R060313A,3,入江啓太,M002
R060313A,4,坂本まり,M008
R060313A,5,大西由紀,M005
R060313A,6,横田英樹,M019
R060313A,7,鈴木利信,M012
R060313A,8,北野誠一郎,M007
R060313A,9,川端宏明,M006
R060313A,10,島津明香,M011
R060313A,11,岩見明,M004
R060313A,12,今竹大祐,M003
R060313A,13,迫川高行,M009
R060313A,14,春増勝利,M014
R060313A,15,森秀樹,M017
R060313A,16,石崎徹,M001
R060313A,17,鷹尾治久,M013
R060313A,18,芝本鎮彰,M010
R060313A,19,藤森誠,M015
R060604A,1,山田光昭,M018
R060604A,2,松野優也,M016
R060604A,3,入江啓太,M002
R060604A,4,坂本まり,M008
R060604A,5,大西由紀,M005
R060604A,6,横田英樹,M019
R060604A,7,鈴木利信,M012
R060604A,8,北野誠一郎,M007
R060604A,9,川端宏明,M006
R060604A,10,島津明香,M011
R060604A,11,岩見明,M004
R060604A,12,今竹大祐,M003
R060604A,13,迫川高行,M009
R060604A,14,春増勝利,M014
R060604A,15,森秀樹,M017
R060604A,16,石崎徹,M001
R060604A,17,鷹尾治久,M013
R060604A,18,芝本鎮彰,M010
R060604A,19,藤森誠,M015
R060605A,1,山田光昭,M018
R060605A,2,松野優也,M016
R060605A,3,入江啓太,M002
R060605A,4,坂本まり,M008
R060605A,5,大西由紀,M005
R060605A,6,横田英樹,M019
R060605A,7,鈴木利信,M012
R060605A,8,北野誠一郎,M007
R060605A,9,川端宏明,M006
R060605A,10,島津明香,M011
R060605A,11,岩見明,M004
R060605A,12,今竹大祐,M003
R060605A,13,迫川高行,M009
R060605A,14,春増勝利,M014
R060605A,15,森秀樹,M017
R060605A,16,石崎徹,M001
R060605A,17,鷹尾治久,M013
R060605A,18,芝本鎮彰,M010
R060605A,19,藤森誠,M015
R060606A,1,山田光昭,M018
R060606A,2,松野優也,M016
R060606A,3,入江啓太,M002
R060606A,4,坂本まり,M008
R060606A,5,大西由紀,M005
R060606A,6,横田英樹,M019
R060606A,7,鈴木利信,M012
R060606A,8,北野誠一郎,M007
R060606A,9,川端宏明,M006
R060606A,10,島津明香,M011
R060606A,11,岩見明,M004
R060606A,12,今竹大祐,M003
R060606A,13,迫川高行,M009
R060606A,14,春増勝利,M014
R060606A,15,森秀樹,M017
R060606A,16,石崎徹,M001
R060606A,17,鷹尾治久,M013
R060606A,18,芝本鎮彰,M010
R060606A,19,藤森誠,M015
R060607A,1,山田光昭,M018
R060607A,2,松野優也,M016
R060607A,3,入江啓太,M002
R060607A,4,坂本まり,M008
R060607A,5,大西由紀,M005
R060607A,6,横田英樹,M019
R060607A,7,鈴木利信,M012
R060607A,8,北野誠一郎,M007
R060607A,9,川端宏明,M006
R060607A,10,島津明香,M011
R060607A,11,岩見明,M004
R060607A,12,今竹大祐,M003
R060607A,13,迫川高行,M009
R060607A,14,春増勝利,M014
R060607A,15,森秀樹,M017
R060607A,16,石崎徹,M001
R060607A,17,鷹尾治久,M013
R060607A,18,芝本鎮彰,M010
R060607A,19,藤森誠,M015
R060610A,1,山田光昭,M018
R060610A,2,松野優也,M016
R060610A,3,入江啓太,M002
R060610A,4,坂本まり,M008
R060610A,5,大西由紀,M005
R060610A,6,横田英樹,M019
R060610A,7,鈴木利信,M012
R060610A,8,北野誠一郎,M007
R060610A,9,川端宏明,M006
R060610A,10,島津明香,M011
R060610A,11,岩見明,M004
R060610A,12,今竹大祐,M003
R060610A,13,迫川高行,M009
R060610A,14,春増勝利,M014
R060610A,15,森秀樹,M017
R060610A,16,石崎徹,M001
R060610A,17,鷹尾治久,M013
R060610A,18,芝本鎮彰,M010
R060610A,19,藤森誠,M015
R060611A,1,山田光昭,M018
R060611A,2,松野優也,M016
R060611A,3,入江啓太,M002
R060611A,4,坂本まり,M008
R060611A,5,大西由紀,M005
R060611A,6,横田英樹,M019
R060611A,7,鈴木利信,M012
R060611A,8,北野誠一郎,M007
R060611A,9,川端宏明,M006
R060611A,10,島津明香,M011
R060611A,11,岩見明,M004
R060611A,12,今竹大祐,M003
R060611A,13,迫川高行,M009
R060611A,14,春増勝利,M014
R060611A,15,森秀樹,M017
R060611A,16,石崎徹,M001
R060611A,17,鷹尾治久,M013
R060611A,18,芝本鎮彰,M010
R060611A,19,藤森誠,M015
R060612A,1,山田光昭,M018
R060612A,2,松野優也,M016
R060612A,3,入江啓太,M002
R060612A,4,坂本まり,M008
R060612A,5,大西由紀,M005
R060612A,6,横田英樹,M019
R060612A,7,鈴木利信,M012
R060612A,8,北野誠一郎,M007
R060612A,9,川端宏明,M006
R060612A,10,島津明香,M011
R060612A,11,岩見明,M004
R060612A,12,今竹大祐,M003
R060612A,13,迫川高行,M009
R060612A,14,春増勝利,M014
R060612A,15,森秀樹,M017
R060612A,16,石崎徹,M001
R060612A,17,鷹尾治久,M013
R060612A,18,芝本鎮彰,M010
R060612A,19,藤森誠,M015
R060618A,1,山田光昭,M018
R060618A,2,松野優也,M016
R060618A,3,入江啓太,M002
R060618A,4,坂本まり,M008
R060618A,5,大西由紀,M005
R060618A,6,横田英樹,M019
R060618A,7,鈴木利信,M012
R060618A,8,北野誠一郎,M007
R060618A,9,川端宏明,M006
R060618A,10,島津明香,M011
R060618A,11,岩見明,M004
R060618A,12,今竹大祐,M003
R060618A,13,迫川高行,M009
R060618A,14,春増勝利,M014
R060618A,15,森秀樹,M017
R060618A,16,石崎徹,M001
R060618A,17,鷹尾治久,M013
R060618A,18,芝本鎮彰,M010
R060618A,19,藤森誠,M015
R060910A,1,山田光昭,M018
R060910A,2,松野優也,M016
R060910A,3,入江啓太,M002
R060910A,4,坂本まり,M008
R060910A,5,大西由紀,M005
R060910A,6,横田英樹,M019
R060910A,7,鈴木利信,M012
R060910A,8,北野誠一郎,M007
R060910A,9,川端宏明,M006
R060910A,10,島津明香,M011
R060910A,11,岩見明,M004
R060910A,12,今竹大祐,M003
R060910A,13,迫川高行,M009
R060910A,14,春増勝利,M014
R060910A,15,森秀樹,M017
R060910A,16,石崎徹,M001
R060910A,17,鷹尾治久,M013
R060910A,18,芝本鎮彰,M010
R060910A,19,藤森誠,M015
R060911A,2,山田光昭,M018
R060911A,3,入江啓太,M002
R060911A,4,岩見明,M004
R060911A,5,坂本まり,M008
R060911A,6,石崎徹,M001
R060911A,7,鷹尾治久,M013
R060911A,8,芝本鎮彰,M010
R060911A,9,藤森誠,M015
R060911A,10,川端宏明,M006
R060911A,11,島津明香,M011
R060911A,12,今竹大祐,M003
R060911A,13,迫川高行,M009
R060911A,14,春増勝利,M014
R060911A,15,森秀樹,M017
R060911A,16,大西由紀,M005
R060911A,17,横田英樹,M019
R060911A,18,鈴木利信,M012
R060911A,19,北野誠一郎,M007
R060912A,1,松野優也,M016
R060912A,2,山田光昭,M018
R060912A,3,入江啓太,M002
R060912A,4,岩見明,M004
R060912A,5,坂本まり,M008
R060912A,6,石崎徹,M001
R060912A,7,鷹尾治久,M013
R060912A,8,芝本鎮彰,M010
R060912A,9,藤森誠,M015
R060912A,10,川端宏明,M006
R060912A,11,島津明香,M011
R060912A,12,今竹大祐,M003
R060912A,13,迫川高行,M009
R060912A,14,春増勝利,M014
R060912A,15,森秀樹,M017
R060912A,16,大西由紀,M005
R060912A,17,横田英樹,M019
R060912A,18,鈴木利信,M012
R060912A,19,北野誠一郎,M007
R060913A,1,松野優也,M016
R060913A,2,山田光昭,M018
R060913A,3,入江啓太,M002
R060913A,4,岩見明,M004
R060913A,5,坂本まり,M008
R060913A,6,石崎徹,M001
R060913A,7,鷹尾治久,M013
R060913A,8,芝本鎮彰,M010
R060913A,9,藤森誠,M015
R060913A,10,川端宏明,M006
R060913A,11,島津明香,M011
R060913A,12,今竹大祐,M003
R060913A,13,迫川高行,M009
R060913A,14,春増勝利,M014
R060913A,15,森秀樹,M017
R060913A,16,大西由紀,M005
R060913A,17,横田英樹,M019
R060913A,18,鈴木利信,M012
R060913A,19,北野誠一郎,M007
R060918A,1,松野優也,M016
R060918A,2,山田光昭,M018
R060918A,3,入江啓太,M002
R060918A,4,岩見明,M004
R060918A,5,坂本まり,M008
R060918A,6,石崎徹,M001
R060918A,7,鷹尾治久,M013
R060918A,8,芝本鎮彰,M010
R060918A,9,藤森誠,M015
R060918A,10,川端宏明,M006
R060918A,11,島津明香,M011
R060918A,12,今竹大祐,M003
R060918A,13,迫川高行,M009
R060918A,14,春増勝利,M014
R060918A,15,森秀樹,M017
R060918A,16,大西由紀,M005
R060918A,17,横田英樹,M019
R060918A,18,鈴木利信,M012
R060918A,19,北野誠一郎,M007
R060919A,1,松野優也,M016
R060919A,2,山田光昭,M018
R060919A,3,入江啓太,M002
R060919A,4,岩見明,M004
R060919A,5,坂本まり,M008
R060919A,6,石崎徹,M001
R060919A,7,鷹尾治久,M013
R060919A,8,芝本鎮彰,M010
R060919A,9,藤森誠,M015
R060919A,10,川端宏明,M006
R060919A,11,島津明香,M011
R060919A,12,今竹大祐,M003
R060919A,13,迫川高行,M009
R060919A,14,春増勝利,M014
R060919A,15,森秀樹,M017
R060919A,16,大西由紀,M005
R060919A,17,横田英樹,M019
R060919A,18,鈴木利信,M012
R060919A,19,北野誠一郎,M007
R060926A,1,松野優也,M016
R060926A,2,山田光昭,M018
R060926A,3,入江啓太,M002
R060926A,4,岩見明,M004
R060926A,5,坂本まり,M008
R060926A,6,石崎徹,M001
R060926A,7,鷹尾治久,M013
R060926A,8,芝本鎮彰,M010
R060926A,9,藤森誠,M015
R060926A,10,川端宏明,M006
R060926A,11,島津明香,M011
R060926A,12,今竹大祐,M003
R060926A,13,迫川高行,M009
R060926A,14,春増勝利,M014
R060926A,15,森秀樹,M017
R060926A,16,大西由紀,M005
R060926A,17,横田英樹,M019
R060926A,18,鈴木利信,M012
R060926A,19,北野誠一郎,M007
R061203A,1,松野優也,M016
R061203A,2,山田光昭,M018
R061203A,3,入江啓太,M002
R061203A,4,岩見明,M004
R061203A,5,坂本まり,M008
R061203A,6,石崎徹,M001
R061203A,7,鷹尾治久,M013
R061203A,8,芝本鎮彰,M010
R061203A,9,藤森誠,M015
R061203A,10,川端宏明,M006
R061203A,11,島津明香,M011
R061203A,12,今竹大祐,M003
R061203A,13,迫川高行,M009
R061203A,14,春増勝利,M014
R061203A,15,森秀樹,M017
R061203A,16,大西由紀,M005
R061203A,17,横田英樹,M019
R061203A,18,鈴木利信,M012
R061203A,19,北野誠一郎,M007
R061204A,1,松野優也,M016
R061204A,2,山田光昭,M018
R061204A,3,入江啓太,M002
R061204A,4,岩見明,M004
R061204A,5,坂本まり,M008
R061204A,6,石崎徹,M001
R061204A,7,鷹尾治久,M013
R061204A,8,芝本鎮彰,M010
R061204A,9,藤森誠,M015
R061204A,10,川端宏明,M006
R061204A,11,島津明香,M011
R061204A,12,今竹大祐,M003
R061204A,13,迫川高行,M009
R061204A,14,春増勝利,M014
R061204A,15,森秀樹,M017
R061204A,16,大西由紀,M005
R061204A,17,横田英樹,M019
R061204A,18,鈴木利信,M012
R061204A,19,北野誠一郎,M007
R061205A,1,松野優也,M016
R061205A,2,山田光昭,M018
R061205A,3,入江啓太,M002
R061205A,4,岩見明,M004
R061205A,5,坂本まり,M008
R061205A,6,石崎徹,M001
R061205A,7,鷹尾治久,M013
R061205A,8,芝本鎮彰,M010
R061205A,9,藤森誠,M015
R061205A,10,川端宏明,M006
R061205A,11,島津明香,M011
R061205A,12,今竹大祐,M003
R061205A,13,迫川高行,M009
R061205A,14,春増勝利,M014
R061205A,15,森秀樹,M017
R061205A,16,大西由紀,M005
R061205A,17,横田英樹,M019
R061205A,18,鈴木利信,M012
R061205A,19,北野誠一郎,M007
R061209A,1,松野優也,M016
R061209A,2,山田光昭,M018
R061209A,3,入江啓太,M002
R061209A,4,岩見明,M004
R061209A,5,坂本まり,M008
R061209A,6,石崎徹,M001
R061209A,7,鷹尾治久,M013
R061209A,8,芝本鎮彰,M010
R061209A,9,藤森誠,M015
R061209A,10,川端宏明,M006
R061209A,11,島津明香,M011
R061209A,12,今竹大祐,M003
R061209A,13,迫川高行,M009
R061209A,14,春増勝利,M014
R061209A,15,森秀樹,M017
R061209A,16,大西由紀,M005
R061209A,17,横田英樹,M019
R061209A,18,鈴木利信,M012
R061209A,19,北野誠一郎,M007
R061210A,1,松野優也,M016
R061210A,2,山田光昭,M018
R061210A,3,入江啓太,M002
R061210A,4,岩見明,M004
R061210A,5,坂本まり,M008
R061210A,6,石崎徹,M001
R061210A,7,鷹尾治久,M013
R061210A,8,芝本鎮彰,M010
R061210A,9,藤森誠,M015
R061210A,10,川端宏明,M006
R061210A,11,島津明香,M011
R061210A,12,今竹大祐,M003
R061210A,13,迫川高行,M009
R061210A,14,春増勝利,M014
R061210A,15,森秀樹,M017
R061210A,16,大西由紀,M005
R061210A,17,横田英樹,M019
R061210A,18,鈴木利信,M012
R061210A,19,北野誠一郎,M007
R061213A,1,松野優也,M016
R061213A,2,山田光昭,M018
R061213A,3,入江啓太,M002
R061213A,4,岩見明,M004
R061213A,5,坂本まり,M008
R061213A,6,石崎徹,M001
R061213A,7,鷹尾治久,M013
R061213A,8,芝本鎮彰,M010
R061213A,9,藤森誠,M015
R061213A,10,川端宏明,M006
R061213A,11,島津明香,M011
R061213A,12,今竹大祐,M003
R061213A,13,迫川高行,M009
R061213A,14,春増勝利,M014
R061213A,15,森秀樹,M017
R061213A,16,大西由紀,M005
R061213A,17,横田英樹,M019
R061213A,18,鈴木利信,M012
R061213A,19,北野誠一郎,M007
R061216A,1,松野優也,M016
R061216A,2,山田光昭,M018
R061216A,3,入江啓太,M002
R061216A,4,岩見明,M004
R061216A,5,坂本まり,M008
R061216A,6,石崎徹,M001
R061216A,7,鷹尾治久,M013
R061216A,8,芝本鎮彰,M010
R061216A,9,藤森誠,M015
R061216A,10,川端宏明,M006
R061216A,11,島津明香,M011
R061216A,12,今竹大祐,M003
R061216A,13,迫川高行,M009
R061216A,14,春増勝利,M014
R061216A,15,森秀樹,M017
R061216A,16,大西由紀,M005
R061216A,17,横田英樹,M019
R061216A,18,鈴木利信,M012
R061216A,19,北野誠一郎,M007
R070121A,1,松野優也,M016
R070121A,2,山田光昭,M018
R070121A,3,入江啓太,M002
R070121A,4,岩見明,M004
R070121A,5,坂本まり,M008
R070121A,6,石崎徹,M001
R070121A,7,鷹尾治久,M013
R070121A,8,芝本鎮彰,M010
R070121A,9,藤森誠,M015
R070121A,10,川端宏明,M006
R070121A,11,島津明香,M011
R070121A,12,今竹大祐,M003
R070121A,13,迫川高行,M009
R070121A,14,春増勝利,M014
R070121A,15,森秀樹,M017
R070121A,16,大西由紀,M005
R070121A,17,横田英樹,M019
R070121A,18,鈴木利信,M012
R070121A,19,北野誠一郎,M007
R070225A,1,松野優也,M016
R070225A,2,山田光昭,M018
R070225A,3,入江啓太,M002
R070225A,4,岩見明,M004
R070225A,5,坂本まり,M008
R070225A,6,石崎徹,M001
R070225A,7,鷹尾治久,M013
R070225A,8,芝本鎮彰,M010
R070225A,9,藤森誠,M015
R070225A,10,川端宏明,M006
R070225A,11,島津明香,M011
R070225A,12,今竹大祐,M003
R070225A,13,迫川高行,M009
R070225A,14,春増勝利,M014
R070225A,15,森秀樹,M017
R070225A,16,大西由紀,M005
R070225A,17,横田英樹,M019
R070225A,18,鈴木利信,M012
R070225A,19,北野誠一郎,M007
R070226A,1,松野優也,M016
R070226A,2,山田光昭,M018
R070226A,3,入江啓太,M002
R070226A,4,岩見明,M004
R070226A,5,坂本まり,M008
R070226A,6,石崎徹,M001
R070226A,7,鷹尾治久,M013
R070226A,8,芝本鎮彰,M010
R070226A,9,藤森誠,M015
R070226A,10,川端宏明,M006
R070226A,11,島津明香,M011
R070226A,12,今竹大祐,M003
R070226A,13,迫川高行,M009
R070226A,14,春増勝利,M014
R070226A,15,森秀樹,M017
R070226A,16,大西由紀,M005
R070226A,17,横田英樹,M019
R070226A,18,鈴木利信,M012
R070226A,19,北野誠一郎,M007
R070227A,1,松野優也,M016
R070227A,2,山田光昭,M018
R070227A,3,入江啓太,M002
R070227A,4,岩見明,M004
R070227A,5,坂本まり,M008
R070227A,6,石崎徹,M001
R070227A,7,鷹尾治久,M013
R070227A,8,芝本鎮彰,M010
R070227A,9,藤森誠,M015
R070227A,10,川端宏明,M006
R070227A,11,島津明香,M011
R070227A,12,今竹大祐,M003
R070227A,13,迫川高行,M009
R070227A,14,春増勝利,M014
R070227A,15,森秀樹,M017
R070227A,16,大西由紀,M005
R070227A,17,横田英樹,M019
R070227A,18,鈴木利信,M012
R070227A,19,北野誠一郎,M007
R070304A,1,松野優也,M016
R070304A,2,山田光昭,M018
R070304A,3,入江啓太,M002
R070304A,4,岩見明,M004
R070304A,5,坂本まり,M008
R070304A,6,石崎徹,M001
R070304A,7,鷹尾治久,M013
R070304A,8,芝本鎮彰,M010
R070304A,9,藤森誠,M015
R070304A,10,川端宏明,M006
R070304A,11,島津明香,M011
R070304A,12,今竹大祐,M003
R070304A,13,迫川高行,M009
R070304A,14,春増勝利,M014
R070304A,15,森秀樹,M017
R070304A,16,大西由紀,M005
R070304A,17,横田英樹,M019
R070304A,18,鈴木利信,M012
R070304A,19,北野誠一郎,M007
R070305A,1,松野優也,M016
R070305A,2,山田光昭,M018
R070305A,3,入江啓太,M002
R070305A,4,岩見明,M004
R070305A,5,坂本まり,M008
R070305A,6,石崎徹,M001
R070305A,7,鷹尾治久,M013
R070305A,8,芝本鎮彰,M010
R070305A,9,藤森誠,M015
R070305A,10,川端宏明,M006
R070305A,11,島津明香,M011
R070305A,12,今竹大祐,M003
R070305A,13,迫川高行,M009
R070305A,14,春増勝利,M014
R070305A,15,森秀樹,M017
R070305A,16,大西由紀,M005
R070305A,17,横田英樹,M019
R070305A,18,鈴木利信,M012
R070305A,19,北野誠一郎,M007
R070306A,1,松野優也,M016
R070306A,2,山田光昭,M018
R070306A,3,入江啓太,M002
R070306A,4,岩見明,M004
R070306A,5,坂本まり,M008
R070306A,6,石崎徹,M001
R070306A,7,鷹尾治久,M013
R070306A,8,芝本鎮彰,M010
R070306A,9,藤森誠,M015
R070306A,10,川端宏明,M006
R070306A,11,島津明香,M011
R070306A,12,今竹大祐,M003
R070306A,13,迫川高行,M009
R070306A,14,春増勝利,M014
R070306A,15,森秀樹,M017
R070306A,16,大西由紀,M005
R070306A,17,横田英樹,M019
R070306A,18,鈴木利信,M012
R070306A,19,北野誠一郎,M007
R070307A,1,松野優也,M016
R070307A,2,山田光昭,M018
R070307A,3,入江啓太,M002
R070307A,4,岩見明,M004
R070307A,5,坂本まり,M008
R070307A,6,石崎徹,M001
R070307A,7,鷹尾治久,M013
R070307A,8,芝本鎮彰,M010
R070307A,9,藤森誠,M015
R070307A,10,川端宏明,M006
R070307A,11,島津明香,M011
R070307A,12,今竹大祐,M003
R070307A,13,迫川高行,M009
R070307A,14,春増勝利,M014
R070307A,15,森秀樹,M017
R070307A,16,大西由紀,M005
R070307A,17,横田英樹,M019
R070307A,18,鈴木利信,M012
R070307A,19,北野誠一郎,M007
R070310A,1,松野優也,M016
R070310A,2,山田光昭,M018
R070310A,3,入江啓太,M002
R070310A,4,岩見明,M004
R070310A,5,坂本まり,M008
R070310A,6,石崎徹,M001
R070310A,7,鷹尾治久,M013
R070310A,8,芝本鎮彰,M010
R070310A,9,藤森誠,M015
R070310A,10,川端宏明,M006
R070310A,11,島津明香,M011
R070310A,12,今竹大祐,M003
R070310A,13,迫川高行,M009
R070310A,14,春増勝利,M014
R070310A,15,森秀樹,M017
R070310A,16,大西由紀,M005
R070310A,17,横田英樹,M019
R070310A,18,鈴木利信,M012
R070310A,19,北野誠一郎,M007
R070311A,1,松野優也,M016
R070311A,2,山田光昭,M018
R070311A,3,入江啓太,M002
R070311A,4,岩見明,M004
R070311A,5,坂本まり,M008
R070311A,6,石崎徹,M001
R070311A,7,鷹尾治久,M013
R070311A,8,芝本鎮彰,M010
R070311A,9,藤森誠,M015
R070311A,10,川端宏明,M006
R070311A,11,島津明香,M011
R070311A,12,今竹大祐,M003
R070311A,13,迫川高行,M009
R070311A,14,春増勝利,M014
R070311A,15,森秀樹,M017
R070311A,16,大西由紀,M005
R070311A,17,横田英樹,M019
R070311A,18,鈴木利信,M012
R070311A,19,北野誠一郎,M007
R070312A,1,松野優也,M016
R070312A,2,山田光昭,M018
R070312A,3,入江啓太,M002
R070312A,4,岩見明,M004
R070312A,5,坂本まり,M008
R070312A,6,石崎徹,M001
R070312A,7,鷹尾治久,M013
R070312A,8,芝本鎮彰,M010
R070312A,9,藤森誠,M015
R070312A,10,川端宏明,M006
R070312A,11,島津明香,M011
R070312A,12,今竹大祐,M003
R070312A,13,迫川高行,M009
R070312A,14,春増勝利,M014
R070312A,15,森秀樹,M017
R070312A,16,大西由紀,M005
R070312A,17,横田英樹,M019
R070312A,18,鈴木利信,M012
R070312A,19,北野誠一郎,M007
R070313A,1,松野優也,M016
R070313A,2,山田光昭,M018
R070313A,3,入江啓太,M002
R070313A,4,岩見明,M004
R070313A,5,坂本まり,M008
R070313A,6,石崎徹,M001
R070313A,7,鷹尾治久,M013
R070313A,8,芝本鎮彰,M010
R070313A,9,藤森誠,M015
R070313A,10,川端宏明,M006
R070313A,11,島津明香,M011
R070313A,12,今竹大祐,M003
R070313A,13,迫川高行,M009
R070313A,14,春増勝利,M014
R070313A,15,森秀樹,M017
R070313A,16,大西由紀,M005
R070313A,17,横田英樹,M019
R070313A,18,鈴木利信,M012
R070313A,19,北野誠一郎,M007
R070314A,1,松野優也,M016
R070314A,2,山田光昭,M018
R070314A,3,入江啓太,M002
R070314A,4,岩見明,M004
R070314A,5,坂本まり,M008
R070314A,6,石崎徹,M001
R070314A,7,鷹尾治久,M013
R070314A,8,芝本鎮彰,M010
R070314A,9,藤森誠,M015
R070314A,10,川端宏明,M006
R070314A,11,島津明香,M011
R070314A,12,今竹大祐,M003
R070314A,13,迫川高行,M009
R070314A,14,春増勝利,M014
R070314A,15,森秀樹,M017
R070314A,16,大西由紀,M005
R070314A,17,横田英樹,M019
R070314A,18,鈴木利信,M012
R070314A,19,北野誠一郎,M007
R070317A,1,松野優也,M016
R070317A,2,山田光昭,M018
R070317A,3,入江啓太,M002
R070317A,4,岩見明,M004
R070317A,5,坂本まり,M008
R070317A,6,石崎徹,M001
R070317A,7,鷹尾治久,M013
R070317A,8,芝本鎮彰,M010
R070317A,9,藤森誠,M015
R070317A,10,川端宏明,M006
R070317A,11,島津明香,M011
R070317A,12,今竹大祐,M003
R070317A,13,迫川高行,M009
R070317A,14,春増勝利,M014
R070317A,15,森秀樹,M017
R070317A,16,大西由紀,M005
R070317A,17,横田英樹,M019
R070317A,18,鈴木利信,M012
R070317A,19,北野誠一郎,M007
R070318A,1,松野優也,M016
R070318A,2,山田光昭,M018
R070318A,3,入江啓太,M002
R070318A,4,岩見明,M004
R070318A,5,坂本まり,M008
R070318A,6,石崎徹,M001
R070318A,7,鷹尾治久,M013
R070318A,8,芝本鎮彰,M010
R070318A,9,藤森誠,M015
R070318A,10,川端宏明,M006
R070318A,11,島津明香,M011
R070318A,12,今竹大祐,M003
R070318A,13,迫川高行,M009
R070318A,14,春増勝利,M014
R070318A,15,森秀樹,M017
R070318A,16,大西由紀,M005
R070318A,17,横田英樹,M019
R070318A,18,鈴木利信,M012
R070318A,19,北野誠一郎,M007
R070327A,1,松野優也,M016
R070327A,2,山田光昭,M018
R070327A,3,入江啓太,M002
R070327A,4,岩見明,M004
R070327A,5,坂本まり,M008
R070327A,6,石崎徹,M001
R070327A,7,鷹尾治久,M013
R070327A,8,芝本鎮彰,M010
R070327A,9,藤森誠,M015
R070327A,10,川端宏明,M006
R070327A,11,島津明香,M011
R070327A,12,今竹大祐,M003
R070327A,13,迫川高行,M009
R070327A,14,春増勝利,M014
R070327A,15,森秀樹,M017
R070327A,16,大西由紀,M005
R070327A,17,横田英樹,M019
R070327A,18,鈴木利信,M012
R070327A,19,北野誠一郎,M007
R070612A,1,松野優也,M016
R070612A,2,山田光昭,M018
R070612A,3,入江啓太,M002
R070612A,4,岩見明,M004
R070612A,5,坂本まり,M008
R070612A,6,石崎徹,M001
R070612A,7,鷹尾治久,M013
R070612A,8,芝本鎮彰,M010
R070612A,9,藤森誠,M015
R070612A,10,川端宏明,M006
R070612A,11,島津明香,M011
R070612A,12,今竹大祐,M003
R070612A,13,迫川高行,M009
R070612A,14,春増勝利,M014
R070612A,15,森秀樹,M017
R070612A,16,大西由紀,M005
R070612A,17,横田英樹,M019
R070612A,18,鈴木利信,M012
R070612A,19,北野誠一郎,M007
R070613A,1,松野優也,M016
R070613A,2,山田光昭,M018
R070613A,3,入江啓太,M002
R070613A,4,岩見明,M004
R070613A,5,坂本まり,M008
R070613A,6,石崎徹,M001
R070613A,7,鷹尾治久,M013
R070613A,8,芝本鎮彰,M010
R070613A,9,藤森誠,M015
R070613A,10,川端宏明,M006
R070613A,11,島津明香,M011
R070613A,12,今竹大祐,M003
R070613A,13,迫川高行,M009
R070613A,14,春増勝利,M014
R070613A,15,森秀樹,M017
R070613A,16,大西由紀,M005
R070613A,17,横田英樹,M019
R070613A,18,鈴木利信,M012
R070613A,19,北野誠一郎,M007
R070616A,1,松野優也,M016
R070616A,2,山田光昭,M018
R070616A,3,入江啓太,M002
R070616A,4,岩見明,M004
R070616A,5,坂本まり,M008
R070616A,6,石崎徹,M001
R070616A,7,鷹尾治久,M013
R070616A,8,芝本鎮彰,M010
R070616A,9,藤森誠,M015
R070616A,10,川端宏明,M006
R070616A,11,島津明香,M011
R070616A,12,今竹大祐,M003
R070616A,13,迫川高行,M009
R070616A,14,春増勝利,M014
R070616A,15,森秀樹,M017
R070616A,16,大西由紀,M005
R070616A,17,横田英樹,M019
R070616A,18,鈴木利信,M012
R070616A,19,北野誠一郎,M007
R070618A,1,松野優也,M016
R070618A,2,山田光昭,M018
R070618A,3,入江啓太,M002
R070618A,4,岩見明,M004
R070618A,5,坂本まり,M008
R070618A,6,石崎徹,M001
R070618A,7,鷹尾治久,M013
R070618A,8,芝本鎮彰,M010
R070618A,9,藤森誠,M015
R070618A,10,川端宏明,M006
R070618A,11,島津明香,M011
R070618A,12,今竹大祐,M003
R070618A,13,迫川高行,M009
R070618A,14,春増勝利,M014
R070618A,15,森秀樹,M017
R070618A,16,大西由紀,M005
R070618A,17,横田英樹,M019
R070618A,18,鈴木利信,M012
R070618A,19,北野誠一郎,M007
R070619A,1,松野優也,M016
R070619A,2,山田光昭,M018
R070619A,3,入江啓太,M002
R070619A,4,岩見明,M004
R070619A,5,坂本まり,M008
R070619A,6,石崎徹,M001
R070619A,7,鷹尾治久,M013
R070619A,8,芝本鎮彰,M010
R070619A,9,藤森誠,M015
R070619A,10,川端宏明,M006
R070619A,11,島津明香,M011
R070619A,12,今竹大祐,M003
R070619A,13,迫川高行,M009
R070619A,14,春増勝利,M014
R070619A,15,森秀樹,M017
R070619A,16,大西由紀,M005
R070619A,17,横田英樹,M019
R070619A,18,鈴木利信,M012
R070619A,19,北野誠一郎,M007
R070625A,1,松野優也,M016
R070625A,2,山田光昭,M018
R070625A,3,入江啓太,M002
R070625A,4,岩見明,M004
R070625A,5,坂本まり,M008
R070625A,6,石崎徹,M001
R070625A,7,鷹尾治久,M013
R070625A,8,芝本鎮彰,M010
R070625A,9,藤森誠,M015
R070625A,10,川端宏明,M006
R070625A,11,島津明香,M011
R070625A,12,今竹大祐,M003
R070625A,13,迫川高行,M009
R070625A,14,春増勝利,M014
R070625A,15,森秀樹,M017
R070625A,16,大西由紀,M005
R070625A,17,横田英樹,M019
R070625A,18,鈴木利信,M012
R070625A,19,北野誠一郎,M007
R070717A,1,松野優也,M016
R070717A,2,山田光昭,M018
R070717A,3,入江啓太,M002
R070717A,4,岩見明,M004
R070717A,5,坂本まり,M008
R070717A,6,石崎徹,M001
R070717A,7,鷹尾治久,M013
R070717A,8,芝本鎮彰,M010
R070717A,9,藤森誠,M015
R070717A,10,川端宏明,M006
R070717A,11,島津明香,M011
R070717A,12,今竹大祐,M003
R070717A,13,迫川高行,M009
R070717A,14,春増勝利,M014
R070717A,15,森秀樹,M017
R070717A,16,大西由紀,M005
R070717A,17,横田英樹,M019
R070717A,18,鈴木利信,M012
R070717A,19,北野誠一郎,M007
R070909A,1,松野優也,M016
R070909A,2,山田光昭,M018
R070909A,3,入江啓太,M002
R070909A,4,岩見明,M004
R070909A,5,坂本まり,M008
R070909A,6,石崎徹,M001
R070909A,7,鷹尾治久,M013
R070909A,8,芝本鎮彰,M010
R070909A,9,藤森誠,M015
R070909A,10,川端宏明,M006
R070909A,11,島津明香,M011
R070909A,12,今竹大祐,M003
R070909A,13,迫川高行,M009
R070909A,14,春増勝利,M014
R070909A,15,森秀樹,M017
R070909A,16,大西由紀,M005
R070909A,17,横田英樹,M019
R070909A,18,鈴木利信,M012
R070909A,19,北野誠一郎,M007
R070910A,2,山田光昭,M018
R070910A,3,入江啓太,M002
R070910A,4,岩見明,M004
R070910A,5,大西由紀,M005
R070910A,6,横田英樹,M019
R070910A,7,鈴木利信,M012
R070910A,8,北野誠一郎,M007
R070910A,9,藤森誠,M015
R070910A,10,川端宏明,M006
R070910A,11,島津明香,M011
R070910A,12,今竹大祐,M003
R070910A,13,迫川高行,M009
R070910A,14,春増勝利,M014
R070910A,15,森秀樹,M017
R070910A,16,坂本まり,M008
R070910A,17,石崎徹,M001
R070910A,18,鷹尾治久,M013
R070910A,19,芝本鎮彰,M010
R070911A,1,松野優也,M016
R070911A,2,山田光昭,M018
R070911A,3,入江啓太,M002
R070911A,4,岩見明,M004
R070911A,5,大西由紀,M005
R070911A,6,横田英樹,M019
R070911A,7,鈴木利信,M012
R070911A,8,北野誠一郎,M007
R070911A,9,藤森誠,M015
R070911A,10,川端宏明,M006
R070911A,11,島津明香,M011
R070911A,12,今竹大祐,M003
R070911A,13,迫川高行,M009
R070911A,14,春増勝利,M014
R070911A,15,森秀樹,M017
R070911A,16,坂本まり,M008
R070911A,17,石崎徹,M001
R070911A,18,鷹尾治久,M013
R070911A,19,芝本鎮彰,M010
R070912A,1,松野優也,M016
R070912A,2,山田光昭,M018
R070912A,3,入江啓太,M002
R070912A,4,岩見明,M004
R070912A,5,大西由紀,M005
R070912A,6,横田英樹,M019
R070912A,7,鈴木利信,M012
R070912A,8,北野誠一郎,M007
R070912A,9,藤森誠,M015
R070912A,10,川端宏明,M006
R070912A,11,島津明香,M011
R070912A,12,今竹大祐,M003
R070912A,13,迫川高行,M009
R070912A,14,春増勝利,M014
R070912A,15,森秀樹,M017
R070912A,16,坂本まり,M008
R070912A,17,石崎徹,M001
R070912A,18,鷹尾治久,M013
R070912A,19,芝本鎮彰,M010
R070917A,1,松野優也,M016
R070917A,2,山田光昭,M018
R070917A,3,入江啓太,M002
R070917A,4,岩見明,M004
R070917A,5,大西由紀,M005
R070917A,6,横田英樹,M019
R070917A,7,鈴木利信,M012
R070917A,8,北野誠一郎,M007
R070917A,9,藤森誠,M015
R070917A,10,川端宏明,M006
R070917A,11,島津明香,M011
R070917A,12,今竹大祐,M003
R070917A,13,迫川高行,M009
R070917A,14,春増勝利,M014
R070917A,15,森秀樹,M017
R070917A,16,坂本まり,M008
R070917A,17,石崎徹,M001
R070917A,18,鷹尾治久,M013
R070917A,19,芝本鎮彰,M010
R070918A,1,松野優也,M016
R070918A,2,山田光昭,M018
R070918A,3,入江啓太,M002
R070918A,4,岩見明,M004
R070918A,5,大西由紀,M005
R070918A,6,横田英樹,M019
R070918A,7,鈴木利信,M012
R070918A,8,北野誠一郎,M007
R070918A,9,藤森誠,M015
R070918A,10,川端宏明,M006
R070918A,11,島津明香,M011
R070918A,12,今竹大祐,M003
R070918A,13,迫川高行,M009
R070918A,14,春増勝利,M014
R070918A,15,森秀樹,M017
R070918A,16,坂本まり,M008
R070918A,17,石崎徹,M001
R070918A,18,鷹尾治久,M013
R070918A,19,芝本鎮彰,M010
R070926A,1,松野優也,M016
R070926A,2,山田光昭,M018
R070926A,3,入江啓太,M002
R070926A,4,岩見明,M004
R070926A,5,大西由紀,M005
R070926A,6,横田英樹,M019
R070926A,7,鈴木利信,M012
R070926A,8,北野誠一郎,M007
R070926A,9,藤森誠,M015
R070926A,10,川端宏明,M006
R070926A,11,島津明香,M011
R070926A,12,今竹大祐,M003
R070926A,13,迫川高行,M009
R070926A,14,春増勝利,M014
R070926A,15,森秀樹,M017
R070926A,16,坂本まり,M008
R070926A,17,石崎徹,M001
R070926A,18,鷹尾治久,M013
R070926A,19,芝本鎮彰,M010
R071205A,1,松野優也,M016
R071205A,2,山田光昭,M018
R071205A,3,入江啓太,M002
R071205A,4,岩見明,M004
R071205A,5,大西由紀,M005
R071205A,6,横田英樹,M019
R071205A,7,鈴木利信,M012
R071205A,8,北野誠一郎,M007
R071205A,9,藤森誠,M015
R071205A,10,川端宏明,M006
R071205A,11,島津明香,M011
R071205A,12,今竹大祐,M003
R071205A,13,迫川高行,M009
R071205A,14,春増勝利,M014
R071205A,15,森秀樹,M017
R071205A,16,坂本まり,M008
R071205A,17,石崎徹,M001
R071205A,18,鷹尾治久,M013
R071205A,19,芝本鎮彰,M010
R071208A,1,松野優也,M016
R071208A,2,山田光昭,M018
R071208A,3,入江啓太,M002
R071208A,4,岩見明,M004
R071208A,5,大西由紀,M005
R071208A,6,横田英樹,M019
R071208A,7,鈴木利信,M012
R071208A,8,北野誠一郎,M007
R071208A,9,藤森誠,M015
R071208A,10,川端宏明,M006
R071208A,11,島津明香,M011
R071208A,12,今竹大祐,M003
R071208A,13,迫川高行,M009
R071208A,14,春増勝利,M014
R071208A,15,森秀樹,M017
R071208A,16,坂本まり,M008
R071208A,17,石崎徹,M001
R071208A,18,鷹尾治久,M013
R071208A,19,芝本鎮彰,M010
R071209A,1,松野優也,M016
R071209A,2,山田光昭,M018
R071209A,3,入江啓太,M002
R071209A,4,岩見明,M004
R071209A,5,大西由紀,M005
R071209A,6,横田英樹,M019
R071209A,7,鈴木利信,M012
R071209A,8,北野誠一郎,M007
R071209A,9,藤森誠,M015
R071209A,10,川端宏明,M006
R071209A,11,島津明香,M011
R071209A,12,今竹大祐,M003
R071209A,13,迫川高行,M009
R071209A,14,春増勝利,M014
R071209A,15,森秀樹,M017
R071209A,16,坂本まり,M008
R071209A,17,石崎徹,M001
R071209A,18,鷹尾治久,M013
R071209A,19,芝本鎮彰,M010
R071210A,1,松野優也,M016
R071210A,2,山田光昭,M018
R071210A,3,入江啓太,M002
R071210A,4,岩見明,M004
R071210A,5,大西由紀,M005
R071210A,6,横田英樹,M019
R071210A,7,鈴木利信,M012
R071210A,8,北野誠一郎,M007
R071210A,9,藤森誠,M015
R071210A,10,川端宏明,M006
R071210A,11,島津明香,M011
R071210A,12,今竹大祐,M003
R071210A,13,迫川高行,M009
R071210A,14,春増勝利,M014
R071210A,15,森秀樹,M017
R071210A,16,坂本まり,M008
R071210A,17,石崎徹,M001
R071210A,18,鷹尾治久,M013
R071210A,19,芝本鎮彰,M010
R071211A,1,松野優也,M016
R071211A,2,山田光昭,M018
R071211A,3,入江啓太,M002
R071211A,4,岩見明,M004
R071211A,5,大西由紀,M005
R071211A,6,横田英樹,M019
R071211A,7,鈴木利信,M012
R071211A,8,北野誠一郎,M007
R071211A,9,藤森誠,M015
R071211A,10,川端宏明,M006
R071211A,11,島津明香,M011
R071211A,12,今竹大祐,M003
R071211A,13,迫川高行,M009
R071211A,14,春増勝利,M014
R071211A,15,森秀樹,M017
R071211A,16,坂本まり,M008
R071211A,17,石崎徹,M001
R071211A,18,鷹尾治久,M013
R071211A,19,芝本鎮彰,M010
R071212A,1,松野優也,M016
R071212A,2,山田光昭,M018
R071212A,3,入江啓太,M002
R071212A,4,岩見明,M004
R071212A,5,大西由紀,M005
R071212A,6,横田英樹,M019
R071212A,7,鈴木利信,M012
R071212A,8,北野誠一郎,M007
R071212A,9,藤森誠,M015
R071212A,10,川端宏明,M006
R071212A,11,島津明香,M011
R071212A,12,今竹大祐,M003
R071212A,13,迫川高行,M009
R071212A,14,春増勝利,M014
R071212A,15,森秀樹,M017
R071212A,16,坂本まり,M008
R071212A,17,石崎徹,M001
R071212A,18,鷹尾治久,M013
R071212A,19,芝本鎮彰,M010
R071218A,1,松野優也,M016
R071218A,2,山田光昭,M018
R071218A,3,入江啓太,M002
R071218A,4,岩見明,M004
R071218A,5,大西由紀,M005
R071218A,6,横田英樹,M019
R071218A,7,鈴木利信,M012
R071218A,8,北野誠一郎,M007
R071218A,9,藤森誠,M015
R071218A,10,川端宏明,M006
R071218A,11,島津明香,M011
R071218A,12,今竹大祐,M003
R071218A,13,迫川高行,M009
R071218A,14,春増勝利,M014
R071218A,15,森秀樹,M017
R071218A,16,坂本まり,M008
R071218A,17,石崎徹,M001
R071218A,18,鷹尾治久,M013
R071218A,19,芝本鎮彰,M010
R071219A,1,松野優也,M016
R071219A,2,山田光昭,M018
R071219A,3,入江啓太,M002
R071219A,4,岩見明,M004
R071219A,5,大西由紀,M005
R071219A,6,横田英樹,M019
R071219A,7,鈴木利信,M012
R071219A,8,北野誠一郎,M007
R071219A,9,藤森誠,M015
R071219A,10,川端宏明,M006
R071219A,11,島津明香,M011
R071219A,12,今竹大祐,M003
R071219A,13,迫川高行,M009
R071219A,14,春増勝利,M014
R071219A,15,森秀樹,M017
R071219A,16,坂本まり,M008
R071219A,17,石崎徹,M001
R071219A,18,鷹尾治久,M013
R071219A,19,芝本鎮彰,M010
R071222A,1,松野優也,M016
R071222A,2,山田光昭,M018
R071222A,3,入江啓太,M002
R071222A,4,岩見明,M004
R071222A,5,大西由紀,M005
R071222A,6,横田英樹,M019
R071222A,7,鈴木利信,M012
R071222A,8,北野誠一郎,M007
R071222A,9,藤森誠,M015
R071222A,10,川端宏明,M006
R071222A,11,島津明香,M011
R071222A,12,今竹大祐,M003
R071222A,13,迫川高行,M009
R071222A,14,春増勝利,M014
R071222A,15,森秀樹,M017
R071222A,16,坂本まり,M008
R071222A,17,石崎徹,M001
R071222A,18,鷹尾治久,M013
R071222A,19,芝本鎮彰,M010
R080116A,1,松野優也,M016
R080116A,2,山田光昭,M018
R080116A,3,入江啓太,M002
R080116A,4,岩見明,M004
R080116A,5,大西由紀,M005
R080116A,6,横田英樹,M019
R080116A,7,鈴木利信,M012
R080116A,8,北野誠一郎,M007
R080116A,9,藤森誠,M015
R080116A,10,川端宏明,M006
R080116A,11,島津明香,M011
R080116A,12,今竹大祐,M003
R080116A,13,迫川高行,M009
R080116A,14,春増勝利,M014
R080116A,15,森秀樹,M017
R080116A,16,坂本まり,M008
R080116A,17,石崎徹,M001
R080116A,18,鷹尾治久,M013
R080116A,19,芝本鎮彰,M010
R080224A,1,松野優也,M016
R080224A,2,山田光昭,M018
R080224A,3,入江啓太,M002
R080224A,4,岩見明,M004
R080224A,5,大西由紀,M005
R080224A,6,横田英樹,M019
R080224A,7,鈴木利信,M012
R080224A,8,北野誠一郎,M007
R080224A,9,藤森誠,M015
R080224A,10,川端宏明,M006
R080224A,11,島津明香,M011
R080224A,12,今竹大祐,M003
R080224A,13,迫川高行,M009
R080224A,14,春増勝利,M014
R080224A,15,森秀樹,M017
R080224A,16,坂本まり,M008
R080224A,17,石崎徹,M001
R080224A,18,鷹尾治久,M013
R080224A,19,芝本鎮彰,M010
R080225A,1,松野優也,M016
R080225A,2,山田光昭,M018
R080225A,3,入江啓太,M002
R080225A,4,岩見明,M004
R080225A,5,大西由紀,M005
R080225A,6,横田英樹,M019
R080225A,7,鈴木利信,M012
R080225A,8,北野誠一郎,M007
R080225A,9,藤森誠,M015
R080225A,10,川端宏明,M006
R080225A,11,島津明香,M011
R080225A,12,今竹大祐,M003
R080225A,13,迫川高行,M009
R080225A,14,春増勝利,M014
R080225A,15,森秀樹,M017
R080225A,16,坂本まり,M008
R080225A,17,石崎徹,M001
R080225A,18,鷹尾治久,M013
R080225A,19,芝本鎮彰,M010
R080226A,1,松野優也,M016
R080226A,2,山田光昭,M018
R080226A,3,入江啓太,M002
R080226A,4,岩見明,M004
R080226A,5,大西由紀,M005
R080226A,6,横田英樹,M019
R080226A,7,鈴木利信,M012
R080226A,8,北野誠一郎,M007
R080226A,9,藤森誠,M015
R080226A,10,川端宏明,M006
R080226A,11,島津明香,M011
R080226A,12,今竹大祐,M003
R080226A,13,迫川高行,M009
R080226A,14,春増勝利,M014
R080226A,15,森秀樹,M017
R080226A,16,坂本まり,M008
R080226A,17,石崎徹,M001
R080226A,18,鷹尾治久,M013
R080226A,19,芝本鎮彰,M010
R080303A,1,松野優也,M016
R080303A,2,山田光昭,M018
R080303A,3,入江啓太,M002
R080303A,4,岩見明,M004
R080303A,5,大西由紀,M005
R080303A,6,横田英樹,M019
R080303A,7,鈴木利信,M012
R080303A,8,北野誠一郎,M007
R080303A,9,藤森誠,M015
R080303A,10,川端宏明,M006
R080303A,11,島津明香,M011
R080303A,12,今竹大祐,M003
R080303A,13,迫川高行,M009
R080303A,14,春増勝利,M014
R080303A,15,森秀樹,M017
R080303A,16,坂本まり,M008
R080303A,17,石崎徹,M001
R080303A,18,鷹尾治久,M013
R080303A,19,芝本鎮彰,M010
R080304A,1,松野優也,M016
R080304A,2,山田光昭,M018
R080304A,3,入江啓太,M002
R080304A,4,岩見明,M004
R080304A,5,大西由紀,M005
R080304A,6,横田英樹,M019
R080304A,7,鈴木利信,M012
R080304A,8,北野誠一郎,M007
R080304A,9,藤森誠,M015
R080304A,10,川端宏明,M006
R080304A,11,島津明香,M011
R080304A,12,今竹大祐,M003
R080304A,13,迫川高行,M009
R080304A,14,春増勝利,M014
R080304A,15,森秀樹,M017
R080304A,16,坂本まり,M008
R080304A,17,石崎徹,M001
R080304A,18,鷹尾治久,M013
R080304A,19,芝本鎮彰,M010
R080305A,1,松野優也,M016
R080305A,2,山田光昭,M018
R080305A,3,入江啓太,M002
R080305A,4,岩見明,M004
R080305A,5,大西由紀,M005
R080305A,6,横田英樹,M019
R080305A,7,鈴木利信,M012
R080305A,8,北野誠一郎,M007
R080305A,9,藤森誠,M015
R080305A,10,川端宏明,M006
R080305A,11,島津明香,M011
R080305A,12,今竹大祐,M003
R080305A,13,迫川高行,M009
R080305A,14,春増勝利,M014
R080305A,15,森秀樹,M017
R080305A,16,坂本まり,M008
R080305A,17,石崎徹,M001
R080305A,18,鷹尾治久,M013
R080305A,19,芝本鎮彰,M010
R080306A,1,松野優也,M016
R080306A,2,山田光昭,M018
R080306A,3,入江啓太,M002
R080306A,4,岩見明,M004
R080306A,5,大西由紀,M005
R080306A,6,横田英樹,M019
R080306A,7,鈴木利信,M012
R080306A,8,北野誠一郎,M007
R080306A,9,藤森誠,M015
R080306A,10,川端宏明,M006
R080306A,11,島津明香,M011
R080306A,12,今竹大祐,M003
R080306A,13,迫川高行,M009
R080306A,14,春増勝利,M014
R080306A,15,森秀樹,M017
R080306A,16,坂本まり,M008
R080306A,17,石崎徹,M001
R080306A,18,鷹尾治久,M013
R080306A,19,芝本鎮彰,M010
R080309A,1,松野優也,M016
R080309A,2,山田光昭,M018
R080309A,3,入江啓太,M002
R080309A,4,岩見明,M004
R080309A,5,大西由紀,M005
R080309A,6,横田英樹,M019
R080309A,7,鈴木利信,M012
R080309A,8,北野誠一郎,M007
R080309A,9,藤森誠,M015
R080309A,10,川端宏明,M006
R080309A,11,島津明香,M011
R080309A,12,今竹大祐,M003
R080309A,13,迫川高行,M009
R080309A,14,春増勝利,M014
R080309A,15,森秀樹,M017
R080309A,16,坂本まり,M008
R080309A,17,石崎徹,M001
R080309A,18,鷹尾治久,M013
R080309A,19,芝本鎮彰,M010
R080310A,1,松野優也,M016
R080310A,2,山田光昭,M018
R080310A,3,入江啓太,M002
R080310A,4,岩見明,M004
R080310A,5,大西由紀,M005
R080310A,6,横田英樹,M019
R080310A,7,鈴木利信,M012
R080310A,8,北野誠一郎,M007
R080310A,9,藤森誠,M015
R080310A,10,川端宏明,M006
R080310A,11,島津明香,M011
R080310A,12,今竹大祐,M003
R080310A,13,迫川高行,M009
R080310A,14,春増勝利,M014
R080310A,15,森秀樹,M017
R080310A,16,坂本まり,M008
R080310A,17,石崎徹,M001
R080310A,18,鷹尾治久,M013
R080310A,19,芝本鎮彰,M010
R080311A,1,松野優也,M016
R080311A,2,山田光昭,M018
R080311A,3,入江啓太,M002
R080311A,4,岩見明,M004
R080311A,5,大西由紀,M005
R080311A,6,横田英樹,M019
R080311A,7,鈴木利信,M012
R080311A,8,北野誠一郎,M007
R080311A,9,藤森誠,M015
R080311A,10,川端宏明,M006
R080311A,11,島津明香,M011
R080311A,12,今竹大祐,M003
R080311A,13,迫川高行,M009
R080311A,14,春増勝利,M014
R080311A,15,森秀樹,M017
R080311A,16,坂本まり,M008
R080311A,17,石崎徹,M001
R080311A,18,鷹尾治久,M013
R080311A,19,芝本鎮彰,M010
R080312A,1,松野優也,M016
R080312A,2,山田光昭,M018
R080312A,3,入江啓太,M002
R080312A,4,岩見明,M004
R080312A,5,大西由紀,M005
R080312A,6,横田英樹,M019
R080312A,7,鈴木利信,M012
R080312A,8,北野誠一郎,M007
R080312A,9,藤森誠,M015
R080312A,10,川端宏明,M006
R080312A,11,島津明香,M011
R080312A,12,今竹大祐,M003
R080312A,13,迫川高行,M009
R080312A,14,春増勝利,M014
R080312A,15,森秀樹,M017
R080312A,16,坂本まり,M008
R080312A,17,石崎徹,M001
R080312A,18,鷹尾治久,M013
R080312A,19,芝本鎮彰,M010
R080313A,1,松野優也,M016
R080313A,2,山田光昭,M018
R080313A,3,入江啓太,M002
R080313A,4,岩見明,M004
R080313A,5,大西由紀,M005
R080313A,6,横田英樹,M019
R080313A,7,鈴木利信,M012
R080313A,8,北野誠一郎,M007
R080313A,9,藤森誠,M015
R080313A,10,川端宏明,M006
R080313A,11,島津明香,M011
R080313A,12,今竹大祐,M003
R080313A,13,迫川高行,M009
R080313A,14,春増勝利,M014
R080313A,15,森秀樹,M017
R080313A,16,坂本まり,M008
R080313A,17,石崎徹,M001
R080313A,18,鷹尾治久,M013
R080313A,19,芝本鎮彰,M010
R080316A,1,松野優也,M016
R080316A,2,山田光昭,M018
R080316A,3,入江啓太,M002
R080316A,4,岩見明,M004
R080316A,5,大西由紀,M005
R080316A,6,横田英樹,M019
R080316A,7,鈴木利信,M012
R080316A,8,北野誠一郎,M007
R080316A,9,藤森誠,M015
R080316A,10,川端宏明,M006
R080316A,11,島津明香,M011
R080316A,12,今竹大祐,M003
R080316A,13,迫川高行,M009
R080316A,14,春増勝利,M014
R080316A,15,森秀樹,M017
R080316A,16,坂本まり,M008
R080316A,17,石崎徹,M001
R080316A,18,鷹尾治久,M013
R080316A,19,芝本鎮彰,M010
R080317A,1,松野優也,M016
R080317A,2,山田光昭,M018
R080317A,3,入江啓太,M002
R080317A,4,岩見明,M004
R080317A,5,大西由紀,M005
R080317A,6,横田英樹,M019
R080317A,7,鈴木利信,M012
R080317A,8,北野誠一郎,M007
R080317A,9,藤森誠,M015
R080317A,10,川端宏明,M006
R080317A,11,島津明香,M011
R080317A,12,今竹大祐,M003
R080317A,13,迫川高行,M009
R080317A,14,春増勝利,M014
R080317A,15,森秀樹,M017
R080317A,16,坂本まり,M008
R080317A,17,石崎徹,M001
R080317A,18,鷹尾治久,M013
R080317A,19,芝本鎮彰,M010
R080326A,1,松野優也,M016
R080326A,2,山田光昭,M018
R080326A,3,入江啓太,M002
R080326A,4,岩見明,M004
R080326A,5,大西由紀,M005
R080326A,6,横田英樹,M019
R080326A,7,鈴木利信,M012
R080326A,8,北野誠一郎,M007
R080326A,9,藤森誠,M015
R080326A,10,川端宏明,M006
R080326A,11,島津明香,M011
R080326A,12,今竹大祐,M003
R080326A,13,迫川高行,M009
R080326A,14,春増勝利,M014
R080326A,15,森秀樹,M017
R080326A,16,坂本まり,M008
R080326A,17,石崎徹,M001
R080326A,18,鷹尾治久,M013
R080326A,19,芝本鎮彰,M010
R080519A,1,松野優也,M016
R080519A,2,山田光昭,M018
R080519A,3,入江啓太,M002
R080519A,4,岩見明,M004
R080519A,5,大西由紀,M005
R080519A,6,横田英樹,M019
R080519A,7,鈴木利信,M012
R080519A,8,北野誠一郎,M007
R080519A,9,藤森誠,M015
R080519A,10,川端宏明,M006
R080519A,11,島津明香,M011
R080519A,12,今竹大祐,M003
R080519A,13,迫川高行,M009
R080519A,14,春増勝利,M014
R080519A,15,森秀樹,M017
R080519A,16,坂本まり,M008
R080519A,17,石崎徹,M001
R080519A,18,鷹尾治久,M013
R080519A,19,芝本鎮彰,M010
R080520A,1,松野優也,M016
R080520A,2,山田光昭,M018
R080520A,3,入江啓太,M002
R080520A,4,岩見明,M004
R080520A,5,大西由紀,M005
R080520A,6,横田英樹,M019
R080520A,7,鈴木利信,M012
R080520A,8,北野誠一郎,M007
R080520A,9,藤森誠,M015
R080520A,10,川端宏明,M006
R080520A,11,島津明香,M011
R080520A,12,今竹大祐,M003
R080520A,13,迫川高行,M009
R080520A,14,春増勝利,M014
R080520A,15,森秀樹,M017
R080520A,16,坂本まり,M008
R080520A,17,石崎徹,M001
R080520A,18,鷹尾治久,M013
R080520A,19,芝本鎮彰,M010
R080609A,1,松野優也,M016
R080609A,2,山田光昭,M018
R080609A,3,入江啓太,M002
R080609A,4,岩見明,M004
R080609A,5,大西由紀,M005
R080609A,6,横田英樹,M019
R080609A,7,鈴木利信,M012
R080609A,8,北野誠一郎,M007
R080609A,9,藤森誠,M015
R080609A,10,川端宏明,M006
R080609A,11,島津明香,M011
R080609A,12,今竹大祐,M003
R080609A,13,迫川高行,M009
R080609A,14,春増勝利,M014
R080609A,15,森秀樹,M017
R080609A,16,坂本まり,M008
R080609A,17,石崎徹,M001
R080609A,18,鷹尾治久,M013
R080609A,19,芝本鎮彰,M010
R080610A,1,松野優也,M016
R080610A,2,山田光昭,M018
R080610A,3,入江啓太,M002
R080610A,4,岩見明,M004
R080610A,5,大西由紀,M005
R080610A,6,横田英樹,M019
R080610A,7,鈴木利信,M012
R080610A,8,北野誠一郎,M007
R080610A,9,藤森誠,M015
R080610A,10,川端宏明,M006
R080610A,11,島津明香,M011
R080610A,12,今竹大祐,M003
R080610A,13,迫川高行,M009
R080610A,14,春増勝利,M014
R080610A,15,森秀樹,M017
R080610A,16,坂本まり,M008
R080610A,17,石崎徹,M001
R080610A,18,鷹尾治久,M013
R080610A,19,芝本鎮彰,M010
R080615A,1,松野優也,M016
R080615A,2,山田光昭,M018
R080615A,3,入江啓太,M002
R080615A,4,岩見明,M004
R080615A,5,大西由紀,M005
R080615A,6,横田英樹,M019
R080615A,7,鈴木利信,M012
R080615A,8,北野誠一郎,M007
R080615A,9,藤森誠,M015
R080615A,10,川端宏明,M006
R080615A,11,島津明香,M011
R080615A,12,今竹大祐,M003
R080615A,13,迫川高行,M009
R080615A,14,春増勝利,M014
R080615A,15,森秀樹,M017
R080615A,16,坂本まり,M008
R080615A,17,石崎徹,M001
R080615A,18,鷹尾治久,M013
R080615A,19,芝本鎮彰,M010
R080616A,1,松野優也,M016
R080616A,2,山田光昭,M018
R080616A,3,入江啓太,M002
R080616A,4,岩見明,M004
R080616A,5,大西由紀,M005
R080616A,6,横田英樹,M019
R080616A,7,鈴木利信,M012
R080616A,8,北野誠一郎,M007
R080616A,9,藤森誠,M015
R080616A,10,川端宏明,M006
R080616A,11,島津明香,M011
R080616A,12,今竹大祐,M003
R080616A,13,迫川高行,M009
R080616A,14,春増勝利,M014
R080616A,15,森秀樹,M017
R080616A,16,坂本まり,M008
R080616A,17,石崎徹,M001
R080616A,18,鷹尾治久,M013
R080616A,19,芝本鎮彰,M010
R080622A,1,松野優也,M016
R080622A,2,山田光昭,M018
R080622A,3,入江啓太,M002
R080622A,4,岩見明,M004
R080622A,5,大西由紀,M005
R080622A,6,横田英樹,M019
R080622A,7,鈴木利信,M012
R080622A,8,北野誠一郎,M007
R080622A,9,藤森誠,M015
R080622A,10,川端宏明,M006
R080622A,11,島津明香,M011
R080622A,12,今竹大祐,M003
R080622A,13,迫川高行,M009
R080622A,14,春増勝利,M014
R080622A,15,森秀樹,M017
R080622A,16,坂本まり,M008
R080622A,17,石崎徹,M001
R080622A,18,鷹尾治久,M013
R080622A,19,芝本鎮彰,M010
