fileName,開催日,理由,詳細
R040930A,令和 4年 9月30日,質問の順番が連続していない(取りこぼしの疑い),"8,9,10,11,12,13"
R041212A,令和 4年12月12日,質問の順番が連続していない(取りこぼしの疑い),"9,10,11,12,13,14"
R050316A,令和 5年 3月16日,質問の順番が連続していない(取りこぼしの疑い),"8,9,10"
R050626A,令和 5年 6月26日,質問の順番が連続していない(取りこぼしの疑い),"9,10,11,12,13,14"
R050921A,令和 5年 9月21日,質問の順番が連続していない(取りこぼしの疑い),"9,10,11,12,13,14"
R051218A,令和 5年12月18日,質問の順番が連続していない(取りこぼしの疑い),"8,9,10,11,12,13"
R060308A,令和 6年 3月 8日,質問の順番が連続していない(取りこぼしの疑い),"9,10,11,12,13"
R060612A,令和 6年 6月12日,質問の順番が連続していない(取りこぼしの疑い),"8,9,10"
R060919A,令和 6年 9月19日,質問の順番が連続していない(取りこぼしの疑い),"9,10,11,12,13,14"
R061210A,令和 6年12月10日,質問の順番が連続していない(取りこぼしの疑い),"8,9,10,11,12,13"
R070318A,令和 7年 3月18日,質問の順番が連続していない(取りこぼしの疑い),"7,8,9"
R070619A,令和 7年 6月19日,質問の順番が連続していない(取りこぼしの疑い),"8,9,10,11,12"
R070918A,令和 7年 9月18日,質問の順番が連続していない(取りこぼしの疑い),"9,10,11,12,13,14"
R071212A,令和 7年12月12日,質問の順番が連続していない(取りこぼしの疑い),"9,10,11,12,13,14"
R080317A,令和 8年 3月17日,質問の順番が連続していない(取りこぼしの疑い),"7,8,9"
R080616A,令和 8年 6月16日,質問の順番が連続していない(取りこぼしの疑い),"9,10,11,12,13,14,15,16"
